"AGS_ID","Uniq_ident","Data_src","Rep_order","DH_name","Sample_nme","Smpl_int_t","Smpl_int_b","Sample_nte","Cert_date","Sample_dt","Lab_name","Prep_code","Prep_desc","L_dtct_lim","QAQC_desc","Methd_code","Methd_desc","Methd_dgsn","AcdIns_pct","Ag_ozt","Ag_pct","Ag_ppm","Al_Ka1_KeV","Al_OL_pct","Al_pct","Al_ppm","Al2O3_pct","As_pct","As_ppm","Au_g","Au_mg","Au_oz","Au_ozt","Au_pct","Au_ppm","Au_ug","B_ppm","Ba_La1_KeV","Ba_pct","Ba_ppm","BaO_pct","BaO_ppm","Be_ppm","Bi_pct","Bi_ppm","Br_ppm","C_pct","Ca_Ka1_KeV","Ca_Mg_KeV","Ca_OL_pct","Ca_pct","Ca_ppm","CaCO3_pct","CaKa1MgKa1","CaO_pct","Carnal_pct","CaSO4_pct","Cd_pct","Cd_ppm","Ce_pct","Ce_ppm","CeO2_ppm","Cl_pct","Cl_ppm","Co_pct","Co_ppm","Co3O4_pct","CoO_ppm","Cr_pct","Cr_ppm","Cr2O3_pct","Cs_ppm","Cu_pct","Cu_ppm","CuO_pct","CuO_ppm","Dy_pct","Dy_ppm","Dy2O3_ppm","Er_pct","Er_ppm","Er2O3_ppm","Eu_pct","Eu_ppm","Eu2O3_ppm","F_ppm","Fe_Ka1_KeV","Fe_OL_pct","Fe_pct","Fe_ppm","Fe2O3_pct","Ga_pct","Ga_ppm","Gd_pct","Gd_ppm","Gd2O3_ppm","Ge_ppm","Hf_pct","Hf_ppm","Hg_ppm","Ho_pct","Ho_ppm","Ho2O3_ppm","I_ppm","In_ppm","Insols_pct","Ir_ppm","K_Ka1_KeV","K_Mg_M_rat","K_pct","K_ppm","K2O_pct","K2O_ppm","KCl_Ca_pct","KCl_pct","KCl_Sy_pct","La_pct","La_ppm","La2O3_ppm","Li_ppm","LOI_pct","Lu_pct","Lu_ppm","Lu2O3_ppm","Mg_Ka1_KeV","Mg_pct","Mg_ppm","MgCl2_pct","MgCO3_pct","MgO_pct","MgOCaO_pct","Mn_Ka1_KeV","Mn_pct","Mn_ppm","MnO_pct","MnO_ppm","Mo_pct","Mo_ppm","Moistr_pct","MoO2_ppm","Na_pct","Na_ppm","Na2O_pct","Na2O_ppm","Nb_pct","Nb_ppm","Nd_pct","Nd_ppm","Nd2O3_ppm","Ni_pct","Ni_ppm","NiO_pct","NiO_ppm","Os_ppm","Oxides_pct","P_Ka1_KeV","P_pct","P_ppm","P2O5_pct","P2O5_ppm","Pb_pct","Pb_ppm","Pb204_ppm","Pb206_ppm","Pb207_ppm","Pb208_ppm","Pd_mg","Pd_ozt","Pd_pct","Pd_ppm","Pd_ug","Pr_pct","Pr_ppm","Pr6O11_ppm","Pt_mg","Pt_ozt","Pt_ppm","Pt_ug","Rb_pct","Rb_ppm","Rb2O_ppm","Re_ppm","Rh_mg","Rh_ozt","Rh_ppm","Ru_ppm","S_Ka1_KeV","S_pct","S_ppm","Sb_pct","Sb_ppm","Sc_pct","Sc_ppm","Se_pct","Se_ppm","Si_Ka1_KeV","Si_pct","Si_ppm","SiO2_pct","Sm_pct","Sm_ppm","Sm2O3_ppm","Sn_pct","Sn_ppm","SO3_pct","SO4_pct","SpcGrv_rat","Sr_pct","Sr_ppm","SrCO3_ppm","SrO_pct","SrO_ppm","Ta_ppm","Tb_pct","Tb_ppm","Tb4O7_ppm","Te_pct","Te_ppm","Th_pct","Th_ppm","Ti_pct","Ti_ppm","TiO2_pct","TiO2_ppm","Tl_ppm","Tm_pct","Tm_ppm","Tm2O3_ppm","U_pct","U_ppm","U3O8_ppm","V_pct","V_ppm","V2O5_pct","W_pct","W_ppm","Y_pct","Y_ppm","Y2O3_ppm","Yb_pct","Yb_ppm","Yb2O3_ppm","Zn_pct","Zn_ppm","ZnO_pct","ZnO_ppm","Zr_pct","Zr_ppm","ZrO2_pct","ZrO2_ppm","Compiler","Publisher"
"64813","MAR_20020002-00014-5739-ICP-2.0ppm-2001-11-29-Bondar-Clegg & Company Ltd.-N/A-N/A-","MAR_20020002","14","200134-006","5739","67.25","68.25","-9999","2001-11-29","2001-10-01","Bondar-Clegg & Company Ltd.","BOND-UNSP","Unspecified","2.0ppm","Submitted sample","ICP","-9999","-9999","-9999","-9999","-9999","-9999","-9999","-9999","-9999","-9999","-9999","-9999","-9999","-9999","-9999","-9999","-9999","-9999","-9999","-9999","-9999","-9999","-9999","-9999","-9999","-9999","-9999","-9999","-9999","-9999","-9999","-9999","-9999","-9999","-9999","-9999","-9999","-9999","-9999","-9999","-9999","-9999","-9999","-9999","-9999","-9999","-9999","-9999","-9999","-9999","-9999","-9999","-9999","82","-9999","-9999","-9999","-9999","-9999","-9999","-9999","-9999","-9999","-9999","-9999","-9999","-9999","-9999","-9999","-9999","-9999","-9999","-9999","-9999","-9999","-9999","-9999","-9999","-9999","-9999","-9999","-9999","-9999","-9999","-9999","-9999","-9999","-9999","-9999","-9999","-9999","-9999","-9999","-9999","-9999","-9999","-9999","-9999","-9999","-9999","-9999","-9999","-9999","54","-9999","-9999","-9999","-9999","-9999","-9999","-9999","-9999","-9999","-9999","-9999","-9999","-9999","-9999","-9999","-9999","-9999","-9999","-9999","-9999","-9999","-9999","-9999","-9999","-9999","-9999","-9999","-9999","-9999","-9999","-9999","-9999","-9999","-9999","-9999","-9999","-9999","-9999","-9999","-9999","-9999","5","-9999","-9999","-9999","-9999","-9999","-9999","-9999","-9999","-9999","-9999","-9999","-9999","-9999","-9999","-9999","-9999","-9999","-9999","-9999","-9999","-9999","-9999","-9999","-9999","-9999","-9999","-9999","-9999","-9999","-9999","-9999","-9999","-9999","-9999","-9999","-9999","-9999","-9999","-9999","-9999","-9999","-9999","-9999","-9999","-9999","-9999","-9999","-9999","-9999","-9999","-9999","-9999","-9999","-9999","-9999","-9999","-9999","-9999","-9999","-9999","-9999","-9999","-9999","-9999","-9999","-9999","-9999","-9999","-9999","-9999","114","-9999","-9999","-9999","-9999","-9999","-9999","-9999","-9999","-9999","-9999","81","-9999","-9999","-9999","-9999","-9999","-9999","Purple Rock Inc.","Alberta Geological Survey"
"64814","MAR_20020002-00014-5739-ICP-25.0ppm-2001-11-29-Bondar-Clegg & Company Ltd.-N/A-N/A-","MAR_20020002","14","200134-006","5739","67.25","68.25","-9999","2001-11-29","2001-10-01","Bondar-Clegg & Company Ltd.","BOND-UNSP","Unspecified","25.0ppm","Submitted sample","ICP","-9999","-9999","-9999","-9999","-9999","-9999","-9999","-9999","-9999","-9999","-9999","-9999","-9999","-9999","-9999","-9999","-9999","-9999","-9999","-9999","-9999","-9999","-9999","-9999","-9999","-9999","-9999","-9999","-9999","-9999","-9999","-9999","-9999","-9999","-9999","-9999","-9999","-9999","-9999","-9999","-9999","-9999","-9999","-9999","-9999","-9999","-9999","-9999","-9999","-9999","-9999","-9999","-9999","-9999","-9999","-9999","-9999","-9999","-9999","-9999","-9999","-9999","-9999","-9999","-9999","-9999","-9999","-9999","-9999","-9999","-9999","-9999","-9999","-9999","-9999","-9999","-9999","-9999","-9999","-9999","-9999","-9999","-9999","-9999","-9999","-9999","-9999","-9999","-9999","-9999","-9999","-9999","-9999","-9999","-9999","-9999","-9999","-9999","-9999","-9999","-9999","-9999","-9999","-9999","-9999","-9999","-9999","-9999","-9999","-9999","-9999","-9999","-9999","-9999","-9999","-9999","-9999","-9999","-9999","-9999","-9999","-9999","-9999","-9999","-9999","-9999","-9999","-9999","-9999","-9999","-9999","-9999","-9999","-9999","-9999","-9999","-9999","-9999","-9999","-9999","-9999","-9999","-9999","-9999","-9999","-9999","-9999","-9999","-9999","-9999","-9999","-9999","-9999","-9999","-9999","-9999","-9999","-9999","-9999","-9999","-9999","-9999","-9999","-9999","-9999","-9999","-9999","-9999","-9999","-9999","-9999","-9999","-9999","-9999","-9999","-9999","-9999","-9999","-9999","-9999","-9999","-9999","-9999","-9999","-9999","-9999","-9999","-9999","-9999","-9999","-9999","-9999","-9999","-9999","-9999","-9999","-9999","-9999","-9999","-9999","-9999","<25","-9999","-9999","-9999","-9999","-9999","-9999","-9999","-9999","-9999","-9999","-9999","-9999","-9999","-9999","-9999","-9999","-9999","-9999","-9999","-9999","-9999","-9999","-9999","-9999","-9999","-9999","-9999","-9999","-9999","-9999","-9999","-9999","Purple Rock Inc.","Alberta Geological Survey"
"64815","MAR_20020002-00014-5739-ICP-5.0ppm-2001-11-29-Bondar-Clegg & Company Ltd.-N/A-N/A-","MAR_20020002","14","200134-006","5739","67.25","68.25","-9999","2001-11-29","2001-10-01","Bondar-Clegg & Company Ltd.","BOND-UNSP","Unspecified","5.0ppm","Submitted sample","ICP","-9999","-9999","-9999","-9999","-9999","-9999","-9999","-9999","-9999","-9999","-9999","-9999","9","-9999","-9999","-9999","-9999","-9999","-9999","-9999","-9999","-9999","-9999","382","-9999","-9999","-9999","-9999","<5","-9999","-9999","-9999","-9999","-9999","-9999","-9999","-9999","-9999","-9999","-9999","-9999","-9999","-9999","-9999","-9999","-9999","-9999","-9999","-9999","-9999","-9999","-9999","-9999","-9999","-9999","-9999","-9999","-9999","-9999","-9999","-9999","-9999","-9999","-9999","-9999","-9999","-9999","-9999","-9999","-9999","-9999","-9999","-9999","-9999","-9999","-9999","-9999","-9999","-9999","-9999","-9999","-9999","-9999","-9999","-9999","-9999","-9999","-9999","-9999","-9999","-9999","-9999","-9999","-9999","-9999","-9999","-9999","-9999","-9999","-9999","-9999","33","-9999","-9999","-9999","-9999","-9999","-9999","-9999","-9999","-9999","-9999","-9999","-9999","-9999","-9999","-9999","213","-9999","-9999","-9999","-9999","-9999","-9999","-9999","-9999","-9999","-9999","-9999","16","-9999","-9999","-9999","-9999","-9999","-9999","-9999","-9999","-9999","-9999","-9999","-9999","-9999","-9999","-9999","-9999","-9999","-9999","-9999","-9999","-9999","-9999","-9999","-9999","-9999","-9999","-9999","-9999","-9999","-9999","-9999","-9999","-9999","-9999","-9999","-9999","-9999","-9999","-9999","-9999","-9999","-9999","-9999","-9999","<5","-9999","14","-9999","-9999","-9999","-9999","-9999","-9999","-9999","-9999","-9999","-9999","-9999","-9999","-9999","-9999","-9999","-9999","-9999","-9999","-9999","<5","-9999","-9999","-9999","-9999","-9999","-9999","-9999","-9999","-9999","-9999","-9999","-9999","-9999","-9999","-9999","-9999","-9999","-9999","-9999","-9999","-9999","-9999","-9999","-9999","23","-9999","-9999","-9999","-9999","-9999","-9999","-9999","-9999","-9999","103","-9999","-9999","Purple Rock Inc.","Alberta Geological Survey"
"64816","MAR_20020002-00014-5739-ICP-0.5ppm-2001-11-29-Bondar-Clegg & Company Ltd.-N/A-N/A-","MAR_20020002","14","200134-006","5739","67.25","68.25","-9999","2001-11-29","2001-10-01","Bondar-Clegg & Company Ltd.","BOND-UNSP","Unspecified","0.5ppm","Submitted sample","ICP","-9999","-9999","-9999","-9999","-9999","<0.5","-9999","-9999","-9999","-9999","-9999","-9999","-9999","-9999","-9999","-9999","-9999","-9999","-9999","-9999","-9999","-9999","-9999","-9999","-9999","-9999","-9999","-9999","-9999","-9999","-9999","-9999","-9999","-9999","-9999","-9999","-9999","-9999","-9999","-9999","-9999","-9999","-9999","-9999","-9999","-9999","-9999","-9999","-9999","-9999","-9999","-9999","-9999","-9999","-9999","-9999","-9999","-9999","-9999","-9999","-9999","-9999","-9999","-9999","-9999","-9999","-9999","-9999","-9999","-9999","-9999","-9999","-9999","-9999","-9999","-9999","-9999","-9999","-9999","-9999","-9999","-9999","-9999","-9999","-9999","-9999","-9999","-9999","-9999","-9999","-9999","-9999","-9999","-9999","-9999","-9999","-9999","-9999","-9999","-9999","-9999","-9999","-9999","-9999","-9999","-9999","-9999","-9999","-9999","-9999","-9999","-9999","-9999","-9999","-9999","-9999","-9999","-9999","-9999","-9999","-9999","-9999","-9999","-9999","-9999","-9999","-9999","-9999","-9999","-9999","-9999","-9999","-9999","-9999","-9999","-9999","-9999","-9999","-9999","-9999","-9999","-9999","-9999","-9999","-9999","-9999","-9999","-9999","-9999","-9999","-9999","-9999","-9999","-9999","-9999","-9999","-9999","-9999","-9999","-9999","-9999","-9999","-9999","-9999","-9999","-9999","-9999","-9999","-9999","-9999","-9999","-9999","-9999","-9999","-9999","-9999","-9999","-9999","-9999","-9999","-9999","-9999","-9999","-9999","-9999","-9999","-9999","-9999","-9999","-9999","-9999","-9999","-9999","-9999","-9999","-9999","-9999","-9999","-9999","-9999","-9999","-9999","-9999","-9999","-9999","-9999","-9999","-9999","-9999","-9999","-9999","-9999","-9999","-9999","-9999","-9999","-9999","-9999","-9999","-9999","-9999","-9999","-9999","-9999","-9999","-9999","-9999","-9999","-9999","-9999","-9999","-9999","-9999","-9999","Purple Rock Inc.","Alberta Geological Survey"
"64817","MAR_20020002-00014-5739-ICP-0.01pct-2001-11-29-Bondar-Clegg & Company Ltd.-N/A-N/A-","MAR_20020002","14","200134-006","5739","67.25","68.25","-9999","2001-11-29","2001-10-01","Bondar-Clegg & Company Ltd.","BOND-UNSP","Unspecified","0.01pct","Submitted sample","ICP","-9999","-9999","-9999","-9999","-9999","-9999","-9999","-9999","8.51","-9999","-9999","-9999","-9999","-9999","-9999","-9999","-9999","-9999","-9999","-9999","-9999","-9999","-9999","-9999","-9999","-9999","-9999","-9999","-9999","-9999","-9999","-9999","-9999","-9999","1.27","-9999","-9999","-9999","-9999","-9999","-9999","-9999","-9999","-9999","-9999","-9999","-9999","-9999","-9999","-9999","-9999","-9999","-9999","-9999","-9999","-9999","-9999","-9999","-9999","-9999","-9999","-9999","-9999","-9999","-9999","-9999","-9999","-9999","-9999","-9999","-9999","-9999","9.27","-9999","-9999","-9999","-9999","-9999","-9999","-9999","-9999","-9999","-9999","-9999","-9999","-9999","-9999","-9999","-9999","-9999","-9999","-9999","-9999","2.72","-9999","-9999","-9999","-9999","-9999","-9999","-9999","-9999","-9999","-9999","-9999","-9999","-9999","-9999","-9999","0.89","-9999","-9999","-9999","-9999","-9999","-9999","-9999","-9999","-9999","-9999","-9999","-9999","-9999","-9999","0.15","-9999","-9999","-9999","-9999","-9999","-9999","-9999","-9999","-9999","-9999","-9999","-9999","-9999","-9999","-9999","-9999","-9999","-9999","-9999","-9999","-9999","-9999","-9999","-9999","-9999","-9999","-9999","-9999","-9999","-9999","-9999","-9999","-9999","-9999","-9999","-9999","-9999","-9999","-9999","-9999","-9999","-9999","-9999","-9999","-9999","-9999","-9999","-9999","-9999","-9999","-9999","-9999","-9999","-9999","-9999","-9999","-9999","-9999","-9999","-9999","-9999","-9999","-9999","-9999","-9999","-9999","-9999","-9999","-9999","-9999","-9999","-9999","-9999","-9999","-9999","-9999","-9999","-9999","-9999","0.4","-9999","-9999","-9999","-9999","-9999","-9999","-9999","-9999","-9999","-9999","-9999","-9999","-9999","-9999","-9999","-9999","-9999","-9999","-9999","-9999","-9999","-9999","-9999","-9999","-9999","-9999","-9999","-9999","-9999","Purple Rock Inc.","Alberta Geological Survey"
"64818","MAR_20020002-00014-5739-ICP-0.002pct-2001-11-29-Bondar-Clegg & Company Ltd.-N/A-N/A-","MAR_20020002","14","200134-006","5739","67.25","68.25","-9999","2001-11-29","2001-10-01","Bondar-Clegg & Company Ltd.","BOND-UNSP","Unspecified","0.002pct","Submitted sample","ICP","-9999","-9999","-9999","-9999","-9999","-9999","-9999","-9999","-9999","-9999","-9999","-9999","-9999","-9999","-9999","-9999","-9999","-9999","-9999","-9999","-9999","-9999","-9999","-9999","-9999","-9999","-9999","-9999","-9999","-9999","-9999","-9999","-9999","-9999","-9999","-9999","-9999","-9999","-9999","-9999","-9999","-9999","-9999","-9999","-9999","-9999","-9999","-9999","-9999","-9999","-9999","-9999","-9999","-9999","-9999","-9999","-9999","-9999","-9999","-9999","-9999","-9999","-9999","-9999","-9999","-9999","-9999","-9999","-9999","-9999","-9999","-9999","-9999","-9999","-9999","-9999","-9999","-9999","-9999","-9999","-9999","-9999","-9999","-9999","-9999","-9999","-9999","-9999","-9999","-9999","-9999","-9999","-9999","-9999","-9999","-9999","-9999","-9999","-9999","-9999","-9999","-9999","-9999","-9999","-9999","-9999","-9999","-9999","-9999","-9999","-9999","-9999","-9999","-9999","-9999","-9999","-9999","-9999","-9999","-9999","-9999","-9999","-9999","-9999","-9999","-9999","-9999","-9999","-9999","-9999","-9999","-9999","-9999","-9999","-9999","-9999","-9999","-9999","-9999","-9999","-9999","-9999","-9999","-9999","-9999","-9999","-9999","-9999","-9999","-9999","-9999","-9999","-9999","-9999","-9999","-9999","-9999","-9999","-9999","-9999","-9999","-9999","-9999","-9999","-9999","-9999","-9999","-9999","-9999","-9999","-9999","9.492","-9999","-9999","-9999","-9999","-9999","-9999","-9999","-9999","-9999","-9999","-9999","-9999","-9999","-9999","-9999","-9999","-9999","-9999","-9999","-9999","-9999","-9999","-9999","-9999","-9999","-9999","-9999","-9999","-9999","-9999","-9999","-9999","-9999","-9999","-9999","-9999","-9999","-9999","-9999","-9999","-9999","-9999","-9999","-9999","-9999","-9999","-9999","-9999","-9999","-9999","-9999","-9999","-9999","-9999","-9999","-9999","-9999","-9999","-9999","-9999","-9999","-9999","Purple Rock Inc.","Alberta Geological Survey"
"64819","MAR_20020002-00014-5739-ICP-1.0ppm-2001-11-29-Bondar-Clegg & Company Ltd.-N/A-N/A-","MAR_20020002","14","200134-006","5739","67.25","68.25","-9999","2001-11-29","2001-10-01","Bondar-Clegg & Company Ltd.","BOND-UNSP","Unspecified","1.0ppm","Submitted sample","ICP","-9999","-9999","-9999","-9999","-9999","-9999","-9999","-9999","-9999","-9999","-9999","-9999","-9999","-9999","-9999","-9999","-9999","-9999","-9999","-9999","-9999","-9999","-9999","-9999","-9999","-9999","-9999","-9999","-9999","-9999","-9999","-9999","-9999","-9999","-9999","-9999","-9999","-9999","-9999","-9999","-9999","-9999","<1.0","-9999","-9999","-9999","-9999","-9999","-9999","26","-9999","-9999","-9999","-9999","-9999","-9999","-9999","19","-9999","-9999","-9999","-9999","-9999","-9999","-9999","-9999","-9999","-9999","-9999","-9999","-9999","-9999","-9999","-9999","-9999","-9999","-9999","-9999","-9999","-9999","-9999","-9999","-9999","-9999","-9999","-9999","-9999","-9999","-9999","-9999","-9999","-9999","-9999","-9999","-9999","-9999","-9999","-9999","-9999","-9999","-9999","-9999","-9999","-9999","-9999","-9999","-9999","-9999","-9999","-9999","-9999","-9999","-9999","-9999","-9999","-9999","-9999","-9999","-9999","-9999","-9999","<1","-9999","-9999","-9999","-9999","-9999","-9999","-9999","-9999","-9999","-9999","-9999","-9999","40","-9999","-9999","-9999","-9999","-9999","-9999","-9999","-9999","-9999","-9999","-9999","-9999","-9999","-9999","-9999","-9999","-9999","-9999","-9999","-9999","-9999","-9999","-9999","-9999","-9999","-9999","-9999","-9999","-9999","-9999","-9999","-9999","-9999","-9999","-9999","-9999","-9999","-9999","-9999","-9999","-9999","-9999","-9999","-9999","-9999","-9999","-9999","-9999","-9999","-9999","-9999","-9999","-9999","-9999","-9999","-9999","-9999","99","-9999","-9999","-9999","-9999","-9999","-9999","-9999","-9999","-9999","-9999","-9999","-9999","-9999","-9999","-9999","-9999","-9999","-9999","-9999","-9999","-9999","-9999","-9999","-9999","-9999","-9999","-9999","-9999","-9999","-9999","-9999","-9999","-9999","-9999","-9999","-9999","-9999","-9999","-9999","-9999","-9999","Purple Rock Inc.","Alberta Geological Survey"
"64820","MAR_20020002-00014-5739-ICP-10.0ppm-2001-11-29-Bondar-Clegg & Company Ltd.-N/A-N/A-","MAR_20020002","14","200134-006","5739","67.25","68.25","-9999","2001-11-29","2001-10-01","Bondar-Clegg & Company Ltd.","BOND-UNSP","Unspecified","10.0ppm","Submitted sample","ICP","-9999","-9999","-9999","-9999","-9999","-9999","-9999","-9999","-9999","-9999","-9999","-9999","-9999","-9999","-9999","-9999","-9999","-9999","-9999","-9999","-9999","-9999","-9999","-9999","-9999","-9999","-9999","-9999","-9999","-9999","-9999","-9999","-9999","-9999","-9999","-9999","-9999","-9999","-9999","-9999","-9999","-9999","-9999","-9999","-9999","-9999","-9999","-9999","-9999","-9999","-9999","-9999","-9999","-9999","-9999","-9999","-9999","-9999","-9999","-9999","-9999","-9999","-9999","-9999","-9999","-9999","-9999","-9999","-9999","-9999","-9999","-9999","-9999","-9999","-9999","-9999","<10","-9999","-9999","-9999","-9999","-9999","-9999","-9999","-9999","-9999","-9999","-9999","-9999","-9999","-9999","-9999","-9999","-9999","-9999","-9999","-9999","-9999","-9999","-9999","-9999","-9999","-9999","-9999","-9999","-9999","-9999","-9999","-9999","-9999","-9999","-9999","-9999","-9999","-9999","-9999","-9999","-9999","-9999","-9999","-9999","-9999","-9999","-9999","-9999","-9999","-9999","-9999","-9999","-9999","-9999","-9999","-9999","-9999","-9999","-9999","-9999","-9999","-9999","-9999","-9999","-9999","-9999","-9999","-9999","-9999","-9999","-9999","-9999","-9999","-9999","-9999","-9999","-9999","-9999","-9999","-9999","-9999","-9999","-9999","-9999","-9999","-9999","-9999","-9999","-9999","-9999","-9999","-9999","-9999","-9999","-9999","-9999","-9999","-9999","-9999","-9999","-9999","-9999","-9999","-9999","-9999","-9999","-9999","-9999","-9999","-9999","-9999","-9999","-9999","-9999","-9999","-9999","-9999","-9999","-9999","-9999","-9999","-9999","-9999","-9999","-9999","-9999","-9999","-9999","-9999","-9999","-9999","-9999","-9999","-9999","-9999","-9999","-9999","-9999","-9999","-9999","-9999","-9999","-9999","-9999","-9999","-9999","-9999","-9999","-9999","-9999","-9999","-9999","-9999","-9999","-9999","-9999","-9999","Purple Rock Inc.","Alberta Geological Survey"
"64821","MAR_20020002-00014-5739-ICP-20.0ppm-2001-11-29-Bondar-Clegg & Company Ltd.-N/A-N/A-","MAR_20020002","14","200134-006","5739","67.25","68.25","-9999","2001-11-29","2001-10-01","Bondar-Clegg & Company Ltd.","BOND-UNSP","Unspecified","20.0ppm","Submitted sample","ICP","-9999","-9999","-9999","-9999","-9999","-9999","-9999","-9999","-9999","-9999","-9999","-9999","-9999","-9999","-9999","-9999","-9999","-9999","-9999","-9999","-9999","-9999","-9999","-9999","-9999","-9999","-9999","-9999","-9999","-9999","-9999","-9999","-9999","-9999","-9999","-9999","-9999","-9999","-9999","-9999","-9999","-9999","-9999","-9999","-9999","-9999","-9999","-9999","-9999","-9999","-9999","-9999","-9999","-9999","-9999","-9999","-9999","-9999","-9999","-9999","-9999","-9999","-9999","-9999","-9999","-9999","-9999","-9999","-9999","-9999","-9999","-9999","-9999","-9999","-9999","-9999","-9999","-9999","-9999","-9999","-9999","-9999","-9999","-9999","-9999","-9999","-9999","-9999","-9999","-9999","-9999","-9999","-9999","-9999","-9999","-9999","-9999","-9999","-9999","-9999","-9999","-9999","-9999","-9999","-9999","-9999","-9999","-9999","-9999","-9999","-9999","-9999","-9999","-9999","-9999","-9999","-9999","-9999","-9999","-9999","-9999","-9999","-9999","-9999","-9999","-9999","-9999","-9999","-9999","-9999","-9999","-9999","-9999","-9999","-9999","-9999","-9999","-9999","-9999","-9999","-9999","-9999","-9999","-9999","-9999","-9999","-9999","-9999","-9999","-9999","-9999","-9999","-9999","-9999","-9999","-9999","-9999","-9999","-9999","-9999","-9999","-9999","-9999","-9999","-9999","-9999","-9999","-9999","-9999","-9999","-9999","-9999","-9999","-9999","-9999","-9999","-9999","-9999","-9999","-9999","-9999","-9999","-9999","-9999","-9999","-9999","-9999","<20","-9999","-9999","-9999","-9999","-9999","-9999","-9999","-9999","-9999","-9999","-9999","-9999","-9999","-9999","-9999","-9999","-9999","-9999","-9999","-9999","-9999","-9999","-9999","-9999","-9999","-9999","-9999","-9999","-9999","-9999","-9999","<20","-9999","-9999","-9999","-9999","-9999","-9999","-9999","-9999","-9999","-9999","-9999","-9999","-9999","-9999","Purple Rock Inc.","Alberta Geological Survey"
"65195","MAR_20020002-00015-5740-ICP-5.0ppm-2001-11-29-Bondar-Clegg & Company Ltd.-N/A-N/A-","MAR_20020002","15","200134-006","5740","68.25","69.19","-9999","2001-11-29","2001-10-01","Bondar-Clegg & Company Ltd.","BOND-UNSP","Unspecified","5.0ppm","Submitted sample","ICP","-9999","-9999","-9999","-9999","-9999","-9999","-9999","-9999","-9999","-9999","-9999","-9999","7","-9999","-9999","-9999","-9999","-9999","-9999","-9999","-9999","-9999","-9999","409","-9999","-9999","-9999","-9999","<5","-9999","-9999","-9999","-9999","-9999","-9999","-9999","-9999","-9999","-9999","-9999","-9999","-9999","-9999","-9999","-9999","-9999","-9999","-9999","-9999","-9999","-9999","-9999","-9999","-9999","-9999","-9999","-9999","-9999","-9999","-9999","-9999","-9999","-9999","-9999","-9999","-9999","-9999","-9999","-9999","-9999","-9999","-9999","-9999","-9999","-9999","-9999","-9999","-9999","-9999","-9999","-9999","-9999","-9999","-9999","-9999","-9999","-9999","-9999","-9999","-9999","-9999","-9999","-9999","-9999","-9999","-9999","-9999","-9999","-9999","-9999","-9999","27","-9999","-9999","-9999","-9999","-9999","-9999","-9999","-9999","-9999","-9999","-9999","-9999","-9999","-9999","-9999","2207","-9999","-9999","-9999","-9999","-9999","-9999","-9999","-9999","-9999","-9999","-9999","13","-9999","-9999","-9999","-9999","-9999","-9999","-9999","-9999","-9999","-9999","-9999","-9999","-9999","-9999","-9999","-9999","-9999","-9999","-9999","-9999","-9999","-9999","-9999","-9999","-9999","-9999","-9999","-9999","-9999","-9999","-9999","-9999","-9999","-9999","-9999","-9999","-9999","-9999","-9999","-9999","-9999","-9999","-9999","-9999","<5","-9999","12","-9999","-9999","-9999","-9999","-9999","-9999","-9999","-9999","-9999","-9999","-9999","-9999","-9999","-9999","-9999","-9999","-9999","-9999","-9999","<5","-9999","-9999","-9999","-9999","-9999","-9999","-9999","-9999","-9999","-9999","-9999","-9999","-9999","-9999","-9999","-9999","-9999","-9999","-9999","-9999","-9999","-9999","-9999","-9999","16","-9999","-9999","-9999","-9999","-9999","-9999","-9999","-9999","-9999","73","-9999","-9999","Purple Rock Inc.","Alberta Geological Survey"
"65196","MAR_20020002-00015-5740-ICP-20.0ppm-2001-11-29-Bondar-Clegg & Company Ltd.-N/A-N/A-","MAR_20020002","15","200134-006","5740","68.25","69.19","-9999","2001-11-29","2001-10-01","Bondar-Clegg & Company Ltd.","BOND-UNSP","Unspecified","20.0ppm","Submitted sample","ICP","-9999","-9999","-9999","-9999","-9999","-9999","-9999","-9999","-9999","-9999","-9999","-9999","-9999","-9999","-9999","-9999","-9999","-9999","-9999","-9999","-9999","-9999","-9999","-9999","-9999","-9999","-9999","-9999","-9999","-9999","-9999","-9999","-9999","-9999","-9999","-9999","-9999","-9999","-9999","-9999","-9999","-9999","-9999","-9999","-9999","-9999","-9999","-9999","-9999","-9999","-9999","-9999","-9999","-9999","-9999","-9999","-9999","-9999","-9999","-9999","-9999","-9999","-9999","-9999","-9999","-9999","-9999","-9999","-9999","-9999","-9999","-9999","-9999","-9999","-9999","-9999","-9999","-9999","-9999","-9999","-9999","-9999","-9999","-9999","-9999","-9999","-9999","-9999","-9999","-9999","-9999","-9999","-9999","-9999","-9999","-9999","-9999","-9999","-9999","-9999","-9999","-9999","-9999","-9999","-9999","-9999","-9999","-9999","-9999","-9999","-9999","-9999","-9999","-9999","-9999","-9999","-9999","-9999","-9999","-9999","-9999","-9999","-9999","-9999","-9999","-9999","-9999","-9999","-9999","-9999","-9999","-9999","-9999","-9999","-9999","-9999","-9999","-9999","-9999","-9999","-9999","-9999","-9999","-9999","-9999","-9999","-9999","-9999","-9999","-9999","-9999","-9999","-9999","-9999","-9999","-9999","-9999","-9999","-9999","-9999","-9999","-9999","-9999","-9999","-9999","-9999","-9999","-9999","-9999","-9999","-9999","-9999","-9999","-9999","-9999","-9999","-9999","-9999","-9999","-9999","-9999","-9999","-9999","-9999","-9999","-9999","-9999","<20","-9999","-9999","-9999","-9999","-9999","-9999","-9999","-9999","-9999","-9999","-9999","-9999","-9999","-9999","-9999","-9999","-9999","-9999","-9999","-9999","-9999","-9999","-9999","-9999","-9999","-9999","-9999","-9999","-9999","-9999","-9999","<20","-9999","-9999","-9999","-9999","-9999","-9999","-9999","-9999","-9999","-9999","-9999","-9999","-9999","-9999","Purple Rock Inc.","Alberta Geological Survey"
"65197","MAR_20020002-00015-5740-ICP-2.0ppm-2001-11-29-Bondar-Clegg & Company Ltd.-N/A-N/A-","MAR_20020002","15","200134-006","5740","68.25","69.19","-9999","2001-11-29","2001-10-01","Bondar-Clegg & Company Ltd.","BOND-UNSP","Unspecified","2.0ppm","Submitted sample","ICP","-9999","-9999","-9999","-9999","-9999","-9999","-9999","-9999","-9999","-9999","-9999","-9999","-9999","-9999","-9999","-9999","-9999","-9999","-9999","-9999","-9999","-9999","-9999","-9999","-9999","-9999","-9999","-9999","-9999","-9999","-9999","-9999","-9999","-9999","-9999","-9999","-9999","-9999","-9999","-9999","-9999","-9999","-9999","-9999","-9999","-9999","-9999","-9999","-9999","-9999","-9999","-9999","-9999","56","-9999","-9999","-9999","-9999","-9999","-9999","-9999","-9999","-9999","-9999","-9999","-9999","-9999","-9999","-9999","-9999","-9999","-9999","-9999","-9999","-9999","-9999","-9999","-9999","-9999","-9999","-9999","-9999","-9999","-9999","-9999","-9999","-9999","-9999","-9999","-9999","-9999","-9999","-9999","-9999","-9999","-9999","-9999","-9999","-9999","-9999","-9999","-9999","-9999","49","-9999","-9999","-9999","-9999","-9999","-9999","-9999","-9999","-9999","-9999","-9999","-9999","-9999","-9999","-9999","-9999","-9999","-9999","-9999","-9999","-9999","-9999","-9999","-9999","-9999","-9999","-9999","-9999","-9999","-9999","-9999","-9999","-9999","-9999","-9999","-9999","-9999","-9999","-9999","-9999","-9999","<2","-9999","-9999","-9999","-9999","-9999","-9999","-9999","-9999","-9999","-9999","-9999","-9999","-9999","-9999","-9999","-9999","-9999","-9999","-9999","-9999","-9999","-9999","-9999","-9999","-9999","-9999","-9999","-9999","-9999","-9999","-9999","-9999","-9999","-9999","-9999","-9999","-9999","-9999","-9999","-9999","-9999","-9999","-9999","-9999","-9999","-9999","-9999","-9999","-9999","-9999","-9999","-9999","-9999","-9999","-9999","-9999","-9999","-9999","-9999","-9999","-9999","-9999","-9999","-9999","-9999","-9999","-9999","-9999","-9999","-9999","99","-9999","-9999","-9999","-9999","-9999","-9999","-9999","-9999","-9999","-9999","95","-9999","-9999","-9999","-9999","-9999","-9999","Purple Rock Inc.","Alberta Geological Survey"
"65198","MAR_20020002-00015-5740-ICP-1.0ppm-2001-11-29-Bondar-Clegg & Company Ltd.-N/A-N/A-","MAR_20020002","15","200134-006","5740","68.25","69.19","-9999","2001-11-29","2001-10-01","Bondar-Clegg & Company Ltd.","BOND-UNSP","Unspecified","1.0ppm","Submitted sample","ICP","-9999","-9999","-9999","-9999","-9999","-9999","-9999","-9999","-9999","-9999","-9999","-9999","-9999","-9999","-9999","-9999","-9999","-9999","-9999","-9999","-9999","-9999","-9999","-9999","-9999","-9999","-9999","-9999","-9999","-9999","-9999","-9999","-9999","-9999","-9999","-9999","-9999","-9999","-9999","-9999","-9999","-9999","<1.0","-9999","-9999","-9999","-9999","-9999","-9999","19","-9999","-9999","-9999","-9999","-9999","-9999","-9999","13","-9999","-9999","-9999","-9999","-9999","-9999","-9999","-9999","-9999","-9999","-9999","-9999","-9999","-9999","-9999","-9999","-9999","-9999","-9999","-9999","-9999","-9999","-9999","-9999","-9999","-9999","-9999","-9999","-9999","-9999","-9999","-9999","-9999","-9999","-9999","-9999","-9999","-9999","-9999","-9999","-9999","-9999","-9999","-9999","-9999","-9999","-9999","-9999","-9999","-9999","-9999","-9999","-9999","-9999","-9999","-9999","-9999","-9999","-9999","-9999","-9999","-9999","-9999","<1","-9999","-9999","-9999","-9999","-9999","-9999","-9999","-9999","-9999","-9999","-9999","-9999","33","-9999","-9999","-9999","-9999","-9999","-9999","-9999","-9999","-9999","-9999","-9999","-9999","-9999","-9999","-9999","-9999","-9999","-9999","-9999","-9999","-9999","-9999","-9999","-9999","-9999","-9999","-9999","-9999","-9999","-9999","-9999","-9999","-9999","-9999","-9999","-9999","-9999","-9999","-9999","-9999","-9999","-9999","-9999","-9999","-9999","-9999","-9999","-9999","-9999","-9999","-9999","-9999","-9999","-9999","-9999","-9999","-9999","153","-9999","-9999","-9999","-9999","-9999","-9999","-9999","-9999","-9999","-9999","-9999","-9999","-9999","-9999","-9999","-9999","-9999","-9999","-9999","-9999","-9999","-9999","-9999","-9999","-9999","-9999","-9999","-9999","-9999","-9999","-9999","-9999","-9999","-9999","-9999","-9999","-9999","-9999","-9999","-9999","-9999","Purple Rock Inc.","Alberta Geological Survey"
"65199","MAR_20020002-00015-5740-ICP-0.002pct-2001-11-29-Bondar-Clegg & Company Ltd.-N/A-N/A-","MAR_20020002","15","200134-006","5740","68.25","69.19","-9999","2001-11-29","2001-10-01","Bondar-Clegg & Company Ltd.","BOND-UNSP","Unspecified","0.002pct","Submitted sample","ICP","-9999","-9999","-9999","-9999","-9999","-9999","-9999","-9999","-9999","-9999","-9999","-9999","-9999","-9999","-9999","-9999","-9999","-9999","-9999","-9999","-9999","-9999","-9999","-9999","-9999","-9999","-9999","-9999","-9999","-9999","-9999","-9999","-9999","-9999","-9999","-9999","-9999","-9999","-9999","-9999","-9999","-9999","-9999","-9999","-9999","-9999","-9999","-9999","-9999","-9999","-9999","-9999","-9999","-9999","-9999","-9999","-9999","-9999","-9999","-9999","-9999","-9999","-9999","-9999","-9999","-9999","-9999","-9999","-9999","-9999","-9999","-9999","-9999","-9999","-9999","-9999","-9999","-9999","-9999","-9999","-9999","-9999","-9999","-9999","-9999","-9999","-9999","-9999","-9999","-9999","-9999","-9999","-9999","-9999","-9999","-9999","-9999","-9999","-9999","-9999","-9999","-9999","-9999","-9999","-9999","-9999","-9999","-9999","-9999","-9999","-9999","-9999","-9999","-9999","-9999","-9999","-9999","-9999","-9999","-9999","-9999","-9999","-9999","-9999","-9999","-9999","-9999","-9999","-9999","-9999","-9999","-9999","-9999","-9999","-9999","-9999","-9999","-9999","-9999","-9999","-9999","-9999","-9999","-9999","-9999","-9999","-9999","-9999","-9999","-9999","-9999","-9999","-9999","-9999","-9999","-9999","-9999","-9999","-9999","-9999","-9999","-9999","-9999","-9999","-9999","-9999","-9999","-9999","-9999","-9999","-9999","0.496","-9999","-9999","-9999","-9999","-9999","-9999","-9999","-9999","-9999","-9999","-9999","-9999","-9999","-9999","-9999","-9999","-9999","-9999","-9999","-9999","-9999","-9999","-9999","-9999","-9999","-9999","-9999","-9999","-9999","-9999","-9999","-9999","-9999","-9999","-9999","-9999","-9999","-9999","-9999","-9999","-9999","-9999","-9999","-9999","-9999","-9999","-9999","-9999","-9999","-9999","-9999","-9999","-9999","-9999","-9999","-9999","-9999","-9999","-9999","-9999","-9999","-9999","Purple Rock Inc.","Alberta Geological Survey"
"65200","MAR_20020002-00015-5740-ICP-25.0ppm-2001-11-29-Bondar-Clegg & Company Ltd.-N/A-N/A-","MAR_20020002","15","200134-006","5740","68.25","69.19","-9999","2001-11-29","2001-10-01","Bondar-Clegg & Company Ltd.","BOND-UNSP","Unspecified","25.0ppm","Submitted sample","ICP","-9999","-9999","-9999","-9999","-9999","-9999","-9999","-9999","-9999","-9999","-9999","-9999","-9999","-9999","-9999","-9999","-9999","-9999","-9999","-9999","-9999","-9999","-9999","-9999","-9999","-9999","-9999","-9999","-9999","-9999","-9999","-9999","-9999","-9999","-9999","-9999","-9999","-9999","-9999","-9999","-9999","-9999","-9999","-9999","-9999","-9999","-9999","-9999","-9999","-9999","-9999","-9999","-9999","-9999","-9999","-9999","-9999","-9999","-9999","-9999","-9999","-9999","-9999","-9999","-9999","-9999","-9999","-9999","-9999","-9999","-9999","-9999","-9999","-9999","-9999","-9999","-9999","-9999","-9999","-9999","-9999","-9999","-9999","-9999","-9999","-9999","-9999","-9999","-9999","-9999","-9999","-9999","-9999","-9999","-9999","-9999","-9999","-9999","-9999","-9999","-9999","-9999","-9999","-9999","-9999","-9999","-9999","-9999","-9999","-9999","-9999","-9999","-9999","-9999","-9999","-9999","-9999","-9999","-9999","-9999","-9999","-9999","-9999","-9999","-9999","-9999","-9999","-9999","-9999","-9999","-9999","-9999","-9999","-9999","-9999","-9999","-9999","-9999","-9999","-9999","-9999","-9999","-9999","-9999","-9999","-9999","-9999","-9999","-9999","-9999","-9999","-9999","-9999","-9999","-9999","-9999","-9999","-9999","-9999","-9999","-9999","-9999","-9999","-9999","-9999","-9999","-9999","-9999","-9999","-9999","-9999","-9999","-9999","-9999","-9999","-9999","-9999","-9999","-9999","-9999","-9999","-9999","-9999","-9999","-9999","-9999","-9999","-9999","-9999","-9999","-9999","-9999","-9999","-9999","-9999","-9999","-9999","-9999","-9999","-9999","-9999","<25","-9999","-9999","-9999","-9999","-9999","-9999","-9999","-9999","-9999","-9999","-9999","-9999","-9999","-9999","-9999","-9999","-9999","-9999","-9999","-9999","-9999","-9999","-9999","-9999","-9999","-9999","-9999","-9999","-9999","-9999","-9999","-9999","Purple Rock Inc.","Alberta Geological Survey"
"65201","MAR_20020002-00015-5740-ICP-0.01pct-2001-11-29-Bondar-Clegg & Company Ltd.-N/A-N/A-","MAR_20020002","15","200134-006","5740","68.25","69.19","-9999","2001-11-29","2001-10-01","Bondar-Clegg & Company Ltd.","BOND-UNSP","Unspecified","0.01pct","Submitted sample","ICP","-9999","-9999","-9999","-9999","-9999","-9999","-9999","-9999","8","-9999","-9999","-9999","-9999","-9999","-9999","-9999","-9999","-9999","-9999","-9999","-9999","-9999","-9999","-9999","-9999","-9999","-9999","-9999","-9999","-9999","-9999","-9999","-9999","-9999","6.64","-9999","-9999","-9999","-9999","-9999","-9999","-9999","-9999","-9999","-9999","-9999","-9999","-9999","-9999","-9999","-9999","-9999","-9999","-9999","-9999","-9999","-9999","-9999","-9999","-9999","-9999","-9999","-9999","-9999","-9999","-9999","-9999","-9999","-9999","-9999","-9999","-9999","5.13","-9999","-9999","-9999","-9999","-9999","-9999","-9999","-9999","-9999","-9999","-9999","-9999","-9999","-9999","-9999","-9999","-9999","-9999","-9999","-9999","2.13","-9999","-9999","-9999","-9999","-9999","-9999","-9999","-9999","-9999","-9999","-9999","-9999","-9999","-9999","-9999","2.83","-9999","-9999","-9999","-9999","-9999","-9999","-9999","-9999","-9999","-9999","-9999","-9999","-9999","-9999","0.14","-9999","-9999","-9999","-9999","-9999","-9999","-9999","-9999","-9999","-9999","-9999","-9999","-9999","-9999","-9999","-9999","-9999","-9999","-9999","-9999","-9999","-9999","-9999","-9999","-9999","-9999","-9999","-9999","-9999","-9999","-9999","-9999","-9999","-9999","-9999","-9999","-9999","-9999","-9999","-9999","-9999","-9999","-9999","-9999","-9999","-9999","-9999","-9999","-9999","-9999","-9999","-9999","-9999","-9999","-9999","-9999","-9999","-9999","-9999","-9999","-9999","-9999","-9999","-9999","-9999","-9999","-9999","-9999","-9999","-9999","-9999","-9999","-9999","-9999","-9999","-9999","-9999","-9999","-9999","0.3","-9999","-9999","-9999","-9999","-9999","-9999","-9999","-9999","-9999","-9999","-9999","-9999","-9999","-9999","-9999","-9999","-9999","-9999","-9999","-9999","-9999","-9999","-9999","-9999","-9999","-9999","-9999","-9999","-9999","Purple Rock Inc.","Alberta Geological Survey"
"65202","MAR_20020002-00015-5740-ICP-0.5ppm-2001-11-29-Bondar-Clegg & Company Ltd.-N/A-N/A-","MAR_20020002","15","200134-006","5740","68.25","69.19","-9999","2001-11-29","2001-10-01","Bondar-Clegg & Company Ltd.","BOND-UNSP","Unspecified","0.5ppm","Submitted sample","ICP","-9999","-9999","-9999","-9999","-9999","<0.5","-9999","-9999","-9999","-9999","-9999","-9999","-9999","-9999","-9999","-9999","-9999","-9999","-9999","-9999","-9999","-9999","-9999","-9999","-9999","-9999","-9999","-9999","-9999","-9999","-9999","-9999","-9999","-9999","-9999","-9999","-9999","-9999","-9999","-9999","-9999","-9999","-9999","-9999","-9999","-9999","-9999","-9999","-9999","-9999","-9999","-9999","-9999","-9999","-9999","-9999","-9999","-9999","-9999","-9999","-9999","-9999","-9999","-9999","-9999","-9999","-9999","-9999","-9999","-9999","-9999","-9999","-9999","-9999","-9999","-9999","-9999","-9999","-9999","-9999","-9999","-9999","-9999","-9999","-9999","-9999","-9999","-9999","-9999","-9999","-9999","-9999","-9999","-9999","-9999","-9999","-9999","-9999","-9999","-9999","-9999","-9999","-9999","-9999","-9999","-9999","-9999","-9999","-9999","-9999","-9999","-9999","-9999","-9999","-9999","-9999","-9999","-9999","-9999","-9999","-9999","-9999","-9999","-9999","-9999","-9999","-9999","-9999","-9999","-9999","-9999","-9999","-9999","-9999","-9999","-9999","-9999","-9999","-9999","-9999","-9999","-9999","-9999","-9999","-9999","-9999","-9999","-9999","-9999","-9999","-9999","-9999","-9999","-9999","-9999","-9999","-9999","-9999","-9999","-9999","-9999","-9999","-9999","-9999","-9999","-9999","-9999","-9999","-9999","-9999","-9999","-9999","-9999","-9999","-9999","-9999","-9999","-9999","-9999","-9999","-9999","-9999","-9999","-9999","-9999","-9999","-9999","-9999","-9999","-9999","-9999","-9999","-9999","-9999","-9999","-9999","-9999","-9999","-9999","-9999","-9999","-9999","-9999","-9999","-9999","-9999","-9999","-9999","-9999","-9999","-9999","-9999","-9999","-9999","-9999","-9999","-9999","-9999","-9999","-9999","-9999","-9999","-9999","-9999","-9999","-9999","-9999","-9999","-9999","-9999","-9999","-9999","-9999","-9999","Purple Rock Inc.","Alberta Geological Survey"
"65203","MAR_20020002-00015-5740-ICP-10.0ppm-2001-11-29-Bondar-Clegg & Company Ltd.-N/A-N/A-","MAR_20020002","15","200134-006","5740","68.25","69.19","-9999","2001-11-29","2001-10-01","Bondar-Clegg & Company Ltd.","BOND-UNSP","Unspecified","10.0ppm","Submitted sample","ICP","-9999","-9999","-9999","-9999","-9999","-9999","-9999","-9999","-9999","-9999","-9999","-9999","-9999","-9999","-9999","-9999","-9999","-9999","-9999","-9999","-9999","-9999","-9999","-9999","-9999","-9999","-9999","-9999","-9999","-9999","-9999","-9999","-9999","-9999","-9999","-9999","-9999","-9999","-9999","-9999","-9999","-9999","-9999","-9999","-9999","-9999","-9999","-9999","-9999","-9999","-9999","-9999","-9999","-9999","-9999","-9999","-9999","-9999","-9999","-9999","-9999","-9999","-9999","-9999","-9999","-9999","-9999","-9999","-9999","-9999","-9999","-9999","-9999","-9999","-9999","-9999","<10","-9999","-9999","-9999","-9999","-9999","-9999","-9999","-9999","-9999","-9999","-9999","-9999","-9999","-9999","-9999","-9999","-9999","-9999","-9999","-9999","-9999","-9999","-9999","-9999","-9999","-9999","-9999","-9999","-9999","-9999","-9999","-9999","-9999","-9999","-9999","-9999","-9999","-9999","-9999","-9999","-9999","-9999","-9999","-9999","-9999","-9999","-9999","-9999","-9999","-9999","-9999","-9999","-9999","-9999","-9999","-9999","-9999","-9999","-9999","-9999","-9999","-9999","-9999","-9999","-9999","-9999","-9999","-9999","-9999","-9999","-9999","-9999","-9999","-9999","-9999","-9999","-9999","-9999","-9999","-9999","-9999","-9999","-9999","-9999","-9999","-9999","-9999","-9999","-9999","-9999","-9999","-9999","-9999","-9999","-9999","-9999","-9999","-9999","-9999","-9999","-9999","-9999","-9999","-9999","-9999","-9999","-9999","-9999","-9999","-9999","-9999","-9999","-9999","-9999","-9999","-9999","-9999","-9999","-9999","-9999","-9999","-9999","-9999","-9999","-9999","-9999","-9999","-9999","-9999","-9999","-9999","-9999","-9999","-9999","-9999","-9999","-9999","-9999","-9999","-9999","-9999","-9999","-9999","-9999","-9999","-9999","-9999","-9999","-9999","-9999","-9999","-9999","-9999","-9999","-9999","-9999","-9999","Purple Rock Inc.","Alberta Geological Survey"
"65577","MAR_20020002-00016-5741-ICP-1.0ppm-2001-11-29-Bondar-Clegg & Company Ltd.-N/A-N/A-","MAR_20020002","16","200134-006","5741","69.19","69.37","-9999","2001-11-29","2001-10-01","Bondar-Clegg & Company Ltd.","BOND-UNSP","Unspecified","1.0ppm","Submitted sample","ICP","-9999","-9999","-9999","-9999","-9999","-9999","-9999","-9999","-9999","-9999","-9999","-9999","-9999","-9999","-9999","-9999","-9999","-9999","-9999","-9999","-9999","-9999","-9999","-9999","-9999","-9999","-9999","-9999","-9999","-9999","-9999","-9999","-9999","-9999","-9999","-9999","-9999","-9999","-9999","-9999","-9999","-9999","<1.0","-9999","-9999","-9999","-9999","-9999","-9999","17","-9999","-9999","-9999","-9999","-9999","-9999","-9999","21","-9999","-9999","-9999","-9999","-9999","-9999","-9999","-9999","-9999","-9999","-9999","-9999","-9999","-9999","-9999","-9999","-9999","-9999","-9999","-9999","-9999","-9999","-9999","-9999","-9999","-9999","-9999","-9999","-9999","-9999","-9999","-9999","-9999","-9999","-9999","-9999","-9999","-9999","-9999","-9999","-9999","-9999","-9999","-9999","-9999","-9999","-9999","-9999","-9999","-9999","-9999","-9999","-9999","-9999","-9999","-9999","-9999","-9999","-9999","-9999","-9999","-9999","-9999","1","-9999","-9999","-9999","-9999","-9999","-9999","-9999","-9999","-9999","-9999","-9999","-9999","25","-9999","-9999","-9999","-9999","-9999","-9999","-9999","-9999","-9999","-9999","-9999","-9999","-9999","-9999","-9999","-9999","-9999","-9999","-9999","-9999","-9999","-9999","-9999","-9999","-9999","-9999","-9999","-9999","-9999","-9999","-9999","-9999","-9999","-9999","-9999","-9999","-9999","-9999","-9999","-9999","-9999","-9999","-9999","-9999","-9999","-9999","-9999","-9999","-9999","-9999","-9999","-9999","-9999","-9999","-9999","-9999","-9999","141","-9999","-9999","-9999","-9999","-9999","-9999","-9999","-9999","-9999","-9999","-9999","-9999","-9999","-9999","-9999","-9999","-9999","-9999","-9999","-9999","-9999","-9999","-9999","-9999","-9999","-9999","-9999","-9999","-9999","-9999","-9999","-9999","-9999","-9999","-9999","-9999","-9999","-9999","-9999","-9999","-9999","Purple Rock Inc.","Alberta Geological Survey"
"65578","MAR_20020002-00016-5741-ICP-10.0ppm-2001-11-29-Bondar-Clegg & Company Ltd.-N/A-N/A-","MAR_20020002","16","200134-006","5741","69.19","69.37","-9999","2001-11-29","2001-10-01","Bondar-Clegg & Company Ltd.","BOND-UNSP","Unspecified","10.0ppm","Submitted sample","ICP","-9999","-9999","-9999","-9999","-9999","-9999","-9999","-9999","-9999","-9999","-9999","-9999","-9999","-9999","-9999","-9999","-9999","-9999","-9999","-9999","-9999","-9999","-9999","-9999","-9999","-9999","-9999","-9999","-9999","-9999","-9999","-9999","-9999","-9999","-9999","-9999","-9999","-9999","-9999","-9999","-9999","-9999","-9999","-9999","-9999","-9999","-9999","-9999","-9999","-9999","-9999","-9999","-9999","-9999","-9999","-9999","-9999","-9999","-9999","-9999","-9999","-9999","-9999","-9999","-9999","-9999","-9999","-9999","-9999","-9999","-9999","-9999","-9999","-9999","-9999","-9999","<10","-9999","-9999","-9999","-9999","-9999","-9999","-9999","-9999","-9999","-9999","-9999","-9999","-9999","-9999","-9999","-9999","-9999","-9999","-9999","-9999","-9999","-9999","-9999","-9999","-9999","-9999","-9999","-9999","-9999","-9999","-9999","-9999","-9999","-9999","-9999","-9999","-9999","-9999","-9999","-9999","-9999","-9999","-9999","-9999","-9999","-9999","-9999","-9999","-9999","-9999","-9999","-9999","-9999","-9999","-9999","-9999","-9999","-9999","-9999","-9999","-9999","-9999","-9999","-9999","-9999","-9999","-9999","-9999","-9999","-9999","-9999","-9999","-9999","-9999","-9999","-9999","-9999","-9999","-9999","-9999","-9999","-9999","-9999","-9999","-9999","-9999","-9999","-9999","-9999","-9999","-9999","-9999","-9999","-9999","-9999","-9999","-9999","-9999","-9999","-9999","-9999","-9999","-9999","-9999","-9999","-9999","-9999","-9999","-9999","-9999","-9999","-9999","-9999","-9999","-9999","-9999","-9999","-9999","-9999","-9999","-9999","-9999","-9999","-9999","-9999","-9999","-9999","-9999","-9999","-9999","-9999","-9999","-9999","-9999","-9999","-9999","-9999","-9999","-9999","-9999","-9999","-9999","-9999","-9999","-9999","-9999","-9999","-9999","-9999","-9999","-9999","-9999","-9999","-9999","-9999","-9999","-9999","Purple Rock Inc.","Alberta Geological Survey"
"65579","MAR_20020002-00016-5741-ICP-2.0ppm-2001-11-29-Bondar-Clegg & Company Ltd.-N/A-N/A-","MAR_20020002","16","200134-006","5741","69.19","69.37","-9999","2001-11-29","2001-10-01","Bondar-Clegg & Company Ltd.","BOND-UNSP","Unspecified","2.0ppm","Submitted sample","ICP","-9999","-9999","-9999","-9999","-9999","-9999","-9999","-9999","-9999","-9999","-9999","-9999","-9999","-9999","-9999","-9999","-9999","-9999","-9999","-9999","-9999","-9999","-9999","-9999","-9999","-9999","-9999","-9999","-9999","-9999","-9999","-9999","-9999","-9999","-9999","-9999","-9999","-9999","-9999","-9999","-9999","-9999","-9999","-9999","-9999","-9999","-9999","-9999","-9999","-9999","-9999","-9999","-9999","65","-9999","-9999","-9999","-9999","-9999","-9999","-9999","-9999","-9999","-9999","-9999","-9999","-9999","-9999","-9999","-9999","-9999","-9999","-9999","-9999","-9999","-9999","-9999","-9999","-9999","-9999","-9999","-9999","-9999","-9999","-9999","-9999","-9999","-9999","-9999","-9999","-9999","-9999","-9999","-9999","-9999","-9999","-9999","-9999","-9999","-9999","-9999","-9999","-9999","52","-9999","-9999","-9999","-9999","-9999","-9999","-9999","-9999","-9999","-9999","-9999","-9999","-9999","-9999","-9999","-9999","-9999","-9999","-9999","-9999","-9999","-9999","-9999","-9999","-9999","-9999","-9999","-9999","-9999","-9999","-9999","-9999","-9999","-9999","-9999","-9999","-9999","-9999","-9999","-9999","-9999","<2","-9999","-9999","-9999","-9999","-9999","-9999","-9999","-9999","-9999","-9999","-9999","-9999","-9999","-9999","-9999","-9999","-9999","-9999","-9999","-9999","-9999","-9999","-9999","-9999","-9999","-9999","-9999","-9999","-9999","-9999","-9999","-9999","-9999","-9999","-9999","-9999","-9999","-9999","-9999","-9999","-9999","-9999","-9999","-9999","-9999","-9999","-9999","-9999","-9999","-9999","-9999","-9999","-9999","-9999","-9999","-9999","-9999","-9999","-9999","-9999","-9999","-9999","-9999","-9999","-9999","-9999","-9999","-9999","-9999","-9999","97","-9999","-9999","-9999","-9999","-9999","-9999","-9999","-9999","-9999","-9999","62","-9999","-9999","-9999","-9999","-9999","-9999","Purple Rock Inc.","Alberta Geological Survey"
"65580","MAR_20020002-00016-5741-ICP-5.0ppm-2001-11-29-Bondar-Clegg & Company Ltd.-N/A-N/A-","MAR_20020002","16","200134-006","5741","69.19","69.37","-9999","2001-11-29","2001-10-01","Bondar-Clegg & Company Ltd.","BOND-UNSP","Unspecified","5.0ppm","Submitted sample","ICP","-9999","-9999","-9999","-9999","-9999","-9999","-9999","-9999","-9999","-9999","-9999","-9999","9","-9999","-9999","-9999","-9999","-9999","-9999","-9999","-9999","-9999","-9999","381","-9999","-9999","-9999","-9999","<5","-9999","-9999","-9999","-9999","-9999","-9999","-9999","-9999","-9999","-9999","-9999","-9999","-9999","-9999","-9999","-9999","-9999","-9999","-9999","-9999","-9999","-9999","-9999","-9999","-9999","-9999","-9999","-9999","-9999","-9999","-9999","-9999","-9999","-9999","-9999","-9999","-9999","-9999","-9999","-9999","-9999","-9999","-9999","-9999","-9999","-9999","-9999","-9999","-9999","-9999","-9999","-9999","-9999","-9999","-9999","-9999","-9999","-9999","-9999","-9999","-9999","-9999","-9999","-9999","-9999","-9999","-9999","-9999","-9999","-9999","-9999","-9999","29","-9999","-9999","-9999","-9999","-9999","-9999","-9999","-9999","-9999","-9999","-9999","-9999","-9999","-9999","-9999","4071","-9999","-9999","-9999","-9999","-9999","-9999","-9999","-9999","-9999","-9999","-9999","13","-9999","-9999","-9999","-9999","-9999","-9999","-9999","-9999","-9999","-9999","-9999","-9999","-9999","-9999","-9999","-9999","-9999","-9999","-9999","-9999","-9999","-9999","-9999","-9999","-9999","-9999","-9999","-9999","-9999","-9999","-9999","-9999","-9999","-9999","-9999","-9999","-9999","-9999","-9999","-9999","-9999","-9999","-9999","-9999","<5","-9999","12","-9999","-9999","-9999","-9999","-9999","-9999","-9999","-9999","-9999","-9999","-9999","-9999","-9999","-9999","-9999","-9999","-9999","-9999","-9999","<5","-9999","-9999","-9999","-9999","-9999","-9999","-9999","-9999","-9999","-9999","-9999","-9999","-9999","-9999","-9999","-9999","-9999","-9999","-9999","-9999","-9999","-9999","-9999","-9999","20","-9999","-9999","-9999","-9999","-9999","-9999","-9999","-9999","-9999","71","-9999","-9999","Purple Rock Inc.","Alberta Geological Survey"
"65581","MAR_20020002-00016-5741-ICP-0.01pct-2001-11-29-Bondar-Clegg & Company Ltd.-N/A-N/A-","MAR_20020002","16","200134-006","5741","69.19","69.37","-9999","2001-11-29","2001-10-01","Bondar-Clegg & Company Ltd.","BOND-UNSP","Unspecified","0.01pct","Submitted sample","ICP","-9999","-9999","-9999","-9999","-9999","-9999","-9999","-9999","7.75","-9999","-9999","-9999","-9999","-9999","-9999","-9999","-9999","-9999","-9999","-9999","-9999","-9999","-9999","-9999","-9999","-9999","-9999","-9999","-9999","-9999","-9999","-9999","-9999","-9999","5.82","-9999","-9999","-9999","-9999","-9999","-9999","-9999","-9999","-9999","-9999","-9999","-9999","-9999","-9999","-9999","-9999","-9999","-9999","-9999","-9999","-9999","-9999","-9999","-9999","-9999","-9999","-9999","-9999","-9999","-9999","-9999","-9999","-9999","-9999","-9999","-9999","-9999","9.32","-9999","-9999","-9999","-9999","-9999","-9999","-9999","-9999","-9999","-9999","-9999","-9999","-9999","-9999","-9999","-9999","-9999","-9999","-9999","-9999","2.26","-9999","-9999","-9999","-9999","-9999","-9999","-9999","-9999","-9999","-9999","-9999","-9999","-9999","-9999","-9999","2.42","-9999","-9999","-9999","-9999","-9999","-9999","-9999","-9999","-9999","-9999","-9999","-9999","-9999","-9999","0.14","-9999","-9999","-9999","-9999","-9999","-9999","-9999","-9999","-9999","-9999","-9999","-9999","-9999","-9999","-9999","-9999","-9999","-9999","-9999","-9999","-9999","-9999","-9999","-9999","-9999","-9999","-9999","-9999","-9999","-9999","-9999","-9999","-9999","-9999","-9999","-9999","-9999","-9999","-9999","-9999","-9999","-9999","-9999","-9999","-9999","-9999","-9999","-9999","-9999","-9999","-9999","-9999","-9999","-9999","-9999","-9999","-9999","-9999","-9999","-9999","-9999","-9999","-9999","-9999","-9999","-9999","-9999","-9999","-9999","-9999","-9999","-9999","-9999","-9999","-9999","-9999","-9999","-9999","-9999","0.31","-9999","-9999","-9999","-9999","-9999","-9999","-9999","-9999","-9999","-9999","-9999","-9999","-9999","-9999","-9999","-9999","-9999","-9999","-9999","-9999","-9999","-9999","-9999","-9999","-9999","-9999","-9999","-9999","-9999","Purple Rock Inc.","Alberta Geological Survey"
"65582","MAR_20020002-00016-5741-ICP-25.0ppm-2001-11-29-Bondar-Clegg & Company Ltd.-N/A-N/A-","MAR_20020002","16","200134-006","5741","69.19","69.37","-9999","2001-11-29","2001-10-01","Bondar-Clegg & Company Ltd.","BOND-UNSP","Unspecified","25.0ppm","Submitted sample","ICP","-9999","-9999","-9999","-9999","-9999","-9999","-9999","-9999","-9999","-9999","-9999","-9999","-9999","-9999","-9999","-9999","-9999","-9999","-9999","-9999","-9999","-9999","-9999","-9999","-9999","-9999","-9999","-9999","-9999","-9999","-9999","-9999","-9999","-9999","-9999","-9999","-9999","-9999","-9999","-9999","-9999","-9999","-9999","-9999","-9999","-9999","-9999","-9999","-9999","-9999","-9999","-9999","-9999","-9999","-9999","-9999","-9999","-9999","-9999","-9999","-9999","-9999","-9999","-9999","-9999","-9999","-9999","-9999","-9999","-9999","-9999","-9999","-9999","-9999","-9999","-9999","-9999","-9999","-9999","-9999","-9999","-9999","-9999","-9999","-9999","-9999","-9999","-9999","-9999","-9999","-9999","-9999","-9999","-9999","-9999","-9999","-9999","-9999","-9999","-9999","-9999","-9999","-9999","-9999","-9999","-9999","-9999","-9999","-9999","-9999","-9999","-9999","-9999","-9999","-9999","-9999","-9999","-9999","-9999","-9999","-9999","-9999","-9999","-9999","-9999","-9999","-9999","-9999","-9999","-9999","-9999","-9999","-9999","-9999","-9999","-9999","-9999","-9999","-9999","-9999","-9999","-9999","-9999","-9999","-9999","-9999","-9999","-9999","-9999","-9999","-9999","-9999","-9999","-9999","-9999","-9999","-9999","-9999","-9999","-9999","-9999","-9999","-9999","-9999","-9999","-9999","-9999","-9999","-9999","-9999","-9999","-9999","-9999","-9999","-9999","-9999","-9999","-9999","-9999","-9999","-9999","-9999","-9999","-9999","-9999","-9999","-9999","-9999","-9999","-9999","-9999","-9999","-9999","-9999","-9999","-9999","-9999","-9999","-9999","-9999","-9999","<25","-9999","-9999","-9999","-9999","-9999","-9999","-9999","-9999","-9999","-9999","-9999","-9999","-9999","-9999","-9999","-9999","-9999","-9999","-9999","-9999","-9999","-9999","-9999","-9999","-9999","-9999","-9999","-9999","-9999","-9999","-9999","-9999","Purple Rock Inc.","Alberta Geological Survey"
"65583","MAR_20020002-00016-5741-ICP-0.002pct-2001-11-29-Bondar-Clegg & Company Ltd.-N/A-N/A-","MAR_20020002","16","200134-006","5741","69.19","69.37","-9999","2001-11-29","2001-10-01","Bondar-Clegg & Company Ltd.","BOND-UNSP","Unspecified","0.002pct","Submitted sample","ICP","-9999","-9999","-9999","-9999","-9999","-9999","-9999","-9999","-9999","-9999","-9999","-9999","-9999","-9999","-9999","-9999","-9999","-9999","-9999","-9999","-9999","-9999","-9999","-9999","-9999","-9999","-9999","-9999","-9999","-9999","-9999","-9999","-9999","-9999","-9999","-9999","-9999","-9999","-9999","-9999","-9999","-9999","-9999","-9999","-9999","-9999","-9999","-9999","-9999","-9999","-9999","-9999","-9999","-9999","-9999","-9999","-9999","-9999","-9999","-9999","-9999","-9999","-9999","-9999","-9999","-9999","-9999","-9999","-9999","-9999","-9999","-9999","-9999","-9999","-9999","-9999","-9999","-9999","-9999","-9999","-9999","-9999","-9999","-9999","-9999","-9999","-9999","-9999","-9999","-9999","-9999","-9999","-9999","-9999","-9999","-9999","-9999","-9999","-9999","-9999","-9999","-9999","-9999","-9999","-9999","-9999","-9999","-9999","-9999","-9999","-9999","-9999","-9999","-9999","-9999","-9999","-9999","-9999","-9999","-9999","-9999","-9999","-9999","-9999","-9999","-9999","-9999","-9999","-9999","-9999","-9999","-9999","-9999","-9999","-9999","-9999","-9999","-9999","-9999","-9999","-9999","-9999","-9999","-9999","-9999","-9999","-9999","-9999","-9999","-9999","-9999","-9999","-9999","-9999","-9999","-9999","-9999","-9999","-9999","-9999","-9999","-9999","-9999","-9999","-9999","-9999","-9999","-9999","-9999","-9999","-9999","0.63","-9999","-9999","-9999","-9999","-9999","-9999","-9999","-9999","-9999","-9999","-9999","-9999","-9999","-9999","-9999","-9999","-9999","-9999","-9999","-9999","-9999","-9999","-9999","-9999","-9999","-9999","-9999","-9999","-9999","-9999","-9999","-9999","-9999","-9999","-9999","-9999","-9999","-9999","-9999","-9999","-9999","-9999","-9999","-9999","-9999","-9999","-9999","-9999","-9999","-9999","-9999","-9999","-9999","-9999","-9999","-9999","-9999","-9999","-9999","-9999","-9999","-9999","Purple Rock Inc.","Alberta Geological Survey"
"65584","MAR_20020002-00016-5741-ICP-20.0ppm-2001-11-29-Bondar-Clegg & Company Ltd.-N/A-N/A-","MAR_20020002","16","200134-006","5741","69.19","69.37","-9999","2001-11-29","2001-10-01","Bondar-Clegg & Company Ltd.","BOND-UNSP","Unspecified","20.0ppm","Submitted sample","ICP","-9999","-9999","-9999","-9999","-9999","-9999","-9999","-9999","-9999","-9999","-9999","-9999","-9999","-9999","-9999","-9999","-9999","-9999","-9999","-9999","-9999","-9999","-9999","-9999","-9999","-9999","-9999","-9999","-9999","-9999","-9999","-9999","-9999","-9999","-9999","-9999","-9999","-9999","-9999","-9999","-9999","-9999","-9999","-9999","-9999","-9999","-9999","-9999","-9999","-9999","-9999","-9999","-9999","-9999","-9999","-9999","-9999","-9999","-9999","-9999","-9999","-9999","-9999","-9999","-9999","-9999","-9999","-9999","-9999","-9999","-9999","-9999","-9999","-9999","-9999","-9999","-9999","-9999","-9999","-9999","-9999","-9999","-9999","-9999","-9999","-9999","-9999","-9999","-9999","-9999","-9999","-9999","-9999","-9999","-9999","-9999","-9999","-9999","-9999","-9999","-9999","-9999","-9999","-9999","-9999","-9999","-9999","-9999","-9999","-9999","-9999","-9999","-9999","-9999","-9999","-9999","-9999","-9999","-9999","-9999","-9999","-9999","-9999","-9999","-9999","-9999","-9999","-9999","-9999","-9999","-9999","-9999","-9999","-9999","-9999","-9999","-9999","-9999","-9999","-9999","-9999","-9999","-9999","-9999","-9999","-9999","-9999","-9999","-9999","-9999","-9999","-9999","-9999","-9999","-9999","-9999","-9999","-9999","-9999","-9999","-9999","-9999","-9999","-9999","-9999","-9999","-9999","-9999","-9999","-9999","-9999","-9999","-9999","-9999","-9999","-9999","-9999","-9999","-9999","-9999","-9999","-9999","-9999","-9999","-9999","-9999","-9999","<20","-9999","-9999","-9999","-9999","-9999","-9999","-9999","-9999","-9999","-9999","-9999","-9999","-9999","-9999","-9999","-9999","-9999","-9999","-9999","-9999","-9999","-9999","-9999","-9999","-9999","-9999","-9999","-9999","-9999","-9999","-9999","<20","-9999","-9999","-9999","-9999","-9999","-9999","-9999","-9999","-9999","-9999","-9999","-9999","-9999","-9999","Purple Rock Inc.","Alberta Geological Survey"
"65585","MAR_20020002-00016-5741-ICP-0.5ppm-2001-11-29-Bondar-Clegg & Company Ltd.-N/A-N/A-","MAR_20020002","16","200134-006","5741","69.19","69.37","-9999","2001-11-29","2001-10-01","Bondar-Clegg & Company Ltd.","BOND-UNSP","Unspecified","0.5ppm","Submitted sample","ICP","-9999","-9999","-9999","-9999","-9999","<0.5","-9999","-9999","-9999","-9999","-9999","-9999","-9999","-9999","-9999","-9999","-9999","-9999","-9999","-9999","-9999","-9999","-9999","-9999","-9999","-9999","-9999","-9999","-9999","-9999","-9999","-9999","-9999","-9999","-9999","-9999","-9999","-9999","-9999","-9999","-9999","-9999","-9999","-9999","-9999","-9999","-9999","-9999","-9999","-9999","-9999","-9999","-9999","-9999","-9999","-9999","-9999","-9999","-9999","-9999","-9999","-9999","-9999","-9999","-9999","-9999","-9999","-9999","-9999","-9999","-9999","-9999","-9999","-9999","-9999","-9999","-9999","-9999","-9999","-9999","-9999","-9999","-9999","-9999","-9999","-9999","-9999","-9999","-9999","-9999","-9999","-9999","-9999","-9999","-9999","-9999","-9999","-9999","-9999","-9999","-9999","-9999","-9999","-9999","-9999","-9999","-9999","-9999","-9999","-9999","-9999","-9999","-9999","-9999","-9999","-9999","-9999","-9999","-9999","-9999","-9999","-9999","-9999","-9999","-9999","-9999","-9999","-9999","-9999","-9999","-9999","-9999","-9999","-9999","-9999","-9999","-9999","-9999","-9999","-9999","-9999","-9999","-9999","-9999","-9999","-9999","-9999","-9999","-9999","-9999","-9999","-9999","-9999","-9999","-9999","-9999","-9999","-9999","-9999","-9999","-9999","-9999","-9999","-9999","-9999","-9999","-9999","-9999","-9999","-9999","-9999","-9999","-9999","-9999","-9999","-9999","-9999","-9999","-9999","-9999","-9999","-9999","-9999","-9999","-9999","-9999","-9999","-9999","-9999","-9999","-9999","-9999","-9999","-9999","-9999","-9999","-9999","-9999","-9999","-9999","-9999","-9999","-9999","-9999","-9999","-9999","-9999","-9999","-9999","-9999","-9999","-9999","-9999","-9999","-9999","-9999","-9999","-9999","-9999","-9999","-9999","-9999","-9999","-9999","-9999","-9999","-9999","-9999","-9999","-9999","-9999","-9999","-9999","-9999","Purple Rock Inc.","Alberta Geological Survey"
"65956","MAR_20020002-00017-5742-ICP-0.01pct-2001-11-29-Bondar-Clegg & Company Ltd.-N/A-N/A-","MAR_20020002","17","200134-006","5742","69.37","69.8","-9999","2001-11-29","2001-10-01","Bondar-Clegg & Company Ltd.","BOND-UNSP","Unspecified","0.01pct","Submitted sample","ICP","-9999","-9999","-9999","-9999","-9999","-9999","-9999","-9999","1.86","-9999","-9999","-9999","-9999","-9999","-9999","-9999","-9999","-9999","-9999","-9999","-9999","-9999","-9999","-9999","-9999","-9999","-9999","-9999","-9999","-9999","-9999","-9999","-9999","-9999",">10.00","-9999","-9999","-9999","-9999","-9999","-9999","-9999","-9999","-9999","-9999","-9999","-9999","-9999","-9999","-9999","-9999","-9999","-9999","-9999","-9999","-9999","-9999","-9999","-9999","-9999","-9999","-9999","-9999","-9999","-9999","-9999","-9999","-9999","-9999","-9999","-9999","-9999","4.6","-9999","-9999","-9999","-9999","-9999","-9999","-9999","-9999","-9999","-9999","-9999","-9999","-9999","-9999","-9999","-9999","-9999","-9999","-9999","-9999","0.67","-9999","-9999","-9999","-9999","-9999","-9999","-9999","-9999","-9999","-9999","-9999","-9999","-9999","-9999","-9999","1.09","-9999","-9999","-9999","-9999","-9999","-9999","-9999","-9999","-9999","-9999","-9999","-9999","-9999","-9999","0.05","-9999","-9999","-9999","-9999","-9999","-9999","-9999","-9999","-9999","-9999","-9999","-9999","-9999","-9999","-9999","-9999","-9999","-9999","-9999","-9999","-9999","-9999","-9999","-9999","-9999","-9999","-9999","-9999","-9999","-9999","-9999","-9999","-9999","-9999","-9999","-9999","-9999","-9999","-9999","-9999","-9999","-9999","-9999","-9999","-9999","-9999","-9999","-9999","-9999","-9999","-9999","-9999","-9999","-9999","-9999","-9999","-9999","-9999","-9999","-9999","-9999","-9999","-9999","-9999","-9999","-9999","-9999","-9999","-9999","-9999","-9999","-9999","-9999","-9999","-9999","-9999","-9999","-9999","-9999","0.08","-9999","-9999","-9999","-9999","-9999","-9999","-9999","-9999","-9999","-9999","-9999","-9999","-9999","-9999","-9999","-9999","-9999","-9999","-9999","-9999","-9999","-9999","-9999","-9999","-9999","-9999","-9999","-9999","-9999","Purple Rock Inc.","Alberta Geological Survey"
"65957","MAR_20020002-00017-5742-ICP-2.0ppm-2001-11-29-Bondar-Clegg & Company Ltd.-N/A-N/A-","MAR_20020002","17","200134-006","5742","69.37","69.8","-9999","2001-11-29","2001-10-01","Bondar-Clegg & Company Ltd.","BOND-UNSP","Unspecified","2.0ppm","Submitted sample","ICP","-9999","-9999","-9999","-9999","-9999","-9999","-9999","-9999","-9999","-9999","-9999","-9999","-9999","-9999","-9999","-9999","-9999","-9999","-9999","-9999","-9999","-9999","-9999","-9999","-9999","-9999","-9999","-9999","-9999","-9999","-9999","-9999","-9999","-9999","-9999","-9999","-9999","-9999","-9999","-9999","-9999","-9999","-9999","-9999","-9999","-9999","-9999","-9999","-9999","-9999","-9999","-9999","-9999","20","-9999","-9999","-9999","-9999","-9999","-9999","-9999","-9999","-9999","-9999","-9999","-9999","-9999","-9999","-9999","-9999","-9999","-9999","-9999","-9999","-9999","-9999","-9999","-9999","-9999","-9999","-9999","-9999","-9999","-9999","-9999","-9999","-9999","-9999","-9999","-9999","-9999","-9999","-9999","-9999","-9999","-9999","-9999","-9999","-9999","-9999","-9999","-9999","-9999","11","-9999","-9999","-9999","-9999","-9999","-9999","-9999","-9999","-9999","-9999","-9999","-9999","-9999","-9999","-9999","-9999","-9999","-9999","-9999","-9999","-9999","-9999","-9999","-9999","-9999","-9999","-9999","-9999","-9999","-9999","-9999","-9999","-9999","-9999","-9999","-9999","-9999","-9999","-9999","-9999","-9999","<2","-9999","-9999","-9999","-9999","-9999","-9999","-9999","-9999","-9999","-9999","-9999","-9999","-9999","-9999","-9999","-9999","-9999","-9999","-9999","-9999","-9999","-9999","-9999","-9999","-9999","-9999","-9999","-9999","-9999","-9999","-9999","-9999","-9999","-9999","-9999","-9999","-9999","-9999","-9999","-9999","-9999","-9999","-9999","-9999","-9999","-9999","-9999","-9999","-9999","-9999","-9999","-9999","-9999","-9999","-9999","-9999","-9999","-9999","-9999","-9999","-9999","-9999","-9999","-9999","-9999","-9999","-9999","-9999","-9999","-9999","23","-9999","-9999","-9999","-9999","-9999","-9999","-9999","-9999","-9999","-9999","38","-9999","-9999","-9999","-9999","-9999","-9999","Purple Rock Inc.","Alberta Geological Survey"
"65958","MAR_20020002-00017-5742-ICP-0.5ppm-2001-11-29-Bondar-Clegg & Company Ltd.-N/A-N/A-","MAR_20020002","17","200134-006","5742","69.37","69.8","-9999","2001-11-29","2001-10-01","Bondar-Clegg & Company Ltd.","BOND-UNSP","Unspecified","0.5ppm","Submitted sample","ICP","-9999","-9999","-9999","-9999","-9999","1.2","-9999","-9999","-9999","-9999","-9999","-9999","-9999","-9999","-9999","-9999","-9999","-9999","-9999","-9999","-9999","-9999","-9999","-9999","-9999","-9999","-9999","-9999","-9999","-9999","-9999","-9999","-9999","-9999","-9999","-9999","-9999","-9999","-9999","-9999","-9999","-9999","-9999","-9999","-9999","-9999","-9999","-9999","-9999","-9999","-9999","-9999","-9999","-9999","-9999","-9999","-9999","-9999","-9999","-9999","-9999","-9999","-9999","-9999","-9999","-9999","-9999","-9999","-9999","-9999","-9999","-9999","-9999","-9999","-9999","-9999","-9999","-9999","-9999","-9999","-9999","-9999","-9999","-9999","-9999","-9999","-9999","-9999","-9999","-9999","-9999","-9999","-9999","-9999","-9999","-9999","-9999","-9999","-9999","-9999","-9999","-9999","-9999","-9999","-9999","-9999","-9999","-9999","-9999","-9999","-9999","-9999","-9999","-9999","-9999","-9999","-9999","-9999","-9999","-9999","-9999","-9999","-9999","-9999","-9999","-9999","-9999","-9999","-9999","-9999","-9999","-9999","-9999","-9999","-9999","-9999","-9999","-9999","-9999","-9999","-9999","-9999","-9999","-9999","-9999","-9999","-9999","-9999","-9999","-9999","-9999","-9999","-9999","-9999","-9999","-9999","-9999","-9999","-9999","-9999","-9999","-9999","-9999","-9999","-9999","-9999","-9999","-9999","-9999","-9999","-9999","-9999","-9999","-9999","-9999","-9999","-9999","-9999","-9999","-9999","-9999","-9999","-9999","-9999","-9999","-9999","-9999","-9999","-9999","-9999","-9999","-9999","-9999","-9999","-9999","-9999","-9999","-9999","-9999","-9999","-9999","-9999","-9999","-9999","-9999","-9999","-9999","-9999","-9999","-9999","-9999","-9999","-9999","-9999","-9999","-9999","-9999","-9999","-9999","-9999","-9999","-9999","-9999","-9999","-9999","-9999","-9999","-9999","-9999","-9999","-9999","-9999","-9999","-9999","Purple Rock Inc.","Alberta Geological Survey"
"65959","MAR_20020002-00017-5742-ICP-25.0ppm-2001-11-29-Bondar-Clegg & Company Ltd.-N/A-N/A-","MAR_20020002","17","200134-006","5742","69.37","69.8","-9999","2001-11-29","2001-10-01","Bondar-Clegg & Company Ltd.","BOND-UNSP","Unspecified","25.0ppm","Submitted sample","ICP","-9999","-9999","-9999","-9999","-9999","-9999","-9999","-9999","-9999","-9999","-9999","-9999","-9999","-9999","-9999","-9999","-9999","-9999","-9999","-9999","-9999","-9999","-9999","-9999","-9999","-9999","-9999","-9999","-9999","-9999","-9999","-9999","-9999","-9999","-9999","-9999","-9999","-9999","-9999","-9999","-9999","-9999","-9999","-9999","-9999","-9999","-9999","-9999","-9999","-9999","-9999","-9999","-9999","-9999","-9999","-9999","-9999","-9999","-9999","-9999","-9999","-9999","-9999","-9999","-9999","-9999","-9999","-9999","-9999","-9999","-9999","-9999","-9999","-9999","-9999","-9999","-9999","-9999","-9999","-9999","-9999","-9999","-9999","-9999","-9999","-9999","-9999","-9999","-9999","-9999","-9999","-9999","-9999","-9999","-9999","-9999","-9999","-9999","-9999","-9999","-9999","-9999","-9999","-9999","-9999","-9999","-9999","-9999","-9999","-9999","-9999","-9999","-9999","-9999","-9999","-9999","-9999","-9999","-9999","-9999","-9999","-9999","-9999","-9999","-9999","-9999","-9999","-9999","-9999","-9999","-9999","-9999","-9999","-9999","-9999","-9999","-9999","-9999","-9999","-9999","-9999","-9999","-9999","-9999","-9999","-9999","-9999","-9999","-9999","-9999","-9999","-9999","-9999","-9999","-9999","-9999","-9999","-9999","-9999","-9999","-9999","-9999","-9999","-9999","-9999","-9999","-9999","-9999","-9999","-9999","-9999","-9999","-9999","-9999","-9999","-9999","-9999","-9999","-9999","-9999","-9999","-9999","-9999","-9999","-9999","-9999","-9999","-9999","-9999","-9999","-9999","-9999","-9999","-9999","-9999","-9999","-9999","-9999","-9999","-9999","-9999","<25","-9999","-9999","-9999","-9999","-9999","-9999","-9999","-9999","-9999","-9999","-9999","-9999","-9999","-9999","-9999","-9999","-9999","-9999","-9999","-9999","-9999","-9999","-9999","-9999","-9999","-9999","-9999","-9999","-9999","-9999","-9999","-9999","Purple Rock Inc.","Alberta Geological Survey"
"65960","MAR_20020002-00017-5742-ICP-5.0ppm-2001-11-29-Bondar-Clegg & Company Ltd.-N/A-N/A-","MAR_20020002","17","200134-006","5742","69.37","69.8","-9999","2001-11-29","2001-10-01","Bondar-Clegg & Company Ltd.","BOND-UNSP","Unspecified","5.0ppm","Submitted sample","ICP","-9999","-9999","-9999","-9999","-9999","-9999","-9999","-9999","-9999","-9999","-9999","-9999","6","-9999","-9999","-9999","-9999","-9999","-9999","-9999","-9999","-9999","-9999","180","-9999","-9999","-9999","-9999","<5","-9999","-9999","-9999","-9999","-9999","-9999","-9999","-9999","-9999","-9999","-9999","-9999","-9999","-9999","-9999","-9999","-9999","-9999","-9999","-9999","-9999","-9999","-9999","-9999","-9999","-9999","-9999","-9999","-9999","-9999","-9999","-9999","-9999","-9999","-9999","-9999","-9999","-9999","-9999","-9999","-9999","-9999","-9999","-9999","-9999","-9999","-9999","-9999","-9999","-9999","-9999","-9999","-9999","-9999","-9999","-9999","-9999","-9999","-9999","-9999","-9999","-9999","-9999","-9999","-9999","-9999","-9999","-9999","-9999","-9999","-9999","-9999","8","-9999","-9999","-9999","-9999","-9999","-9999","-9999","-9999","-9999","-9999","-9999","-9999","-9999","-9999","-9999","903","-9999","-9999","-9999","-9999","-9999","-9999","-9999","-9999","-9999","-9999","-9999","<5","-9999","-9999","-9999","-9999","-9999","-9999","-9999","-9999","-9999","-9999","-9999","-9999","-9999","-9999","-9999","-9999","-9999","-9999","-9999","-9999","-9999","-9999","-9999","-9999","-9999","-9999","-9999","-9999","-9999","-9999","-9999","-9999","-9999","-9999","-9999","-9999","-9999","-9999","-9999","-9999","-9999","-9999","-9999","-9999","10","-9999","<5","-9999","-9999","-9999","-9999","-9999","-9999","-9999","-9999","-9999","-9999","-9999","-9999","-9999","-9999","-9999","-9999","-9999","-9999","-9999","<5","-9999","-9999","-9999","-9999","-9999","-9999","-9999","-9999","-9999","-9999","-9999","-9999","-9999","-9999","-9999","-9999","-9999","-9999","-9999","-9999","-9999","-9999","-9999","-9999","8","-9999","-9999","-9999","-9999","-9999","-9999","-9999","-9999","-9999","30","-9999","-9999","Purple Rock Inc.","Alberta Geological Survey"
"65961","MAR_20020002-00017-5742-ICP-1.0ppm-2001-11-29-Bondar-Clegg & Company Ltd.-N/A-N/A-","MAR_20020002","17","200134-006","5742","69.37","69.8","-9999","2001-11-29","2001-10-01","Bondar-Clegg & Company Ltd.","BOND-UNSP","Unspecified","1.0ppm","Submitted sample","ICP","-9999","-9999","-9999","-9999","-9999","-9999","-9999","-9999","-9999","-9999","-9999","-9999","-9999","-9999","-9999","-9999","-9999","-9999","-9999","-9999","-9999","-9999","-9999","-9999","-9999","-9999","-9999","-9999","-9999","-9999","-9999","-9999","-9999","-9999","-9999","-9999","-9999","-9999","-9999","-9999","-9999","-9999","<1.0","-9999","-9999","-9999","-9999","-9999","-9999","9","-9999","-9999","-9999","-9999","-9999","-9999","-9999","6","-9999","-9999","-9999","-9999","-9999","-9999","-9999","-9999","-9999","-9999","-9999","-9999","-9999","-9999","-9999","-9999","-9999","-9999","-9999","-9999","-9999","-9999","-9999","-9999","-9999","-9999","-9999","-9999","-9999","-9999","-9999","-9999","-9999","-9999","-9999","-9999","-9999","-9999","-9999","-9999","-9999","-9999","-9999","-9999","-9999","-9999","-9999","-9999","-9999","-9999","-9999","-9999","-9999","-9999","-9999","-9999","-9999","-9999","-9999","-9999","-9999","-9999","-9999","3","-9999","-9999","-9999","-9999","-9999","-9999","-9999","-9999","-9999","-9999","-9999","-9999","17","-9999","-9999","-9999","-9999","-9999","-9999","-9999","-9999","-9999","-9999","-9999","-9999","-9999","-9999","-9999","-9999","-9999","-9999","-9999","-9999","-9999","-9999","-9999","-9999","-9999","-9999","-9999","-9999","-9999","-9999","-9999","-9999","-9999","-9999","-9999","-9999","-9999","-9999","-9999","-9999","-9999","-9999","-9999","-9999","-9999","-9999","-9999","-9999","-9999","-9999","-9999","-9999","-9999","-9999","-9999","-9999","-9999","538","-9999","-9999","-9999","-9999","-9999","-9999","-9999","-9999","-9999","-9999","-9999","-9999","-9999","-9999","-9999","-9999","-9999","-9999","-9999","-9999","-9999","-9999","-9999","-9999","-9999","-9999","-9999","-9999","-9999","-9999","-9999","-9999","-9999","-9999","-9999","-9999","-9999","-9999","-9999","-9999","-9999","Purple Rock Inc.","Alberta Geological Survey"
"65962","MAR_20020002-00017-5742-ICP-10.0ppm-2001-11-29-Bondar-Clegg & Company Ltd.-N/A-N/A-","MAR_20020002","17","200134-006","5742","69.37","69.8","-9999","2001-11-29","2001-10-01","Bondar-Clegg & Company Ltd.","BOND-UNSP","Unspecified","10.0ppm","Submitted sample","ICP","-9999","-9999","-9999","-9999","-9999","-9999","-9999","-9999","-9999","-9999","-9999","-9999","-9999","-9999","-9999","-9999","-9999","-9999","-9999","-9999","-9999","-9999","-9999","-9999","-9999","-9999","-9999","-9999","-9999","-9999","-9999","-9999","-9999","-9999","-9999","-9999","-9999","-9999","-9999","-9999","-9999","-9999","-9999","-9999","-9999","-9999","-9999","-9999","-9999","-9999","-9999","-9999","-9999","-9999","-9999","-9999","-9999","-9999","-9999","-9999","-9999","-9999","-9999","-9999","-9999","-9999","-9999","-9999","-9999","-9999","-9999","-9999","-9999","-9999","-9999","-9999","<10","-9999","-9999","-9999","-9999","-9999","-9999","-9999","-9999","-9999","-9999","-9999","-9999","-9999","-9999","-9999","-9999","-9999","-9999","-9999","-9999","-9999","-9999","-9999","-9999","-9999","-9999","-9999","-9999","-9999","-9999","-9999","-9999","-9999","-9999","-9999","-9999","-9999","-9999","-9999","-9999","-9999","-9999","-9999","-9999","-9999","-9999","-9999","-9999","-9999","-9999","-9999","-9999","-9999","-9999","-9999","-9999","-9999","-9999","-9999","-9999","-9999","-9999","-9999","-9999","-9999","-9999","-9999","-9999","-9999","-9999","-9999","-9999","-9999","-9999","-9999","-9999","-9999","-9999","-9999","-9999","-9999","-9999","-9999","-9999","-9999","-9999","-9999","-9999","-9999","-9999","-9999","-9999","-9999","-9999","-9999","-9999","-9999","-9999","-9999","-9999","-9999","-9999","-9999","-9999","-9999","-9999","-9999","-9999","-9999","-9999","-9999","-9999","-9999","-9999","-9999","-9999","-9999","-9999","-9999","-9999","-9999","-9999","-9999","-9999","-9999","-9999","-9999","-9999","-9999","-9999","-9999","-9999","-9999","-9999","-9999","-9999","-9999","-9999","-9999","-9999","-9999","-9999","-9999","-9999","-9999","-9999","-9999","-9999","-9999","-9999","-9999","-9999","-9999","-9999","-9999","-9999","-9999","Purple Rock Inc.","Alberta Geological Survey"
"65963","MAR_20020002-00017-5742-ICP-0.002pct-2001-11-29-Bondar-Clegg & Company Ltd.-N/A-N/A-","MAR_20020002","17","200134-006","5742","69.37","69.8","-9999","2001-11-29","2001-10-01","Bondar-Clegg & Company Ltd.","BOND-UNSP","Unspecified","0.002pct","Submitted sample","ICP","-9999","-9999","-9999","-9999","-9999","-9999","-9999","-9999","-9999","-9999","-9999","-9999","-9999","-9999","-9999","-9999","-9999","-9999","-9999","-9999","-9999","-9999","-9999","-9999","-9999","-9999","-9999","-9999","-9999","-9999","-9999","-9999","-9999","-9999","-9999","-9999","-9999","-9999","-9999","-9999","-9999","-9999","-9999","-9999","-9999","-9999","-9999","-9999","-9999","-9999","-9999","-9999","-9999","-9999","-9999","-9999","-9999","-9999","-9999","-9999","-9999","-9999","-9999","-9999","-9999","-9999","-9999","-9999","-9999","-9999","-9999","-9999","-9999","-9999","-9999","-9999","-9999","-9999","-9999","-9999","-9999","-9999","-9999","-9999","-9999","-9999","-9999","-9999","-9999","-9999","-9999","-9999","-9999","-9999","-9999","-9999","-9999","-9999","-9999","-9999","-9999","-9999","-9999","-9999","-9999","-9999","-9999","-9999","-9999","-9999","-9999","-9999","-9999","-9999","-9999","-9999","-9999","-9999","-9999","-9999","-9999","-9999","-9999","-9999","-9999","-9999","-9999","-9999","-9999","-9999","-9999","-9999","-9999","-9999","-9999","-9999","-9999","-9999","-9999","-9999","-9999","-9999","-9999","-9999","-9999","-9999","-9999","-9999","-9999","-9999","-9999","-9999","-9999","-9999","-9999","-9999","-9999","-9999","-9999","-9999","-9999","-9999","-9999","-9999","-9999","-9999","-9999","-9999","-9999","-9999","-9999","4.089","-9999","-9999","-9999","-9999","-9999","-9999","-9999","-9999","-9999","-9999","-9999","-9999","-9999","-9999","-9999","-9999","-9999","-9999","-9999","-9999","-9999","-9999","-9999","-9999","-9999","-9999","-9999","-9999","-9999","-9999","-9999","-9999","-9999","-9999","-9999","-9999","-9999","-9999","-9999","-9999","-9999","-9999","-9999","-9999","-9999","-9999","-9999","-9999","-9999","-9999","-9999","-9999","-9999","-9999","-9999","-9999","-9999","-9999","-9999","-9999","-9999","-9999","Purple Rock Inc.","Alberta Geological Survey"
"65964","MAR_20020002-00017-5742-ICP-20.0ppm-2001-11-29-Bondar-Clegg & Company Ltd.-N/A-N/A-","MAR_20020002","17","200134-006","5742","69.37","69.8","-9999","2001-11-29","2001-10-01","Bondar-Clegg & Company Ltd.","BOND-UNSP","Unspecified","20.0ppm","Submitted sample","ICP","-9999","-9999","-9999","-9999","-9999","-9999","-9999","-9999","-9999","-9999","-9999","-9999","-9999","-9999","-9999","-9999","-9999","-9999","-9999","-9999","-9999","-9999","-9999","-9999","-9999","-9999","-9999","-9999","-9999","-9999","-9999","-9999","-9999","-9999","-9999","-9999","-9999","-9999","-9999","-9999","-9999","-9999","-9999","-9999","-9999","-9999","-9999","-9999","-9999","-9999","-9999","-9999","-9999","-9999","-9999","-9999","-9999","-9999","-9999","-9999","-9999","-9999","-9999","-9999","-9999","-9999","-9999","-9999","-9999","-9999","-9999","-9999","-9999","-9999","-9999","-9999","-9999","-9999","-9999","-9999","-9999","-9999","-9999","-9999","-9999","-9999","-9999","-9999","-9999","-9999","-9999","-9999","-9999","-9999","-9999","-9999","-9999","-9999","-9999","-9999","-9999","-9999","-9999","-9999","-9999","-9999","-9999","-9999","-9999","-9999","-9999","-9999","-9999","-9999","-9999","-9999","-9999","-9999","-9999","-9999","-9999","-9999","-9999","-9999","-9999","-9999","-9999","-9999","-9999","-9999","-9999","-9999","-9999","-9999","-9999","-9999","-9999","-9999","-9999","-9999","-9999","-9999","-9999","-9999","-9999","-9999","-9999","-9999","-9999","-9999","-9999","-9999","-9999","-9999","-9999","-9999","-9999","-9999","-9999","-9999","-9999","-9999","-9999","-9999","-9999","-9999","-9999","-9999","-9999","-9999","-9999","-9999","-9999","-9999","-9999","-9999","-9999","-9999","-9999","-9999","-9999","-9999","-9999","-9999","-9999","-9999","-9999","<20","-9999","-9999","-9999","-9999","-9999","-9999","-9999","-9999","-9999","-9999","-9999","-9999","-9999","-9999","-9999","-9999","-9999","-9999","-9999","-9999","-9999","-9999","-9999","-9999","-9999","-9999","-9999","-9999","-9999","-9999","-9999","<20","-9999","-9999","-9999","-9999","-9999","-9999","-9999","-9999","-9999","-9999","-9999","-9999","-9999","-9999","Purple Rock Inc.","Alberta Geological Survey"
"65965","MAR_20020002-00017-5742-ICP-10.0pct-2001-11-29-Bondar-Clegg & Company Ltd.-N/A-N/A-","MAR_20020002","17","200134-006","5742","69.37","69.8","-9999","2001-11-29","2001-10-01","Bondar-Clegg & Company Ltd.","BOND-UNSP","Unspecified","10.0pct","Submitted sample","ICP","-9999","-9999","-9999","-9999","-9999","-9999","-9999","-9999","-9999","-9999","-9999","-9999","-9999","-9999","-9999","-9999","-9999","-9999","-9999","-9999","-9999","-9999","-9999","-9999","-9999","-9999","-9999","-9999","-9999","-9999","-9999","-9999","-9999","27.4","-9999","-9999","-9999","-9999","-9999","-9999","-9999","-9999","-9999","-9999","-9999","-9999","-9999","-9999","-9999","-9999","-9999","-9999","-9999","-9999","-9999","-9999","-9999","-9999","-9999","-9999","-9999","-9999","-9999","-9999","-9999","-9999","-9999","-9999","-9999","-9999","-9999","-9999","-9999","-9999","-9999","-9999","-9999","-9999","-9999","-9999","-9999","-9999","-9999","-9999","-9999","-9999","-9999","-9999","-9999","-9999","-9999","-9999","-9999","-9999","-9999","-9999","-9999","-9999","-9999","-9999","-9999","-9999","-9999","-9999","-9999","-9999","-9999","-9999","-9999","-9999","-9999","-9999","-9999","-9999","-9999","-9999","-9999","-9999","-9999","-9999","-9999","-9999","-9999","-9999","-9999","-9999","-9999","-9999","-9999","-9999","-9999","-9999","-9999","-9999","-9999","-9999","-9999","-9999","-9999","-9999","-9999","-9999","-9999","-9999","-9999","-9999","-9999","-9999","-9999","-9999","-9999","-9999","-9999","-9999","-9999","-9999","-9999","-9999","-9999","-9999","-9999","-9999","-9999","-9999","-9999","-9999","-9999","-9999","-9999","-9999","-9999","-9999","-9999","-9999","-9999","-9999","-9999","-9999","-9999","-9999","-9999","-9999","-9999","-9999","-9999","-9999","-9999","-9999","-9999","-9999","-9999","-9999","-9999","-9999","-9999","-9999","-9999","-9999","-9999","-9999","-9999","-9999","-9999","-9999","-9999","-9999","-9999","-9999","-9999","-9999","-9999","-9999","-9999","-9999","-9999","-9999","-9999","-9999","-9999","-9999","-9999","-9999","-9999","-9999","-9999","-9999","-9999","-9999","-9999","-9999","-9999","-9999","-9999","-9999","Purple Rock Inc.","Alberta Geological Survey"
"66322","MAR_20020002-00018-5743-ICP-0.002pct-2001-11-29-Bondar-Clegg & Company Ltd.-N/A-N/A-","MAR_20020002","18","200134-006","5743","69.8","70.8","-9999","2001-11-29","2001-10-01","Bondar-Clegg & Company Ltd.","BOND-UNSP","Unspecified","0.002pct","Submitted sample","ICP","-9999","-9999","-9999","-9999","-9999","-9999","-9999","-9999","-9999","-9999","-9999","-9999","-9999","-9999","-9999","-9999","-9999","-9999","-9999","-9999","-9999","-9999","-9999","-9999","-9999","-9999","-9999","-9999","-9999","-9999","-9999","-9999","-9999","-9999","-9999","-9999","-9999","-9999","-9999","-9999","-9999","-9999","-9999","-9999","-9999","-9999","-9999","-9999","-9999","-9999","-9999","-9999","-9999","-9999","-9999","-9999","-9999","-9999","-9999","-9999","-9999","-9999","-9999","-9999","-9999","-9999","-9999","-9999","-9999","-9999","-9999","-9999","-9999","-9999","-9999","-9999","-9999","-9999","-9999","-9999","-9999","-9999","-9999","-9999","-9999","-9999","-9999","-9999","-9999","-9999","-9999","-9999","-9999","-9999","-9999","-9999","-9999","-9999","-9999","-9999","-9999","-9999","-9999","-9999","-9999","-9999","-9999","-9999","-9999","-9999","-9999","-9999","-9999","-9999","-9999","-9999","-9999","-9999","-9999","-9999","-9999","-9999","-9999","-9999","-9999","-9999","-9999","-9999","-9999","-9999","-9999","-9999","-9999","-9999","-9999","-9999","-9999","-9999","-9999","-9999","-9999","-9999","-9999","-9999","-9999","-9999","-9999","-9999","-9999","-9999","-9999","-9999","-9999","-9999","-9999","-9999","-9999","-9999","-9999","-9999","-9999","-9999","-9999","-9999","-9999","-9999","-9999","-9999","-9999","-9999","-9999","1.795","-9999","-9999","-9999","-9999","-9999","-9999","-9999","-9999","-9999","-9999","-9999","-9999","-9999","-9999","-9999","-9999","-9999","-9999","-9999","-9999","-9999","-9999","-9999","-9999","-9999","-9999","-9999","-9999","-9999","-9999","-9999","-9999","-9999","-9999","-9999","-9999","-9999","-9999","-9999","-9999","-9999","-9999","-9999","-9999","-9999","-9999","-9999","-9999","-9999","-9999","-9999","-9999","-9999","-9999","-9999","-9999","-9999","-9999","-9999","-9999","-9999","-9999","Purple Rock Inc.","Alberta Geological Survey"
"66323","MAR_20020002-00018-5743-ICP-0.5ppm-2001-11-29-Bondar-Clegg & Company Ltd.-N/A-N/A-","MAR_20020002","18","200134-006","5743","69.8","70.8","-9999","2001-11-29","2001-10-01","Bondar-Clegg & Company Ltd.","BOND-UNSP","Unspecified","0.5ppm","Submitted sample","ICP","-9999","-9999","-9999","-9999","-9999","0.7","-9999","-9999","-9999","-9999","-9999","-9999","-9999","-9999","-9999","-9999","-9999","-9999","-9999","-9999","-9999","-9999","-9999","-9999","-9999","-9999","-9999","-9999","-9999","-9999","-9999","-9999","-9999","-9999","-9999","-9999","-9999","-9999","-9999","-9999","-9999","-9999","-9999","-9999","-9999","-9999","-9999","-9999","-9999","-9999","-9999","-9999","-9999","-9999","-9999","-9999","-9999","-9999","-9999","-9999","-9999","-9999","-9999","-9999","-9999","-9999","-9999","-9999","-9999","-9999","-9999","-9999","-9999","-9999","-9999","-9999","-9999","-9999","-9999","-9999","-9999","-9999","-9999","-9999","-9999","-9999","-9999","-9999","-9999","-9999","-9999","-9999","-9999","-9999","-9999","-9999","-9999","-9999","-9999","-9999","-9999","-9999","-9999","-9999","-9999","-9999","-9999","-9999","-9999","-9999","-9999","-9999","-9999","-9999","-9999","-9999","-9999","-9999","-9999","-9999","-9999","-9999","-9999","-9999","-9999","-9999","-9999","-9999","-9999","-9999","-9999","-9999","-9999","-9999","-9999","-9999","-9999","-9999","-9999","-9999","-9999","-9999","-9999","-9999","-9999","-9999","-9999","-9999","-9999","-9999","-9999","-9999","-9999","-9999","-9999","-9999","-9999","-9999","-9999","-9999","-9999","-9999","-9999","-9999","-9999","-9999","-9999","-9999","-9999","-9999","-9999","-9999","-9999","-9999","-9999","-9999","-9999","-9999","-9999","-9999","-9999","-9999","-9999","-9999","-9999","-9999","-9999","-9999","-9999","-9999","-9999","-9999","-9999","-9999","-9999","-9999","-9999","-9999","-9999","-9999","-9999","-9999","-9999","-9999","-9999","-9999","-9999","-9999","-9999","-9999","-9999","-9999","-9999","-9999","-9999","-9999","-9999","-9999","-9999","-9999","-9999","-9999","-9999","-9999","-9999","-9999","-9999","-9999","-9999","-9999","-9999","-9999","-9999","-9999","Purple Rock Inc.","Alberta Geological Survey"
"66324","MAR_20020002-00018-5743-ICP-0.01pct-2001-11-29-Bondar-Clegg & Company Ltd.-N/A-N/A-","MAR_20020002","18","200134-006","5743","69.8","70.8","-9999","2001-11-29","2001-10-01","Bondar-Clegg & Company Ltd.","BOND-UNSP","Unspecified","0.01pct","Submitted sample","ICP","-9999","-9999","-9999","-9999","-9999","-9999","-9999","-9999","4.04","-9999","-9999","-9999","-9999","-9999","-9999","-9999","-9999","-9999","-9999","-9999","-9999","-9999","-9999","-9999","-9999","-9999","-9999","-9999","-9999","-9999","-9999","-9999","-9999","-9999",">10.00","-9999","-9999","-9999","-9999","-9999","-9999","-9999","-9999","-9999","-9999","-9999","-9999","-9999","-9999","-9999","-9999","-9999","-9999","-9999","-9999","-9999","-9999","-9999","-9999","-9999","-9999","-9999","-9999","-9999","-9999","-9999","-9999","-9999","-9999","-9999","-9999","-9999","3.34","-9999","-9999","-9999","-9999","-9999","-9999","-9999","-9999","-9999","-9999","-9999","-9999","-9999","-9999","-9999","-9999","-9999","-9999","-9999","-9999","1.59","-9999","-9999","-9999","-9999","-9999","-9999","-9999","-9999","-9999","-9999","-9999","-9999","-9999","-9999","-9999","2.00","-9999","-9999","-9999","-9999","-9999","-9999","-9999","-9999","-9999","-9999","-9999","-9999","-9999","-9999","0.08","-9999","-9999","-9999","-9999","-9999","-9999","-9999","-9999","-9999","-9999","-9999","-9999","-9999","-9999","-9999","-9999","-9999","-9999","-9999","-9999","-9999","-9999","-9999","-9999","-9999","-9999","-9999","-9999","-9999","-9999","-9999","-9999","-9999","-9999","-9999","-9999","-9999","-9999","-9999","-9999","-9999","-9999","-9999","-9999","-9999","-9999","-9999","-9999","-9999","-9999","-9999","-9999","-9999","-9999","-9999","-9999","-9999","-9999","-9999","-9999","-9999","-9999","-9999","-9999","-9999","-9999","-9999","-9999","-9999","-9999","-9999","-9999","-9999","-9999","-9999","-9999","-9999","-9999","-9999","0.21","-9999","-9999","-9999","-9999","-9999","-9999","-9999","-9999","-9999","-9999","-9999","-9999","-9999","-9999","-9999","-9999","-9999","-9999","-9999","-9999","-9999","-9999","-9999","-9999","-9999","-9999","-9999","-9999","-9999","Purple Rock Inc.","Alberta Geological Survey"
"66325","MAR_20020002-00018-5743-ICP-1.0ppm-2001-11-29-Bondar-Clegg & Company Ltd.-N/A-N/A-","MAR_20020002","18","200134-006","5743","69.8","70.8","-9999","2001-11-29","2001-10-01","Bondar-Clegg & Company Ltd.","BOND-UNSP","Unspecified","1.0ppm","Submitted sample","ICP","-9999","-9999","-9999","-9999","-9999","-9999","-9999","-9999","-9999","-9999","-9999","-9999","-9999","-9999","-9999","-9999","-9999","-9999","-9999","-9999","-9999","-9999","-9999","-9999","-9999","-9999","-9999","-9999","-9999","-9999","-9999","-9999","-9999","-9999","-9999","-9999","-9999","-9999","-9999","-9999","-9999","-9999","<1.0","-9999","-9999","-9999","-9999","-9999","-9999","10","-9999","-9999","-9999","-9999","-9999","-9999","-9999","7","-9999","-9999","-9999","-9999","-9999","-9999","-9999","-9999","-9999","-9999","-9999","-9999","-9999","-9999","-9999","-9999","-9999","-9999","-9999","-9999","-9999","-9999","-9999","-9999","-9999","-9999","-9999","-9999","-9999","-9999","-9999","-9999","-9999","-9999","-9999","-9999","-9999","-9999","-9999","-9999","-9999","-9999","-9999","-9999","-9999","-9999","-9999","-9999","-9999","-9999","-9999","-9999","-9999","-9999","-9999","-9999","-9999","-9999","-9999","-9999","-9999","-9999","-9999","1","-9999","-9999","-9999","-9999","-9999","-9999","-9999","-9999","-9999","-9999","-9999","-9999","18","-9999","-9999","-9999","-9999","-9999","-9999","-9999","-9999","-9999","-9999","-9999","-9999","-9999","-9999","-9999","-9999","-9999","-9999","-9999","-9999","-9999","-9999","-9999","-9999","-9999","-9999","-9999","-9999","-9999","-9999","-9999","-9999","-9999","-9999","-9999","-9999","-9999","-9999","-9999","-9999","-9999","-9999","-9999","-9999","-9999","-9999","-9999","-9999","-9999","-9999","-9999","-9999","-9999","-9999","-9999","-9999","-9999","208","-9999","-9999","-9999","-9999","-9999","-9999","-9999","-9999","-9999","-9999","-9999","-9999","-9999","-9999","-9999","-9999","-9999","-9999","-9999","-9999","-9999","-9999","-9999","-9999","-9999","-9999","-9999","-9999","-9999","-9999","-9999","-9999","-9999","-9999","-9999","-9999","-9999","-9999","-9999","-9999","-9999","Purple Rock Inc.","Alberta Geological Survey"
"66326","MAR_20020002-00018-5743-ICP-10.0ppm-2001-11-29-Bondar-Clegg & Company Ltd.-N/A-N/A-","MAR_20020002","18","200134-006","5743","69.8","70.8","-9999","2001-11-29","2001-10-01","Bondar-Clegg & Company Ltd.","BOND-UNSP","Unspecified","10.0ppm","Submitted sample","ICP","-9999","-9999","-9999","-9999","-9999","-9999","-9999","-9999","-9999","-9999","-9999","-9999","-9999","-9999","-9999","-9999","-9999","-9999","-9999","-9999","-9999","-9999","-9999","-9999","-9999","-9999","-9999","-9999","-9999","-9999","-9999","-9999","-9999","-9999","-9999","-9999","-9999","-9999","-9999","-9999","-9999","-9999","-9999","-9999","-9999","-9999","-9999","-9999","-9999","-9999","-9999","-9999","-9999","-9999","-9999","-9999","-9999","-9999","-9999","-9999","-9999","-9999","-9999","-9999","-9999","-9999","-9999","-9999","-9999","-9999","-9999","-9999","-9999","-9999","-9999","-9999","<10","-9999","-9999","-9999","-9999","-9999","-9999","-9999","-9999","-9999","-9999","-9999","-9999","-9999","-9999","-9999","-9999","-9999","-9999","-9999","-9999","-9999","-9999","-9999","-9999","-9999","-9999","-9999","-9999","-9999","-9999","-9999","-9999","-9999","-9999","-9999","-9999","-9999","-9999","-9999","-9999","-9999","-9999","-9999","-9999","-9999","-9999","-9999","-9999","-9999","-9999","-9999","-9999","-9999","-9999","-9999","-9999","-9999","-9999","-9999","-9999","-9999","-9999","-9999","-9999","-9999","-9999","-9999","-9999","-9999","-9999","-9999","-9999","-9999","-9999","-9999","-9999","-9999","-9999","-9999","-9999","-9999","-9999","-9999","-9999","-9999","-9999","-9999","-9999","-9999","-9999","-9999","-9999","-9999","-9999","-9999","-9999","-9999","-9999","-9999","-9999","-9999","-9999","-9999","-9999","-9999","-9999","-9999","-9999","-9999","-9999","-9999","-9999","-9999","-9999","-9999","-9999","-9999","-9999","-9999","-9999","-9999","-9999","-9999","-9999","-9999","-9999","-9999","-9999","-9999","-9999","-9999","-9999","-9999","-9999","-9999","-9999","-9999","-9999","-9999","-9999","-9999","-9999","-9999","-9999","-9999","-9999","-9999","-9999","-9999","-9999","-9999","-9999","-9999","-9999","-9999","-9999","-9999","Purple Rock Inc.","Alberta Geological Survey"
"66327","MAR_20020002-00018-5743-ICP-5.0ppm-2001-11-29-Bondar-Clegg & Company Ltd.-N/A-N/A-","MAR_20020002","18","200134-006","5743","69.8","70.8","-9999","2001-11-29","2001-10-01","Bondar-Clegg & Company Ltd.","BOND-UNSP","Unspecified","5.0ppm","Submitted sample","ICP","-9999","-9999","-9999","-9999","-9999","-9999","-9999","-9999","-9999","-9999","-9999","-9999","<5","-9999","-9999","-9999","-9999","-9999","-9999","-9999","-9999","-9999","-9999","409","-9999","-9999","-9999","-9999","<5","-9999","-9999","-9999","-9999","-9999","-9999","-9999","-9999","-9999","-9999","-9999","-9999","-9999","-9999","-9999","-9999","-9999","-9999","-9999","-9999","-9999","-9999","-9999","-9999","-9999","-9999","-9999","-9999","-9999","-9999","-9999","-9999","-9999","-9999","-9999","-9999","-9999","-9999","-9999","-9999","-9999","-9999","-9999","-9999","-9999","-9999","-9999","-9999","-9999","-9999","-9999","-9999","-9999","-9999","-9999","-9999","-9999","-9999","-9999","-9999","-9999","-9999","-9999","-9999","-9999","-9999","-9999","-9999","-9999","-9999","-9999","-9999","18","-9999","-9999","-9999","-9999","-9999","-9999","-9999","-9999","-9999","-9999","-9999","-9999","-9999","-9999","-9999","907","-9999","-9999","-9999","-9999","-9999","-9999","-9999","-9999","-9999","-9999","-9999","5","-9999","-9999","-9999","-9999","-9999","-9999","-9999","-9999","-9999","-9999","-9999","-9999","-9999","-9999","-9999","-9999","-9999","-9999","-9999","-9999","-9999","-9999","-9999","-9999","-9999","-9999","-9999","-9999","-9999","-9999","-9999","-9999","-9999","-9999","-9999","-9999","-9999","-9999","-9999","-9999","-9999","-9999","-9999","-9999","<5","-9999","5","-9999","-9999","-9999","-9999","-9999","-9999","-9999","-9999","-9999","-9999","-9999","-9999","-9999","-9999","-9999","-9999","-9999","-9999","-9999","<5","-9999","-9999","-9999","-9999","-9999","-9999","-9999","-9999","-9999","-9999","-9999","-9999","-9999","-9999","-9999","-9999","-9999","-9999","-9999","-9999","-9999","-9999","-9999","-9999","13","-9999","-9999","-9999","-9999","-9999","-9999","-9999","-9999","-9999","66","-9999","-9999","Purple Rock Inc.","Alberta Geological Survey"
"66328","MAR_20020002-00018-5743-ICP-20.0ppm-2001-11-29-Bondar-Clegg & Company Ltd.-N/A-N/A-","MAR_20020002","18","200134-006","5743","69.8","70.8","-9999","2001-11-29","2001-10-01","Bondar-Clegg & Company Ltd.","BOND-UNSP","Unspecified","20.0ppm","Submitted sample","ICP","-9999","-9999","-9999","-9999","-9999","-9999","-9999","-9999","-9999","-9999","-9999","-9999","-9999","-9999","-9999","-9999","-9999","-9999","-9999","-9999","-9999","-9999","-9999","-9999","-9999","-9999","-9999","-9999","-9999","-9999","-9999","-9999","-9999","-9999","-9999","-9999","-9999","-9999","-9999","-9999","-9999","-9999","-9999","-9999","-9999","-9999","-9999","-9999","-9999","-9999","-9999","-9999","-9999","-9999","-9999","-9999","-9999","-9999","-9999","-9999","-9999","-9999","-9999","-9999","-9999","-9999","-9999","-9999","-9999","-9999","-9999","-9999","-9999","-9999","-9999","-9999","-9999","-9999","-9999","-9999","-9999","-9999","-9999","-9999","-9999","-9999","-9999","-9999","-9999","-9999","-9999","-9999","-9999","-9999","-9999","-9999","-9999","-9999","-9999","-9999","-9999","-9999","-9999","-9999","-9999","-9999","-9999","-9999","-9999","-9999","-9999","-9999","-9999","-9999","-9999","-9999","-9999","-9999","-9999","-9999","-9999","-9999","-9999","-9999","-9999","-9999","-9999","-9999","-9999","-9999","-9999","-9999","-9999","-9999","-9999","-9999","-9999","-9999","-9999","-9999","-9999","-9999","-9999","-9999","-9999","-9999","-9999","-9999","-9999","-9999","-9999","-9999","-9999","-9999","-9999","-9999","-9999","-9999","-9999","-9999","-9999","-9999","-9999","-9999","-9999","-9999","-9999","-9999","-9999","-9999","-9999","-9999","-9999","-9999","-9999","-9999","-9999","-9999","-9999","-9999","-9999","-9999","-9999","-9999","-9999","-9999","-9999","<20","-9999","-9999","-9999","-9999","-9999","-9999","-9999","-9999","-9999","-9999","-9999","-9999","-9999","-9999","-9999","-9999","-9999","-9999","-9999","-9999","-9999","-9999","-9999","-9999","-9999","-9999","-9999","-9999","-9999","-9999","-9999","<20","-9999","-9999","-9999","-9999","-9999","-9999","-9999","-9999","-9999","-9999","-9999","-9999","-9999","-9999","Purple Rock Inc.","Alberta Geological Survey"
"66329","MAR_20020002-00018-5743-ICP-2.0ppm-2001-11-29-Bondar-Clegg & Company Ltd.-N/A-N/A-","MAR_20020002","18","200134-006","5743","69.8","70.8","-9999","2001-11-29","2001-10-01","Bondar-Clegg & Company Ltd.","BOND-UNSP","Unspecified","2.0ppm","Submitted sample","ICP","-9999","-9999","-9999","-9999","-9999","-9999","-9999","-9999","-9999","-9999","-9999","-9999","-9999","-9999","-9999","-9999","-9999","-9999","-9999","-9999","-9999","-9999","-9999","-9999","-9999","-9999","-9999","-9999","-9999","-9999","-9999","-9999","-9999","-9999","-9999","-9999","-9999","-9999","-9999","-9999","-9999","-9999","-9999","-9999","-9999","-9999","-9999","-9999","-9999","-9999","-9999","-9999","-9999","43","-9999","-9999","-9999","-9999","-9999","-9999","-9999","-9999","-9999","-9999","-9999","-9999","-9999","-9999","-9999","-9999","-9999","-9999","-9999","-9999","-9999","-9999","-9999","-9999","-9999","-9999","-9999","-9999","-9999","-9999","-9999","-9999","-9999","-9999","-9999","-9999","-9999","-9999","-9999","-9999","-9999","-9999","-9999","-9999","-9999","-9999","-9999","-9999","-9999","25","-9999","-9999","-9999","-9999","-9999","-9999","-9999","-9999","-9999","-9999","-9999","-9999","-9999","-9999","-9999","-9999","-9999","-9999","-9999","-9999","-9999","-9999","-9999","-9999","-9999","-9999","-9999","-9999","-9999","-9999","-9999","-9999","-9999","-9999","-9999","-9999","-9999","-9999","-9999","-9999","-9999","<2","-9999","-9999","-9999","-9999","-9999","-9999","-9999","-9999","-9999","-9999","-9999","-9999","-9999","-9999","-9999","-9999","-9999","-9999","-9999","-9999","-9999","-9999","-9999","-9999","-9999","-9999","-9999","-9999","-9999","-9999","-9999","-9999","-9999","-9999","-9999","-9999","-9999","-9999","-9999","-9999","-9999","-9999","-9999","-9999","-9999","-9999","-9999","-9999","-9999","-9999","-9999","-9999","-9999","-9999","-9999","-9999","-9999","-9999","-9999","-9999","-9999","-9999","-9999","-9999","-9999","-9999","-9999","-9999","-9999","-9999","45","-9999","-9999","-9999","-9999","-9999","-9999","-9999","-9999","-9999","-9999","49","-9999","-9999","-9999","-9999","-9999","-9999","Purple Rock Inc.","Alberta Geological Survey"
"66330","MAR_20020002-00018-5743-ICP-10.0pct-2001-11-29-Bondar-Clegg & Company Ltd.-N/A-N/A-","MAR_20020002","18","200134-006","5743","69.8","70.8","-9999","2001-11-29","2001-10-01","Bondar-Clegg & Company Ltd.","BOND-UNSP","Unspecified","10.0pct","Submitted sample","ICP","-9999","-9999","-9999","-9999","-9999","-9999","-9999","-9999","-9999","-9999","-9999","-9999","-9999","-9999","-9999","-9999","-9999","-9999","-9999","-9999","-9999","-9999","-9999","-9999","-9999","-9999","-9999","-9999","-9999","-9999","-9999","-9999","-9999","18","-9999","-9999","-9999","-9999","-9999","-9999","-9999","-9999","-9999","-9999","-9999","-9999","-9999","-9999","-9999","-9999","-9999","-9999","-9999","-9999","-9999","-9999","-9999","-9999","-9999","-9999","-9999","-9999","-9999","-9999","-9999","-9999","-9999","-9999","-9999","-9999","-9999","-9999","-9999","-9999","-9999","-9999","-9999","-9999","-9999","-9999","-9999","-9999","-9999","-9999","-9999","-9999","-9999","-9999","-9999","-9999","-9999","-9999","-9999","-9999","-9999","-9999","-9999","-9999","-9999","-9999","-9999","-9999","-9999","-9999","-9999","-9999","-9999","-9999","-9999","-9999","-9999","-9999","-9999","-9999","-9999","-9999","-9999","-9999","-9999","-9999","-9999","-9999","-9999","-9999","-9999","-9999","-9999","-9999","-9999","-9999","-9999","-9999","-9999","-9999","-9999","-9999","-9999","-9999","-9999","-9999","-9999","-9999","-9999","-9999","-9999","-9999","-9999","-9999","-9999","-9999","-9999","-9999","-9999","-9999","-9999","-9999","-9999","-9999","-9999","-9999","-9999","-9999","-9999","-9999","-9999","-9999","-9999","-9999","-9999","-9999","-9999","-9999","-9999","-9999","-9999","-9999","-9999","-9999","-9999","-9999","-9999","-9999","-9999","-9999","-9999","-9999","-9999","-9999","-9999","-9999","-9999","-9999","-9999","-9999","-9999","-9999","-9999","-9999","-9999","-9999","-9999","-9999","-9999","-9999","-9999","-9999","-9999","-9999","-9999","-9999","-9999","-9999","-9999","-9999","-9999","-9999","-9999","-9999","-9999","-9999","-9999","-9999","-9999","-9999","-9999","-9999","-9999","-9999","-9999","-9999","-9999","-9999","-9999","-9999","Purple Rock Inc.","Alberta Geological Survey"
"66331","MAR_20020002-00018-5743-ICP-25.0ppm-2001-11-29-Bondar-Clegg & Company Ltd.-N/A-N/A-","MAR_20020002","18","200134-006","5743","69.8","70.8","-9999","2001-11-29","2001-10-01","Bondar-Clegg & Company Ltd.","BOND-UNSP","Unspecified","25.0ppm","Submitted sample","ICP","-9999","-9999","-9999","-9999","-9999","-9999","-9999","-9999","-9999","-9999","-9999","-9999","-9999","-9999","-9999","-9999","-9999","-9999","-9999","-9999","-9999","-9999","-9999","-9999","-9999","-9999","-9999","-9999","-9999","-9999","-9999","-9999","-9999","-9999","-9999","-9999","-9999","-9999","-9999","-9999","-9999","-9999","-9999","-9999","-9999","-9999","-9999","-9999","-9999","-9999","-9999","-9999","-9999","-9999","-9999","-9999","-9999","-9999","-9999","-9999","-9999","-9999","-9999","-9999","-9999","-9999","-9999","-9999","-9999","-9999","-9999","-9999","-9999","-9999","-9999","-9999","-9999","-9999","-9999","-9999","-9999","-9999","-9999","-9999","-9999","-9999","-9999","-9999","-9999","-9999","-9999","-9999","-9999","-9999","-9999","-9999","-9999","-9999","-9999","-9999","-9999","-9999","-9999","-9999","-9999","-9999","-9999","-9999","-9999","-9999","-9999","-9999","-9999","-9999","-9999","-9999","-9999","-9999","-9999","-9999","-9999","-9999","-9999","-9999","-9999","-9999","-9999","-9999","-9999","-9999","-9999","-9999","-9999","-9999","-9999","-9999","-9999","-9999","-9999","-9999","-9999","-9999","-9999","-9999","-9999","-9999","-9999","-9999","-9999","-9999","-9999","-9999","-9999","-9999","-9999","-9999","-9999","-9999","-9999","-9999","-9999","-9999","-9999","-9999","-9999","-9999","-9999","-9999","-9999","-9999","-9999","-9999","-9999","-9999","-9999","-9999","-9999","-9999","-9999","-9999","-9999","-9999","-9999","-9999","-9999","-9999","-9999","-9999","-9999","-9999","-9999","-9999","-9999","-9999","-9999","-9999","-9999","-9999","-9999","-9999","-9999","<25","-9999","-9999","-9999","-9999","-9999","-9999","-9999","-9999","-9999","-9999","-9999","-9999","-9999","-9999","-9999","-9999","-9999","-9999","-9999","-9999","-9999","-9999","-9999","-9999","-9999","-9999","-9999","-9999","-9999","-9999","-9999","-9999","Purple Rock Inc.","Alberta Geological Survey"
"66696","MAR_20020002-00019-5744-ICP-1.0ppm-2001-11-29-Bondar-Clegg & Company Ltd.-N/A-N/A-","MAR_20020002","19","200134-006","5744","70.8","71.8","-9999","2001-11-29","2001-10-01","Bondar-Clegg & Company Ltd.","BOND-UNSP","Unspecified","1.0ppm","Submitted sample","ICP","-9999","-9999","-9999","-9999","-9999","-9999","-9999","-9999","-9999","-9999","-9999","-9999","-9999","-9999","-9999","-9999","-9999","-9999","-9999","-9999","-9999","-9999","-9999","-9999","-9999","-9999","-9999","-9999","-9999","-9999","-9999","-9999","-9999","-9999","-9999","-9999","-9999","-9999","-9999","-9999","-9999","-9999","<1.0","-9999","-9999","-9999","-9999","-9999","-9999","17","-9999","-9999","-9999","-9999","-9999","-9999","-9999","17","-9999","-9999","-9999","-9999","-9999","-9999","-9999","-9999","-9999","-9999","-9999","-9999","-9999","-9999","-9999","-9999","-9999","-9999","-9999","-9999","-9999","-9999","-9999","-9999","-9999","-9999","-9999","-9999","-9999","-9999","-9999","-9999","-9999","-9999","-9999","-9999","-9999","-9999","-9999","-9999","-9999","-9999","-9999","-9999","-9999","-9999","-9999","-9999","-9999","-9999","-9999","-9999","-9999","-9999","-9999","-9999","-9999","-9999","-9999","-9999","-9999","-9999","-9999","2","-9999","-9999","-9999","-9999","-9999","-9999","-9999","-9999","-9999","-9999","-9999","-9999","29","-9999","-9999","-9999","-9999","-9999","-9999","-9999","-9999","-9999","-9999","-9999","-9999","-9999","-9999","-9999","-9999","-9999","-9999","-9999","-9999","-9999","-9999","-9999","-9999","-9999","-9999","-9999","-9999","-9999","-9999","-9999","-9999","-9999","-9999","-9999","-9999","-9999","-9999","-9999","-9999","-9999","-9999","-9999","-9999","-9999","-9999","-9999","-9999","-9999","-9999","-9999","-9999","-9999","-9999","-9999","-9999","-9999","251","-9999","-9999","-9999","-9999","-9999","-9999","-9999","-9999","-9999","-9999","-9999","-9999","-9999","-9999","-9999","-9999","-9999","-9999","-9999","-9999","-9999","-9999","-9999","-9999","-9999","-9999","-9999","-9999","-9999","-9999","-9999","-9999","-9999","-9999","-9999","-9999","-9999","-9999","-9999","-9999","-9999","Purple Rock Inc.","Alberta Geological Survey"
"66697","MAR_20020002-00019-5744-ICP-0.01pct-2001-11-29-Bondar-Clegg & Company Ltd.-N/A-N/A-","MAR_20020002","19","200134-006","5744","70.8","71.8","-9999","2001-11-29","2001-10-01","Bondar-Clegg & Company Ltd.","BOND-UNSP","Unspecified","0.01pct","Submitted sample","ICP","-9999","-9999","-9999","-9999","-9999","-9999","-9999","-9999","6.33","-9999","-9999","-9999","-9999","-9999","-9999","-9999","-9999","-9999","-9999","-9999","-9999","-9999","-9999","-9999","-9999","-9999","-9999","-9999","-9999","-9999","-9999","-9999","-9999","-9999",">10.00","-9999","-9999","-9999","-9999","-9999","-9999","-9999","-9999","-9999","-9999","-9999","-9999","-9999","-9999","-9999","-9999","-9999","-9999","-9999","-9999","-9999","-9999","-9999","-9999","-9999","-9999","-9999","-9999","-9999","-9999","-9999","-9999","-9999","-9999","-9999","-9999","-9999","2.85","-9999","-9999","-9999","-9999","-9999","-9999","-9999","-9999","-9999","-9999","-9999","-9999","-9999","-9999","-9999","-9999","-9999","-9999","-9999","-9999","2.18","-9999","-9999","-9999","-9999","-9999","-9999","-9999","-9999","-9999","-9999","-9999","-9999","-9999","-9999","-9999","1.75","-9999","-9999","-9999","-9999","-9999","-9999","-9999","-9999","-9999","-9999","-9999","-9999","-9999","-9999","0.12","-9999","-9999","-9999","-9999","-9999","-9999","-9999","-9999","-9999","-9999","-9999","-9999","-9999","-9999","-9999","-9999","-9999","-9999","-9999","-9999","-9999","-9999","-9999","-9999","-9999","-9999","-9999","-9999","-9999","-9999","-9999","-9999","-9999","-9999","-9999","-9999","-9999","-9999","-9999","-9999","-9999","-9999","-9999","-9999","-9999","-9999","-9999","-9999","-9999","-9999","-9999","-9999","-9999","-9999","-9999","-9999","-9999","-9999","-9999","-9999","-9999","-9999","-9999","-9999","-9999","-9999","-9999","-9999","-9999","-9999","-9999","-9999","-9999","-9999","-9999","-9999","-9999","-9999","-9999","0.29","-9999","-9999","-9999","-9999","-9999","-9999","-9999","-9999","-9999","-9999","-9999","-9999","-9999","-9999","-9999","-9999","-9999","-9999","-9999","-9999","-9999","-9999","-9999","-9999","-9999","-9999","-9999","-9999","-9999","Purple Rock Inc.","Alberta Geological Survey"
"66698","MAR_20020002-00019-5744-ICP-20.0ppm-2001-11-29-Bondar-Clegg & Company Ltd.-N/A-N/A-","MAR_20020002","19","200134-006","5744","70.8","71.8","-9999","2001-11-29","2001-10-01","Bondar-Clegg & Company Ltd.","BOND-UNSP","Unspecified","20.0ppm","Submitted sample","ICP","-9999","-9999","-9999","-9999","-9999","-9999","-9999","-9999","-9999","-9999","-9999","-9999","-9999","-9999","-9999","-9999","-9999","-9999","-9999","-9999","-9999","-9999","-9999","-9999","-9999","-9999","-9999","-9999","-9999","-9999","-9999","-9999","-9999","-9999","-9999","-9999","-9999","-9999","-9999","-9999","-9999","-9999","-9999","-9999","-9999","-9999","-9999","-9999","-9999","-9999","-9999","-9999","-9999","-9999","-9999","-9999","-9999","-9999","-9999","-9999","-9999","-9999","-9999","-9999","-9999","-9999","-9999","-9999","-9999","-9999","-9999","-9999","-9999","-9999","-9999","-9999","-9999","-9999","-9999","-9999","-9999","-9999","-9999","-9999","-9999","-9999","-9999","-9999","-9999","-9999","-9999","-9999","-9999","-9999","-9999","-9999","-9999","-9999","-9999","-9999","-9999","-9999","-9999","-9999","-9999","-9999","-9999","-9999","-9999","-9999","-9999","-9999","-9999","-9999","-9999","-9999","-9999","-9999","-9999","-9999","-9999","-9999","-9999","-9999","-9999","-9999","-9999","-9999","-9999","-9999","-9999","-9999","-9999","-9999","-9999","-9999","-9999","-9999","-9999","-9999","-9999","-9999","-9999","-9999","-9999","-9999","-9999","-9999","-9999","-9999","-9999","-9999","-9999","-9999","-9999","-9999","-9999","-9999","-9999","-9999","-9999","-9999","-9999","-9999","-9999","-9999","-9999","-9999","-9999","-9999","-9999","-9999","-9999","-9999","-9999","-9999","-9999","-9999","-9999","-9999","-9999","-9999","-9999","-9999","-9999","-9999","-9999","<20","-9999","-9999","-9999","-9999","-9999","-9999","-9999","-9999","-9999","-9999","-9999","-9999","-9999","-9999","-9999","-9999","-9999","-9999","-9999","-9999","-9999","-9999","-9999","-9999","-9999","-9999","-9999","-9999","-9999","-9999","-9999","<20","-9999","-9999","-9999","-9999","-9999","-9999","-9999","-9999","-9999","-9999","-9999","-9999","-9999","-9999","Purple Rock Inc.","Alberta Geological Survey"
"66699","MAR_20020002-00019-5744-ICP-10.0pct-2001-11-29-Bondar-Clegg & Company Ltd.-N/A-N/A-","MAR_20020002","19","200134-006","5744","70.8","71.8","-9999","2001-11-29","2001-10-01","Bondar-Clegg & Company Ltd.","BOND-UNSP","Unspecified","10.0pct","Submitted sample","ICP","-9999","-9999","-9999","-9999","-9999","-9999","-9999","-9999","-9999","-9999","-9999","-9999","-9999","-9999","-9999","-9999","-9999","-9999","-9999","-9999","-9999","-9999","-9999","-9999","-9999","-9999","-9999","-9999","-9999","-9999","-9999","-9999","-9999","14.4","-9999","-9999","-9999","-9999","-9999","-9999","-9999","-9999","-9999","-9999","-9999","-9999","-9999","-9999","-9999","-9999","-9999","-9999","-9999","-9999","-9999","-9999","-9999","-9999","-9999","-9999","-9999","-9999","-9999","-9999","-9999","-9999","-9999","-9999","-9999","-9999","-9999","-9999","-9999","-9999","-9999","-9999","-9999","-9999","-9999","-9999","-9999","-9999","-9999","-9999","-9999","-9999","-9999","-9999","-9999","-9999","-9999","-9999","-9999","-9999","-9999","-9999","-9999","-9999","-9999","-9999","-9999","-9999","-9999","-9999","-9999","-9999","-9999","-9999","-9999","-9999","-9999","-9999","-9999","-9999","-9999","-9999","-9999","-9999","-9999","-9999","-9999","-9999","-9999","-9999","-9999","-9999","-9999","-9999","-9999","-9999","-9999","-9999","-9999","-9999","-9999","-9999","-9999","-9999","-9999","-9999","-9999","-9999","-9999","-9999","-9999","-9999","-9999","-9999","-9999","-9999","-9999","-9999","-9999","-9999","-9999","-9999","-9999","-9999","-9999","-9999","-9999","-9999","-9999","-9999","-9999","-9999","-9999","-9999","-9999","-9999","-9999","-9999","-9999","-9999","-9999","-9999","-9999","-9999","-9999","-9999","-9999","-9999","-9999","-9999","-9999","-9999","-9999","-9999","-9999","-9999","-9999","-9999","-9999","-9999","-9999","-9999","-9999","-9999","-9999","-9999","-9999","-9999","-9999","-9999","-9999","-9999","-9999","-9999","-9999","-9999","-9999","-9999","-9999","-9999","-9999","-9999","-9999","-9999","-9999","-9999","-9999","-9999","-9999","-9999","-9999","-9999","-9999","-9999","-9999","-9999","-9999","-9999","-9999","-9999","Purple Rock Inc.","Alberta Geological Survey"
"66700","MAR_20020002-00019-5744-ICP-2.0ppm-2001-11-29-Bondar-Clegg & Company Ltd.-N/A-N/A-","MAR_20020002","19","200134-006","5744","70.8","71.8","-9999","2001-11-29","2001-10-01","Bondar-Clegg & Company Ltd.","BOND-UNSP","Unspecified","2.0ppm","Submitted sample","ICP","-9999","-9999","-9999","-9999","-9999","-9999","-9999","-9999","-9999","-9999","-9999","-9999","-9999","-9999","-9999","-9999","-9999","-9999","-9999","-9999","-9999","-9999","-9999","-9999","-9999","-9999","-9999","-9999","-9999","-9999","-9999","-9999","-9999","-9999","-9999","-9999","-9999","-9999","-9999","-9999","-9999","-9999","-9999","-9999","-9999","-9999","-9999","-9999","-9999","-9999","-9999","-9999","-9999","54","-9999","-9999","-9999","-9999","-9999","-9999","-9999","-9999","-9999","-9999","-9999","-9999","-9999","-9999","-9999","-9999","-9999","-9999","-9999","-9999","-9999","-9999","-9999","-9999","-9999","-9999","-9999","-9999","-9999","-9999","-9999","-9999","-9999","-9999","-9999","-9999","-9999","-9999","-9999","-9999","-9999","-9999","-9999","-9999","-9999","-9999","-9999","-9999","-9999","41","-9999","-9999","-9999","-9999","-9999","-9999","-9999","-9999","-9999","-9999","-9999","-9999","-9999","-9999","-9999","-9999","-9999","-9999","-9999","-9999","-9999","-9999","-9999","-9999","-9999","-9999","-9999","-9999","-9999","-9999","-9999","-9999","-9999","-9999","-9999","-9999","-9999","-9999","-9999","-9999","-9999","<2","-9999","-9999","-9999","-9999","-9999","-9999","-9999","-9999","-9999","-9999","-9999","-9999","-9999","-9999","-9999","-9999","-9999","-9999","-9999","-9999","-9999","-9999","-9999","-9999","-9999","-9999","-9999","-9999","-9999","-9999","-9999","-9999","-9999","-9999","-9999","-9999","-9999","-9999","-9999","-9999","-9999","-9999","-9999","-9999","-9999","-9999","-9999","-9999","-9999","-9999","-9999","-9999","-9999","-9999","-9999","-9999","-9999","-9999","-9999","-9999","-9999","-9999","-9999","-9999","-9999","-9999","-9999","-9999","-9999","-9999","73","-9999","-9999","-9999","-9999","-9999","-9999","-9999","-9999","-9999","-9999","63","-9999","-9999","-9999","-9999","-9999","-9999","Purple Rock Inc.","Alberta Geological Survey"
"66701","MAR_20020002-00019-5744-ICP-25.0ppm-2001-11-29-Bondar-Clegg & Company Ltd.-N/A-N/A-","MAR_20020002","19","200134-006","5744","70.8","71.8","-9999","2001-11-29","2001-10-01","Bondar-Clegg & Company Ltd.","BOND-UNSP","Unspecified","25.0ppm","Submitted sample","ICP","-9999","-9999","-9999","-9999","-9999","-9999","-9999","-9999","-9999","-9999","-9999","-9999","-9999","-9999","-9999","-9999","-9999","-9999","-9999","-9999","-9999","-9999","-9999","-9999","-9999","-9999","-9999","-9999","-9999","-9999","-9999","-9999","-9999","-9999","-9999","-9999","-9999","-9999","-9999","-9999","-9999","-9999","-9999","-9999","-9999","-9999","-9999","-9999","-9999","-9999","-9999","-9999","-9999","-9999","-9999","-9999","-9999","-9999","-9999","-9999","-9999","-9999","-9999","-9999","-9999","-9999","-9999","-9999","-9999","-9999","-9999","-9999","-9999","-9999","-9999","-9999","-9999","-9999","-9999","-9999","-9999","-9999","-9999","-9999","-9999","-9999","-9999","-9999","-9999","-9999","-9999","-9999","-9999","-9999","-9999","-9999","-9999","-9999","-9999","-9999","-9999","-9999","-9999","-9999","-9999","-9999","-9999","-9999","-9999","-9999","-9999","-9999","-9999","-9999","-9999","-9999","-9999","-9999","-9999","-9999","-9999","-9999","-9999","-9999","-9999","-9999","-9999","-9999","-9999","-9999","-9999","-9999","-9999","-9999","-9999","-9999","-9999","-9999","-9999","-9999","-9999","-9999","-9999","-9999","-9999","-9999","-9999","-9999","-9999","-9999","-9999","-9999","-9999","-9999","-9999","-9999","-9999","-9999","-9999","-9999","-9999","-9999","-9999","-9999","-9999","-9999","-9999","-9999","-9999","-9999","-9999","-9999","-9999","-9999","-9999","-9999","-9999","-9999","-9999","-9999","-9999","-9999","-9999","-9999","-9999","-9999","-9999","-9999","-9999","-9999","-9999","-9999","-9999","-9999","-9999","-9999","-9999","-9999","-9999","-9999","-9999","<25","-9999","-9999","-9999","-9999","-9999","-9999","-9999","-9999","-9999","-9999","-9999","-9999","-9999","-9999","-9999","-9999","-9999","-9999","-9999","-9999","-9999","-9999","-9999","-9999","-9999","-9999","-9999","-9999","-9999","-9999","-9999","-9999","Purple Rock Inc.","Alberta Geological Survey"
"66702","MAR_20020002-00019-5744-ICP-0.002pct-2001-11-29-Bondar-Clegg & Company Ltd.-N/A-N/A-","MAR_20020002","19","200134-006","5744","70.8","71.8","-9999","2001-11-29","2001-10-01","Bondar-Clegg & Company Ltd.","BOND-UNSP","Unspecified","0.002pct","Submitted sample","ICP","-9999","-9999","-9999","-9999","-9999","-9999","-9999","-9999","-9999","-9999","-9999","-9999","-9999","-9999","-9999","-9999","-9999","-9999","-9999","-9999","-9999","-9999","-9999","-9999","-9999","-9999","-9999","-9999","-9999","-9999","-9999","-9999","-9999","-9999","-9999","-9999","-9999","-9999","-9999","-9999","-9999","-9999","-9999","-9999","-9999","-9999","-9999","-9999","-9999","-9999","-9999","-9999","-9999","-9999","-9999","-9999","-9999","-9999","-9999","-9999","-9999","-9999","-9999","-9999","-9999","-9999","-9999","-9999","-9999","-9999","-9999","-9999","-9999","-9999","-9999","-9999","-9999","-9999","-9999","-9999","-9999","-9999","-9999","-9999","-9999","-9999","-9999","-9999","-9999","-9999","-9999","-9999","-9999","-9999","-9999","-9999","-9999","-9999","-9999","-9999","-9999","-9999","-9999","-9999","-9999","-9999","-9999","-9999","-9999","-9999","-9999","-9999","-9999","-9999","-9999","-9999","-9999","-9999","-9999","-9999","-9999","-9999","-9999","-9999","-9999","-9999","-9999","-9999","-9999","-9999","-9999","-9999","-9999","-9999","-9999","-9999","-9999","-9999","-9999","-9999","-9999","-9999","-9999","-9999","-9999","-9999","-9999","-9999","-9999","-9999","-9999","-9999","-9999","-9999","-9999","-9999","-9999","-9999","-9999","-9999","-9999","-9999","-9999","-9999","-9999","-9999","-9999","-9999","-9999","-9999","-9999","0.754","-9999","-9999","-9999","-9999","-9999","-9999","-9999","-9999","-9999","-9999","-9999","-9999","-9999","-9999","-9999","-9999","-9999","-9999","-9999","-9999","-9999","-9999","-9999","-9999","-9999","-9999","-9999","-9999","-9999","-9999","-9999","-9999","-9999","-9999","-9999","-9999","-9999","-9999","-9999","-9999","-9999","-9999","-9999","-9999","-9999","-9999","-9999","-9999","-9999","-9999","-9999","-9999","-9999","-9999","-9999","-9999","-9999","-9999","-9999","-9999","-9999","-9999","Purple Rock Inc.","Alberta Geological Survey"
"66703","MAR_20020002-00019-5744-ICP-0.5ppm-2001-11-29-Bondar-Clegg & Company Ltd.-N/A-N/A-","MAR_20020002","19","200134-006","5744","70.8","71.8","-9999","2001-11-29","2001-10-01","Bondar-Clegg & Company Ltd.","BOND-UNSP","Unspecified","0.5ppm","Submitted sample","ICP","-9999","-9999","-9999","-9999","-9999","0.5","-9999","-9999","-9999","-9999","-9999","-9999","-9999","-9999","-9999","-9999","-9999","-9999","-9999","-9999","-9999","-9999","-9999","-9999","-9999","-9999","-9999","-9999","-9999","-9999","-9999","-9999","-9999","-9999","-9999","-9999","-9999","-9999","-9999","-9999","-9999","-9999","-9999","-9999","-9999","-9999","-9999","-9999","-9999","-9999","-9999","-9999","-9999","-9999","-9999","-9999","-9999","-9999","-9999","-9999","-9999","-9999","-9999","-9999","-9999","-9999","-9999","-9999","-9999","-9999","-9999","-9999","-9999","-9999","-9999","-9999","-9999","-9999","-9999","-9999","-9999","-9999","-9999","-9999","-9999","-9999","-9999","-9999","-9999","-9999","-9999","-9999","-9999","-9999","-9999","-9999","-9999","-9999","-9999","-9999","-9999","-9999","-9999","-9999","-9999","-9999","-9999","-9999","-9999","-9999","-9999","-9999","-9999","-9999","-9999","-9999","-9999","-9999","-9999","-9999","-9999","-9999","-9999","-9999","-9999","-9999","-9999","-9999","-9999","-9999","-9999","-9999","-9999","-9999","-9999","-9999","-9999","-9999","-9999","-9999","-9999","-9999","-9999","-9999","-9999","-9999","-9999","-9999","-9999","-9999","-9999","-9999","-9999","-9999","-9999","-9999","-9999","-9999","-9999","-9999","-9999","-9999","-9999","-9999","-9999","-9999","-9999","-9999","-9999","-9999","-9999","-9999","-9999","-9999","-9999","-9999","-9999","-9999","-9999","-9999","-9999","-9999","-9999","-9999","-9999","-9999","-9999","-9999","-9999","-9999","-9999","-9999","-9999","-9999","-9999","-9999","-9999","-9999","-9999","-9999","-9999","-9999","-9999","-9999","-9999","-9999","-9999","-9999","-9999","-9999","-9999","-9999","-9999","-9999","-9999","-9999","-9999","-9999","-9999","-9999","-9999","-9999","-9999","-9999","-9999","-9999","-9999","-9999","-9999","-9999","-9999","-9999","-9999","-9999","Purple Rock Inc.","Alberta Geological Survey"
"66704","MAR_20020002-00019-5744-ICP-5.0ppm-2001-11-29-Bondar-Clegg & Company Ltd.-N/A-N/A-","MAR_20020002","19","200134-006","5744","70.8","71.8","-9999","2001-11-29","2001-10-01","Bondar-Clegg & Company Ltd.","BOND-UNSP","Unspecified","5.0ppm","Submitted sample","ICP","-9999","-9999","-9999","-9999","-9999","-9999","-9999","-9999","-9999","-9999","-9999","-9999","<5","-9999","-9999","-9999","-9999","-9999","-9999","-9999","-9999","-9999","-9999","463","-9999","-9999","-9999","-9999","<5","-9999","-9999","-9999","-9999","-9999","-9999","-9999","-9999","-9999","-9999","-9999","-9999","-9999","-9999","-9999","-9999","-9999","-9999","-9999","-9999","-9999","-9999","-9999","-9999","-9999","-9999","-9999","-9999","-9999","-9999","-9999","-9999","-9999","-9999","-9999","-9999","-9999","-9999","-9999","-9999","-9999","-9999","-9999","-9999","-9999","-9999","-9999","-9999","-9999","-9999","-9999","-9999","-9999","-9999","-9999","-9999","-9999","-9999","-9999","-9999","-9999","-9999","-9999","-9999","-9999","-9999","-9999","-9999","-9999","-9999","-9999","-9999","23","-9999","-9999","-9999","-9999","-9999","-9999","-9999","-9999","-9999","-9999","-9999","-9999","-9999","-9999","-9999","757","-9999","-9999","-9999","-9999","-9999","-9999","-9999","-9999","-9999","-9999","-9999","12","-9999","-9999","-9999","-9999","-9999","-9999","-9999","-9999","-9999","-9999","-9999","-9999","-9999","-9999","-9999","-9999","-9999","-9999","-9999","-9999","-9999","-9999","-9999","-9999","-9999","-9999","-9999","-9999","-9999","-9999","-9999","-9999","-9999","-9999","-9999","-9999","-9999","-9999","-9999","-9999","-9999","-9999","-9999","-9999","<5","-9999","9","-9999","-9999","-9999","-9999","-9999","-9999","-9999","-9999","-9999","-9999","-9999","-9999","-9999","-9999","-9999","-9999","-9999","-9999","-9999","<5","-9999","-9999","-9999","-9999","-9999","-9999","-9999","-9999","-9999","-9999","-9999","-9999","-9999","-9999","-9999","-9999","-9999","-9999","-9999","-9999","-9999","-9999","-9999","-9999","15","-9999","-9999","-9999","-9999","-9999","-9999","-9999","-9999","-9999","68","-9999","-9999","Purple Rock Inc.","Alberta Geological Survey"
"66705","MAR_20020002-00019-5744-ICP-10.0ppm-2001-11-29-Bondar-Clegg & Company Ltd.-N/A-N/A-","MAR_20020002","19","200134-006","5744","70.8","71.8","-9999","2001-11-29","2001-10-01","Bondar-Clegg & Company Ltd.","BOND-UNSP","Unspecified","10.0ppm","Submitted sample","ICP","-9999","-9999","-9999","-9999","-9999","-9999","-9999","-9999","-9999","-9999","-9999","-9999","-9999","-9999","-9999","-9999","-9999","-9999","-9999","-9999","-9999","-9999","-9999","-9999","-9999","-9999","-9999","-9999","-9999","-9999","-9999","-9999","-9999","-9999","-9999","-9999","-9999","-9999","-9999","-9999","-9999","-9999","-9999","-9999","-9999","-9999","-9999","-9999","-9999","-9999","-9999","-9999","-9999","-9999","-9999","-9999","-9999","-9999","-9999","-9999","-9999","-9999","-9999","-9999","-9999","-9999","-9999","-9999","-9999","-9999","-9999","-9999","-9999","-9999","-9999","-9999","<10","-9999","-9999","-9999","-9999","-9999","-9999","-9999","-9999","-9999","-9999","-9999","-9999","-9999","-9999","-9999","-9999","-9999","-9999","-9999","-9999","-9999","-9999","-9999","-9999","-9999","-9999","-9999","-9999","-9999","-9999","-9999","-9999","-9999","-9999","-9999","-9999","-9999","-9999","-9999","-9999","-9999","-9999","-9999","-9999","-9999","-9999","-9999","-9999","-9999","-9999","-9999","-9999","-9999","-9999","-9999","-9999","-9999","-9999","-9999","-9999","-9999","-9999","-9999","-9999","-9999","-9999","-9999","-9999","-9999","-9999","-9999","-9999","-9999","-9999","-9999","-9999","-9999","-9999","-9999","-9999","-9999","-9999","-9999","-9999","-9999","-9999","-9999","-9999","-9999","-9999","-9999","-9999","-9999","-9999","-9999","-9999","-9999","-9999","-9999","-9999","-9999","-9999","-9999","-9999","-9999","-9999","-9999","-9999","-9999","-9999","-9999","-9999","-9999","-9999","-9999","-9999","-9999","-9999","-9999","-9999","-9999","-9999","-9999","-9999","-9999","-9999","-9999","-9999","-9999","-9999","-9999","-9999","-9999","-9999","-9999","-9999","-9999","-9999","-9999","-9999","-9999","-9999","-9999","-9999","-9999","-9999","-9999","-9999","-9999","-9999","-9999","-9999","-9999","-9999","-9999","-9999","-9999","Purple Rock Inc.","Alberta Geological Survey"
"67072","MAR_20020002-00020-5745-ICP-2.0ppm-2001-11-29-Bondar-Clegg & Company Ltd.-N/A-N/A-","MAR_20020002","20","200134-006","5745","71.8","73.0","Written as sample 5445 in the report on page 247, but this is presumed to be a typo, but that sample number is used in a different batch.","2001-11-29","2001-10-01","Bondar-Clegg & Company Ltd.","BOND-UNSP","Unspecified","2.0ppm","Submitted sample","ICP","-9999","-9999","-9999","-9999","-9999","-9999","-9999","-9999","-9999","-9999","-9999","-9999","-9999","-9999","-9999","-9999","-9999","-9999","-9999","-9999","-9999","-9999","-9999","-9999","-9999","-9999","-9999","-9999","-9999","-9999","-9999","-9999","-9999","-9999","-9999","-9999","-9999","-9999","-9999","-9999","-9999","-9999","-9999","-9999","-9999","-9999","-9999","-9999","-9999","-9999","-9999","-9999","-9999","61","-9999","-9999","-9999","-9999","-9999","-9999","-9999","-9999","-9999","-9999","-9999","-9999","-9999","-9999","-9999","-9999","-9999","-9999","-9999","-9999","-9999","-9999","-9999","-9999","-9999","-9999","-9999","-9999","-9999","-9999","-9999","-9999","-9999","-9999","-9999","-9999","-9999","-9999","-9999","-9999","-9999","-9999","-9999","-9999","-9999","-9999","-9999","-9999","-9999","39","-9999","-9999","-9999","-9999","-9999","-9999","-9999","-9999","-9999","-9999","-9999","-9999","-9999","-9999","-9999","-9999","-9999","-9999","-9999","-9999","-9999","-9999","-9999","-9999","-9999","-9999","-9999","-9999","-9999","-9999","-9999","-9999","-9999","-9999","-9999","-9999","-9999","-9999","-9999","-9999","-9999","<2","-9999","-9999","-9999","-9999","-9999","-9999","-9999","-9999","-9999","-9999","-9999","-9999","-9999","-9999","-9999","-9999","-9999","-9999","-9999","-9999","-9999","-9999","-9999","-9999","-9999","-9999","-9999","-9999","-9999","-9999","-9999","-9999","-9999","-9999","-9999","-9999","-9999","-9999","-9999","-9999","-9999","-9999","-9999","-9999","-9999","-9999","-9999","-9999","-9999","-9999","-9999","-9999","-9999","-9999","-9999","-9999","-9999","-9999","-9999","-9999","-9999","-9999","-9999","-9999","-9999","-9999","-9999","-9999","-9999","-9999","68","-9999","-9999","-9999","-9999","-9999","-9999","-9999","-9999","-9999","-9999","62","-9999","-9999","-9999","-9999","-9999","-9999","Purple Rock Inc.","Alberta Geological Survey"
"67073","MAR_20020002-00020-5745-ICP-0.01pct-2001-11-29-Bondar-Clegg & Company Ltd.-N/A-N/A-","MAR_20020002","20","200134-006","5745","71.8","73.0","Written as sample 5445 in the report on page 247, but this is presumed to be a typo, but that sample number is used in a different batch.","2001-11-29","2001-10-01","Bondar-Clegg & Company Ltd.","BOND-UNSP","Unspecified","0.01pct","Submitted sample","ICP","-9999","-9999","-9999","-9999","-9999","-9999","-9999","-9999","6.1","-9999","-9999","-9999","-9999","-9999","-9999","-9999","-9999","-9999","-9999","-9999","-9999","-9999","-9999","-9999","-9999","-9999","-9999","-9999","-9999","-9999","-9999","-9999","-9999","-9999",">10.00","-9999","-9999","-9999","-9999","-9999","-9999","-9999","-9999","-9999","-9999","-9999","-9999","-9999","-9999","-9999","-9999","-9999","-9999","-9999","-9999","-9999","-9999","-9999","-9999","-9999","-9999","-9999","-9999","-9999","-9999","-9999","-9999","-9999","-9999","-9999","-9999","-9999","2.89","-9999","-9999","-9999","-9999","-9999","-9999","-9999","-9999","-9999","-9999","-9999","-9999","-9999","-9999","-9999","-9999","-9999","-9999","-9999","-9999","2.06","-9999","-9999","-9999","-9999","-9999","-9999","-9999","-9999","-9999","-9999","-9999","-9999","-9999","-9999","-9999","1.86","-9999","-9999","-9999","-9999","-9999","-9999","-9999","-9999","-9999","-9999","-9999","-9999","-9999","-9999","0.011","-9999","-9999","-9999","-9999","-9999","-9999","-9999","-9999","-9999","-9999","-9999","-9999","-9999","-9999","-9999","-9999","-9999","-9999","-9999","-9999","-9999","-9999","-9999","-9999","-9999","-9999","-9999","-9999","-9999","-9999","-9999","-9999","-9999","-9999","-9999","-9999","-9999","-9999","-9999","-9999","-9999","-9999","-9999","-9999","-9999","-9999","-9999","-9999","-9999","-9999","-9999","-9999","-9999","-9999","-9999","-9999","-9999","-9999","-9999","-9999","-9999","-9999","-9999","-9999","-9999","-9999","-9999","-9999","-9999","-9999","-9999","-9999","-9999","-9999","-9999","-9999","-9999","-9999","-9999","0.3","-9999","-9999","-9999","-9999","-9999","-9999","-9999","-9999","-9999","-9999","-9999","-9999","-9999","-9999","-9999","-9999","-9999","-9999","-9999","-9999","-9999","-9999","-9999","-9999","-9999","-9999","-9999","-9999","-9999","Purple Rock Inc.","Alberta Geological Survey"
"67074","MAR_20020002-00020-5745-ICP-10.0pct-2001-11-29-Bondar-Clegg & Company Ltd.-N/A-N/A-","MAR_20020002","20","200134-006","5745","71.8","73.0","Written as sample 5445 in the report on page 247, but this is presumed to be a typo, but that sample number is used in a different batch.","2001-11-29","2001-10-01","Bondar-Clegg & Company Ltd.","BOND-UNSP","Unspecified","10.0pct","Submitted sample","ICP","-9999","-9999","-9999","-9999","-9999","-9999","-9999","-9999","-9999","-9999","-9999","-9999","-9999","-9999","-9999","-9999","-9999","-9999","-9999","-9999","-9999","-9999","-9999","-9999","-9999","-9999","-9999","-9999","-9999","-9999","-9999","-9999","-9999","12.3","-9999","-9999","-9999","-9999","-9999","-9999","-9999","-9999","-9999","-9999","-9999","-9999","-9999","-9999","-9999","-9999","-9999","-9999","-9999","-9999","-9999","-9999","-9999","-9999","-9999","-9999","-9999","-9999","-9999","-9999","-9999","-9999","-9999","-9999","-9999","-9999","-9999","-9999","-9999","-9999","-9999","-9999","-9999","-9999","-9999","-9999","-9999","-9999","-9999","-9999","-9999","-9999","-9999","-9999","-9999","-9999","-9999","-9999","-9999","-9999","-9999","-9999","-9999","-9999","-9999","-9999","-9999","-9999","-9999","-9999","-9999","-9999","-9999","-9999","-9999","-9999","-9999","-9999","-9999","-9999","-9999","-9999","-9999","-9999","-9999","-9999","-9999","-9999","-9999","-9999","-9999","-9999","-9999","-9999","-9999","-9999","-9999","-9999","-9999","-9999","-9999","-9999","-9999","-9999","-9999","-9999","-9999","-9999","-9999","-9999","-9999","-9999","-9999","-9999","-9999","-9999","-9999","-9999","-9999","-9999","-9999","-9999","-9999","-9999","-9999","-9999","-9999","-9999","-9999","-9999","-9999","-9999","-9999","-9999","-9999","-9999","-9999","-9999","-9999","-9999","-9999","-9999","-9999","-9999","-9999","-9999","-9999","-9999","-9999","-9999","-9999","-9999","-9999","-9999","-9999","-9999","-9999","-9999","-9999","-9999","-9999","-9999","-9999","-9999","-9999","-9999","-9999","-9999","-9999","-9999","-9999","-9999","-9999","-9999","-9999","-9999","-9999","-9999","-9999","-9999","-9999","-9999","-9999","-9999","-9999","-9999","-9999","-9999","-9999","-9999","-9999","-9999","-9999","-9999","-9999","-9999","-9999","-9999","-9999","-9999","Purple Rock Inc.","Alberta Geological Survey"
"67075","MAR_20020002-00020-5745-ICP-1.0ppm-2001-11-29-Bondar-Clegg & Company Ltd.-N/A-N/A-","MAR_20020002","20","200134-006","5745","71.8","73.0","Written as sample 5445 in the report on page 247, but this is presumed to be a typo, but that sample number is used in a different batch.","2001-11-29","2001-10-01","Bondar-Clegg & Company Ltd.","BOND-UNSP","Unspecified","1.0ppm","Submitted sample","ICP","-9999","-9999","-9999","-9999","-9999","-9999","-9999","-9999","-9999","-9999","-9999","-9999","-9999","-9999","-9999","-9999","-9999","-9999","-9999","-9999","-9999","-9999","-9999","-9999","-9999","-9999","-9999","-9999","-9999","-9999","-9999","-9999","-9999","-9999","-9999","-9999","-9999","-9999","-9999","-9999","-9999","-9999","<1.0","-9999","-9999","-9999","-9999","-9999","-9999","17","-9999","-9999","-9999","-9999","-9999","-9999","-9999","18","-9999","-9999","-9999","-9999","-9999","-9999","-9999","-9999","-9999","-9999","-9999","-9999","-9999","-9999","-9999","-9999","-9999","-9999","-9999","-9999","-9999","-9999","-9999","-9999","-9999","-9999","-9999","-9999","-9999","-9999","-9999","-9999","-9999","-9999","-9999","-9999","-9999","-9999","-9999","-9999","-9999","-9999","-9999","-9999","-9999","-9999","-9999","-9999","-9999","-9999","-9999","-9999","-9999","-9999","-9999","-9999","-9999","-9999","-9999","-9999","-9999","-9999","-9999","9","-9999","-9999","-9999","-9999","-9999","-9999","-9999","-9999","-9999","-9999","-9999","-9999","30","-9999","-9999","-9999","-9999","-9999","-9999","-9999","-9999","-9999","-9999","-9999","-9999","-9999","-9999","-9999","-9999","-9999","-9999","-9999","-9999","-9999","-9999","-9999","-9999","-9999","-9999","-9999","-9999","-9999","-9999","-9999","-9999","-9999","-9999","-9999","-9999","-9999","-9999","-9999","-9999","-9999","-9999","-9999","-9999","-9999","-9999","-9999","-9999","-9999","-9999","-9999","-9999","-9999","-9999","-9999","-9999","-9999","204","-9999","-9999","-9999","-9999","-9999","-9999","-9999","-9999","-9999","-9999","-9999","-9999","-9999","-9999","-9999","-9999","-9999","-9999","-9999","-9999","-9999","-9999","-9999","-9999","-9999","-9999","-9999","-9999","-9999","-9999","-9999","-9999","-9999","-9999","-9999","-9999","-9999","-9999","-9999","-9999","-9999","Purple Rock Inc.","Alberta Geological Survey"
"67076","MAR_20020002-00020-5745-ICP-25.0ppm-2001-11-29-Bondar-Clegg & Company Ltd.-N/A-N/A-","MAR_20020002","20","200134-006","5745","71.8","73.0","Written as sample 5445 in the report on page 247, but this is presumed to be a typo, but that sample number is used in a different batch.","2001-11-29","2001-10-01","Bondar-Clegg & Company Ltd.","BOND-UNSP","Unspecified","25.0ppm","Submitted sample","ICP","-9999","-9999","-9999","-9999","-9999","-9999","-9999","-9999","-9999","-9999","-9999","-9999","-9999","-9999","-9999","-9999","-9999","-9999","-9999","-9999","-9999","-9999","-9999","-9999","-9999","-9999","-9999","-9999","-9999","-9999","-9999","-9999","-9999","-9999","-9999","-9999","-9999","-9999","-9999","-9999","-9999","-9999","-9999","-9999","-9999","-9999","-9999","-9999","-9999","-9999","-9999","-9999","-9999","-9999","-9999","-9999","-9999","-9999","-9999","-9999","-9999","-9999","-9999","-9999","-9999","-9999","-9999","-9999","-9999","-9999","-9999","-9999","-9999","-9999","-9999","-9999","-9999","-9999","-9999","-9999","-9999","-9999","-9999","-9999","-9999","-9999","-9999","-9999","-9999","-9999","-9999","-9999","-9999","-9999","-9999","-9999","-9999","-9999","-9999","-9999","-9999","-9999","-9999","-9999","-9999","-9999","-9999","-9999","-9999","-9999","-9999","-9999","-9999","-9999","-9999","-9999","-9999","-9999","-9999","-9999","-9999","-9999","-9999","-9999","-9999","-9999","-9999","-9999","-9999","-9999","-9999","-9999","-9999","-9999","-9999","-9999","-9999","-9999","-9999","-9999","-9999","-9999","-9999","-9999","-9999","-9999","-9999","-9999","-9999","-9999","-9999","-9999","-9999","-9999","-9999","-9999","-9999","-9999","-9999","-9999","-9999","-9999","-9999","-9999","-9999","-9999","-9999","-9999","-9999","-9999","-9999","-9999","-9999","-9999","-9999","-9999","-9999","-9999","-9999","-9999","-9999","-9999","-9999","-9999","-9999","-9999","-9999","-9999","-9999","-9999","-9999","-9999","-9999","-9999","-9999","-9999","-9999","-9999","-9999","-9999","-9999","<25","-9999","-9999","-9999","-9999","-9999","-9999","-9999","-9999","-9999","-9999","-9999","-9999","-9999","-9999","-9999","-9999","-9999","-9999","-9999","-9999","-9999","-9999","-9999","-9999","-9999","-9999","-9999","-9999","-9999","-9999","-9999","-9999","Purple Rock Inc.","Alberta Geological Survey"
"67077","MAR_20020002-00020-5745-ICP-10.0ppm-2001-11-29-Bondar-Clegg & Company Ltd.-N/A-N/A-","MAR_20020002","20","200134-006","5745","71.8","73.0","Written as sample 5445 in the report on page 247, but this is presumed to be a typo, but that sample number is used in a different batch.","2001-11-29","2001-10-01","Bondar-Clegg & Company Ltd.","BOND-UNSP","Unspecified","10.0ppm","Submitted sample","ICP","-9999","-9999","-9999","-9999","-9999","-9999","-9999","-9999","-9999","-9999","-9999","-9999","-9999","-9999","-9999","-9999","-9999","-9999","-9999","-9999","-9999","-9999","-9999","-9999","-9999","-9999","-9999","-9999","-9999","-9999","-9999","-9999","-9999","-9999","-9999","-9999","-9999","-9999","-9999","-9999","-9999","-9999","-9999","-9999","-9999","-9999","-9999","-9999","-9999","-9999","-9999","-9999","-9999","-9999","-9999","-9999","-9999","-9999","-9999","-9999","-9999","-9999","-9999","-9999","-9999","-9999","-9999","-9999","-9999","-9999","-9999","-9999","-9999","-9999","-9999","-9999","<10","-9999","-9999","-9999","-9999","-9999","-9999","-9999","-9999","-9999","-9999","-9999","-9999","-9999","-9999","-9999","-9999","-9999","-9999","-9999","-9999","-9999","-9999","-9999","-9999","-9999","-9999","-9999","-9999","-9999","-9999","-9999","-9999","-9999","-9999","-9999","-9999","-9999","-9999","-9999","-9999","-9999","-9999","-9999","-9999","-9999","-9999","-9999","-9999","-9999","-9999","-9999","-9999","-9999","-9999","-9999","-9999","-9999","-9999","-9999","-9999","-9999","-9999","-9999","-9999","-9999","-9999","-9999","-9999","-9999","-9999","-9999","-9999","-9999","-9999","-9999","-9999","-9999","-9999","-9999","-9999","-9999","-9999","-9999","-9999","-9999","-9999","-9999","-9999","-9999","-9999","-9999","-9999","-9999","-9999","-9999","-9999","-9999","-9999","-9999","-9999","-9999","-9999","-9999","-9999","-9999","-9999","-9999","-9999","-9999","-9999","-9999","-9999","-9999","-9999","-9999","-9999","-9999","-9999","-9999","-9999","-9999","-9999","-9999","-9999","-9999","-9999","-9999","-9999","-9999","-9999","-9999","-9999","-9999","-9999","-9999","-9999","-9999","-9999","-9999","-9999","-9999","-9999","-9999","-9999","-9999","-9999","-9999","-9999","-9999","-9999","-9999","-9999","-9999","-9999","-9999","-9999","-9999","Purple Rock Inc.","Alberta Geological Survey"
"67078","MAR_20020002-00020-5745-ICP-0.5ppm-2001-11-29-Bondar-Clegg & Company Ltd.-N/A-N/A-","MAR_20020002","20","200134-006","5745","71.8","73.0","Written as sample 5445 in the report on page 247, but this is presumed to be a typo, but that sample number is used in a different batch.","2001-11-29","2001-10-01","Bondar-Clegg & Company Ltd.","BOND-UNSP","Unspecified","0.5ppm","Submitted sample","ICP","-9999","-9999","-9999","-9999","-9999","<0.5","-9999","-9999","-9999","-9999","-9999","-9999","-9999","-9999","-9999","-9999","-9999","-9999","-9999","-9999","-9999","-9999","-9999","-9999","-9999","-9999","-9999","-9999","-9999","-9999","-9999","-9999","-9999","-9999","-9999","-9999","-9999","-9999","-9999","-9999","-9999","-9999","-9999","-9999","-9999","-9999","-9999","-9999","-9999","-9999","-9999","-9999","-9999","-9999","-9999","-9999","-9999","-9999","-9999","-9999","-9999","-9999","-9999","-9999","-9999","-9999","-9999","-9999","-9999","-9999","-9999","-9999","-9999","-9999","-9999","-9999","-9999","-9999","-9999","-9999","-9999","-9999","-9999","-9999","-9999","-9999","-9999","-9999","-9999","-9999","-9999","-9999","-9999","-9999","-9999","-9999","-9999","-9999","-9999","-9999","-9999","-9999","-9999","-9999","-9999","-9999","-9999","-9999","-9999","-9999","-9999","-9999","-9999","-9999","-9999","-9999","-9999","-9999","-9999","-9999","-9999","-9999","-9999","-9999","-9999","-9999","-9999","-9999","-9999","-9999","-9999","-9999","-9999","-9999","-9999","-9999","-9999","-9999","-9999","-9999","-9999","-9999","-9999","-9999","-9999","-9999","-9999","-9999","-9999","-9999","-9999","-9999","-9999","-9999","-9999","-9999","-9999","-9999","-9999","-9999","-9999","-9999","-9999","-9999","-9999","-9999","-9999","-9999","-9999","-9999","-9999","-9999","-9999","-9999","-9999","-9999","-9999","-9999","-9999","-9999","-9999","-9999","-9999","-9999","-9999","-9999","-9999","-9999","-9999","-9999","-9999","-9999","-9999","-9999","-9999","-9999","-9999","-9999","-9999","-9999","-9999","-9999","-9999","-9999","-9999","-9999","-9999","-9999","-9999","-9999","-9999","-9999","-9999","-9999","-9999","-9999","-9999","-9999","-9999","-9999","-9999","-9999","-9999","-9999","-9999","-9999","-9999","-9999","-9999","-9999","-9999","-9999","-9999","-9999","Purple Rock Inc.","Alberta Geological Survey"
"67079","MAR_20020002-00020-5745-ICP-20.0ppm-2001-11-29-Bondar-Clegg & Company Ltd.-N/A-N/A-","MAR_20020002","20","200134-006","5745","71.8","73.0","Written as sample 5445 in the report on page 247, but this is presumed to be a typo, but that sample number is used in a different batch.","2001-11-29","2001-10-01","Bondar-Clegg & Company Ltd.","BOND-UNSP","Unspecified","20.0ppm","Submitted sample","ICP","-9999","-9999","-9999","-9999","-9999","-9999","-9999","-9999","-9999","-9999","-9999","-9999","-9999","-9999","-9999","-9999","-9999","-9999","-9999","-9999","-9999","-9999","-9999","-9999","-9999","-9999","-9999","-9999","-9999","-9999","-9999","-9999","-9999","-9999","-9999","-9999","-9999","-9999","-9999","-9999","-9999","-9999","-9999","-9999","-9999","-9999","-9999","-9999","-9999","-9999","-9999","-9999","-9999","-9999","-9999","-9999","-9999","-9999","-9999","-9999","-9999","-9999","-9999","-9999","-9999","-9999","-9999","-9999","-9999","-9999","-9999","-9999","-9999","-9999","-9999","-9999","-9999","-9999","-9999","-9999","-9999","-9999","-9999","-9999","-9999","-9999","-9999","-9999","-9999","-9999","-9999","-9999","-9999","-9999","-9999","-9999","-9999","-9999","-9999","-9999","-9999","-9999","-9999","-9999","-9999","-9999","-9999","-9999","-9999","-9999","-9999","-9999","-9999","-9999","-9999","-9999","-9999","-9999","-9999","-9999","-9999","-9999","-9999","-9999","-9999","-9999","-9999","-9999","-9999","-9999","-9999","-9999","-9999","-9999","-9999","-9999","-9999","-9999","-9999","-9999","-9999","-9999","-9999","-9999","-9999","-9999","-9999","-9999","-9999","-9999","-9999","-9999","-9999","-9999","-9999","-9999","-9999","-9999","-9999","-9999","-9999","-9999","-9999","-9999","-9999","-9999","-9999","-9999","-9999","-9999","-9999","-9999","-9999","-9999","-9999","-9999","-9999","-9999","-9999","-9999","-9999","-9999","-9999","-9999","-9999","-9999","-9999","<20","-9999","-9999","-9999","-9999","-9999","-9999","-9999","-9999","-9999","-9999","-9999","-9999","-9999","-9999","-9999","-9999","-9999","-9999","-9999","-9999","-9999","-9999","-9999","-9999","-9999","-9999","-9999","-9999","-9999","-9999","-9999","<20","-9999","-9999","-9999","-9999","-9999","-9999","-9999","-9999","-9999","-9999","-9999","-9999","-9999","-9999","Purple Rock Inc.","Alberta Geological Survey"
"67080","MAR_20020002-00020-5745-ICP-0.002pct-2001-11-29-Bondar-Clegg & Company Ltd.-N/A-N/A-","MAR_20020002","20","200134-006","5745","71.8","73.0","Written as sample 5445 in the report on page 247, but this is presumed to be a typo, but that sample number is used in a different batch.","2001-11-29","2001-10-01","Bondar-Clegg & Company Ltd.","BOND-UNSP","Unspecified","0.002pct","Submitted sample","ICP","-9999","-9999","-9999","-9999","-9999","-9999","-9999","-9999","-9999","-9999","-9999","-9999","-9999","-9999","-9999","-9999","-9999","-9999","-9999","-9999","-9999","-9999","-9999","-9999","-9999","-9999","-9999","-9999","-9999","-9999","-9999","-9999","-9999","-9999","-9999","-9999","-9999","-9999","-9999","-9999","-9999","-9999","-9999","-9999","-9999","-9999","-9999","-9999","-9999","-9999","-9999","-9999","-9999","-9999","-9999","-9999","-9999","-9999","-9999","-9999","-9999","-9999","-9999","-9999","-9999","-9999","-9999","-9999","-9999","-9999","-9999","-9999","-9999","-9999","-9999","-9999","-9999","-9999","-9999","-9999","-9999","-9999","-9999","-9999","-9999","-9999","-9999","-9999","-9999","-9999","-9999","-9999","-9999","-9999","-9999","-9999","-9999","-9999","-9999","-9999","-9999","-9999","-9999","-9999","-9999","-9999","-9999","-9999","-9999","-9999","-9999","-9999","-9999","-9999","-9999","-9999","-9999","-9999","-9999","-9999","-9999","-9999","-9999","-9999","-9999","-9999","-9999","-9999","-9999","-9999","-9999","-9999","-9999","-9999","-9999","-9999","-9999","-9999","-9999","-9999","-9999","-9999","-9999","-9999","-9999","-9999","-9999","-9999","-9999","-9999","-9999","-9999","-9999","-9999","-9999","-9999","-9999","-9999","-9999","-9999","-9999","-9999","-9999","-9999","-9999","-9999","-9999","-9999","-9999","-9999","-9999","0.822","-9999","-9999","-9999","-9999","-9999","-9999","-9999","-9999","-9999","-9999","-9999","-9999","-9999","-9999","-9999","-9999","-9999","-9999","-9999","-9999","-9999","-9999","-9999","-9999","-9999","-9999","-9999","-9999","-9999","-9999","-9999","-9999","-9999","-9999","-9999","-9999","-9999","-9999","-9999","-9999","-9999","-9999","-9999","-9999","-9999","-9999","-9999","-9999","-9999","-9999","-9999","-9999","-9999","-9999","-9999","-9999","-9999","-9999","-9999","-9999","-9999","-9999","Purple Rock Inc.","Alberta Geological Survey"
"67081","MAR_20020002-00020-5745-ICP-5.0ppm-2001-11-29-Bondar-Clegg & Company Ltd.-N/A-N/A-","MAR_20020002","20","200134-006","5745","71.8","73.0","Written as sample 5445 in the report on page 247, but this is presumed to be a typo, but that sample number is used in a different batch.","2001-11-29","2001-10-01","Bondar-Clegg & Company Ltd.","BOND-UNSP","Unspecified","5.0ppm","Submitted sample","ICP","-9999","-9999","-9999","-9999","-9999","-9999","-9999","-9999","-9999","-9999","-9999","-9999","<5","-9999","-9999","-9999","-9999","-9999","-9999","-9999","-9999","-9999","-9999","473","-9999","-9999","-9999","-9999","<5","-9999","-9999","-9999","-9999","-9999","-9999","-9999","-9999","-9999","-9999","-9999","-9999","-9999","-9999","-9999","-9999","-9999","-9999","-9999","-9999","-9999","-9999","-9999","-9999","-9999","-9999","-9999","-9999","-9999","-9999","-9999","-9999","-9999","-9999","-9999","-9999","-9999","-9999","-9999","-9999","-9999","-9999","-9999","-9999","-9999","-9999","-9999","-9999","-9999","-9999","-9999","-9999","-9999","-9999","-9999","-9999","-9999","-9999","-9999","-9999","-9999","-9999","-9999","-9999","-9999","-9999","-9999","-9999","-9999","-9999","-9999","-9999","22","-9999","-9999","-9999","-9999","-9999","-9999","-9999","-9999","-9999","-9999","-9999","-9999","-9999","-9999","-9999","774","-9999","-9999","-9999","-9999","-9999","-9999","-9999","-9999","-9999","-9999","-9999","11","-9999","-9999","-9999","-9999","-9999","-9999","-9999","-9999","-9999","-9999","-9999","-9999","-9999","-9999","-9999","-9999","-9999","-9999","-9999","-9999","-9999","-9999","-9999","-9999","-9999","-9999","-9999","-9999","-9999","-9999","-9999","-9999","-9999","-9999","-9999","-9999","-9999","-9999","-9999","-9999","-9999","-9999","-9999","-9999","<5","-9999","9","-9999","-9999","-9999","-9999","-9999","-9999","-9999","-9999","-9999","-9999","-9999","-9999","-9999","-9999","-9999","-9999","-9999","-9999","-9999","<5","-9999","-9999","-9999","-9999","-9999","-9999","-9999","-9999","-9999","-9999","-9999","-9999","-9999","-9999","-9999","-9999","-9999","-9999","-9999","-9999","-9999","-9999","-9999","-9999","15","-9999","-9999","-9999","-9999","-9999","-9999","-9999","-9999","-9999","73","-9999","-9999","Purple Rock Inc.","Alberta Geological Survey"
"67439","MAR_20020002-00021-5746-ICP-0.002pct-2001-11-29-Bondar-Clegg & Company Ltd.-N/A-N/A-","MAR_20020002","21","200110-129","5746","146.01","147.01","-9999","2001-11-29","2001-10-01","Bondar-Clegg & Company Ltd.","BOND-UNSP","Unspecified","0.002pct","Submitted sample","ICP","-9999","-9999","-9999","-9999","-9999","-9999","-9999","-9999","-9999","-9999","-9999","-9999","-9999","-9999","-9999","-9999","-9999","-9999","-9999","-9999","-9999","-9999","-9999","-9999","-9999","-9999","-9999","-9999","-9999","-9999","-9999","-9999","-9999","-9999","-9999","-9999","-9999","-9999","-9999","-9999","-9999","-9999","-9999","-9999","-9999","-9999","-9999","-9999","-9999","-9999","-9999","-9999","-9999","-9999","-9999","-9999","-9999","-9999","-9999","-9999","-9999","-9999","-9999","-9999","-9999","-9999","-9999","-9999","-9999","-9999","-9999","-9999","-9999","-9999","-9999","-9999","-9999","-9999","-9999","-9999","-9999","-9999","-9999","-9999","-9999","-9999","-9999","-9999","-9999","-9999","-9999","-9999","-9999","-9999","-9999","-9999","-9999","-9999","-9999","-9999","-9999","-9999","-9999","-9999","-9999","-9999","-9999","-9999","-9999","-9999","-9999","-9999","-9999","-9999","-9999","-9999","-9999","-9999","-9999","-9999","-9999","-9999","-9999","-9999","-9999","-9999","-9999","-9999","-9999","-9999","-9999","-9999","-9999","-9999","-9999","-9999","-9999","-9999","-9999","-9999","-9999","-9999","-9999","-9999","-9999","-9999","-9999","-9999","-9999","-9999","-9999","-9999","-9999","-9999","-9999","-9999","-9999","-9999","-9999","-9999","-9999","-9999","-9999","-9999","-9999","-9999","-9999","-9999","-9999","-9999","-9999","4.051","-9999","-9999","-9999","-9999","-9999","-9999","-9999","-9999","-9999","-9999","-9999","-9999","-9999","-9999","-9999","-9999","-9999","-9999","-9999","-9999","-9999","-9999","-9999","-9999","-9999","-9999","-9999","-9999","-9999","-9999","-9999","-9999","-9999","-9999","-9999","-9999","-9999","-9999","-9999","-9999","-9999","-9999","-9999","-9999","-9999","-9999","-9999","-9999","-9999","-9999","-9999","-9999","-9999","-9999","-9999","-9999","-9999","-9999","-9999","-9999","-9999","-9999","Purple Rock Inc.","Alberta Geological Survey"
"67440","MAR_20020002-00021-5746-ICP-1.0ppm-2001-11-29-Bondar-Clegg & Company Ltd.-N/A-N/A-","MAR_20020002","21","200110-129","5746","146.01","147.01","-9999","2001-11-29","2001-10-01","Bondar-Clegg & Company Ltd.","BOND-UNSP","Unspecified","1.0ppm","Submitted sample","ICP","-9999","-9999","-9999","-9999","-9999","-9999","-9999","-9999","-9999","-9999","-9999","-9999","-9999","-9999","-9999","-9999","-9999","-9999","-9999","-9999","-9999","-9999","-9999","-9999","-9999","-9999","-9999","-9999","-9999","-9999","-9999","-9999","-9999","-9999","-9999","-9999","-9999","-9999","-9999","-9999","-9999","-9999","<1.0","-9999","-9999","-9999","-9999","-9999","-9999","29","-9999","-9999","-9999","-9999","-9999","-9999","-9999","22","-9999","-9999","-9999","-9999","-9999","-9999","-9999","-9999","-9999","-9999","-9999","-9999","-9999","-9999","-9999","-9999","-9999","-9999","-9999","-9999","-9999","-9999","-9999","-9999","-9999","-9999","-9999","-9999","-9999","-9999","-9999","-9999","-9999","-9999","-9999","-9999","-9999","-9999","-9999","-9999","-9999","-9999","-9999","-9999","-9999","-9999","-9999","-9999","-9999","-9999","-9999","-9999","-9999","-9999","-9999","-9999","-9999","-9999","-9999","-9999","-9999","-9999","-9999","<1","-9999","-9999","-9999","-9999","-9999","-9999","-9999","-9999","-9999","-9999","-9999","-9999","44","-9999","-9999","-9999","-9999","-9999","-9999","-9999","-9999","-9999","-9999","-9999","-9999","-9999","-9999","-9999","-9999","-9999","-9999","-9999","-9999","-9999","-9999","-9999","-9999","-9999","-9999","-9999","-9999","-9999","-9999","-9999","-9999","-9999","-9999","-9999","-9999","-9999","-9999","-9999","-9999","-9999","-9999","-9999","-9999","-9999","-9999","-9999","-9999","-9999","-9999","-9999","-9999","-9999","-9999","-9999","-9999","-9999","104","-9999","-9999","-9999","-9999","-9999","-9999","-9999","-9999","-9999","-9999","-9999","-9999","-9999","-9999","-9999","-9999","-9999","-9999","-9999","-9999","-9999","-9999","-9999","-9999","-9999","-9999","-9999","-9999","-9999","-9999","-9999","-9999","-9999","-9999","-9999","-9999","-9999","-9999","-9999","-9999","-9999","Purple Rock Inc.","Alberta Geological Survey"
"67441","MAR_20020002-00021-5746-ICP-5.0ppm-2001-11-29-Bondar-Clegg & Company Ltd.-N/A-N/A-","MAR_20020002","21","200110-129","5746","146.01","147.01","-9999","2001-11-29","2001-10-01","Bondar-Clegg & Company Ltd.","BOND-UNSP","Unspecified","5.0ppm","Submitted sample","ICP","-9999","-9999","-9999","-9999","-9999","-9999","-9999","-9999","-9999","-9999","-9999","-9999","9","-9999","-9999","-9999","-9999","-9999","-9999","-9999","-9999","-9999","-9999","457","-9999","-9999","-9999","-9999","<5","-9999","-9999","-9999","-9999","-9999","-9999","-9999","-9999","-9999","-9999","-9999","-9999","-9999","-9999","-9999","-9999","-9999","-9999","-9999","-9999","-9999","-9999","-9999","-9999","-9999","-9999","-9999","-9999","-9999","-9999","-9999","-9999","-9999","-9999","-9999","-9999","-9999","-9999","-9999","-9999","-9999","-9999","-9999","-9999","-9999","-9999","-9999","-9999","-9999","-9999","-9999","-9999","-9999","-9999","-9999","-9999","-9999","-9999","-9999","-9999","-9999","-9999","-9999","-9999","-9999","-9999","-9999","-9999","-9999","-9999","-9999","-9999","39","-9999","-9999","-9999","-9999","-9999","-9999","-9999","-9999","-9999","-9999","-9999","-9999","-9999","-9999","-9999","473","-9999","-9999","-9999","-9999","-9999","-9999","-9999","-9999","-9999","-9999","-9999","20","-9999","-9999","-9999","-9999","-9999","-9999","-9999","-9999","-9999","-9999","-9999","-9999","-9999","-9999","-9999","-9999","-9999","-9999","-9999","-9999","-9999","-9999","-9999","-9999","-9999","-9999","-9999","-9999","-9999","-9999","-9999","-9999","-9999","-9999","-9999","-9999","-9999","-9999","-9999","-9999","-9999","-9999","-9999","-9999","<5","-9999","17","-9999","-9999","-9999","-9999","-9999","-9999","-9999","-9999","-9999","-9999","-9999","-9999","-9999","-9999","-9999","-9999","-9999","-9999","-9999","<5","-9999","-9999","-9999","-9999","-9999","-9999","-9999","-9999","-9999","-9999","-9999","-9999","-9999","-9999","-9999","-9999","-9999","-9999","-9999","-9999","-9999","-9999","-9999","-9999","24","-9999","-9999","-9999","-9999","-9999","-9999","-9999","-9999","-9999","115","-9999","-9999","Purple Rock Inc.","Alberta Geological Survey"
"67442","MAR_20020002-00021-5746-ICP-10.0ppm-2001-11-29-Bondar-Clegg & Company Ltd.-N/A-N/A-","MAR_20020002","21","200110-129","5746","146.01","147.01","-9999","2001-11-29","2001-10-01","Bondar-Clegg & Company Ltd.","BOND-UNSP","Unspecified","10.0ppm","Submitted sample","ICP","-9999","-9999","-9999","-9999","-9999","-9999","-9999","-9999","-9999","-9999","-9999","-9999","-9999","-9999","-9999","-9999","-9999","-9999","-9999","-9999","-9999","-9999","-9999","-9999","-9999","-9999","-9999","-9999","-9999","-9999","-9999","-9999","-9999","-9999","-9999","-9999","-9999","-9999","-9999","-9999","-9999","-9999","-9999","-9999","-9999","-9999","-9999","-9999","-9999","-9999","-9999","-9999","-9999","-9999","-9999","-9999","-9999","-9999","-9999","-9999","-9999","-9999","-9999","-9999","-9999","-9999","-9999","-9999","-9999","-9999","-9999","-9999","-9999","-9999","-9999","-9999","15","-9999","-9999","-9999","-9999","-9999","-9999","-9999","-9999","-9999","-9999","-9999","-9999","-9999","-9999","-9999","-9999","-9999","-9999","-9999","-9999","-9999","-9999","-9999","-9999","-9999","-9999","-9999","-9999","-9999","-9999","-9999","-9999","-9999","-9999","-9999","-9999","-9999","-9999","-9999","-9999","-9999","-9999","-9999","-9999","-9999","-9999","-9999","-9999","-9999","-9999","-9999","-9999","-9999","-9999","-9999","-9999","-9999","-9999","-9999","-9999","-9999","-9999","-9999","-9999","-9999","-9999","-9999","-9999","-9999","-9999","-9999","-9999","-9999","-9999","-9999","-9999","-9999","-9999","-9999","-9999","-9999","-9999","-9999","-9999","-9999","-9999","-9999","-9999","-9999","-9999","-9999","-9999","-9999","-9999","-9999","-9999","-9999","-9999","-9999","-9999","-9999","-9999","-9999","-9999","-9999","-9999","-9999","-9999","-9999","-9999","-9999","-9999","-9999","-9999","-9999","-9999","-9999","-9999","-9999","-9999","-9999","-9999","-9999","-9999","-9999","-9999","-9999","-9999","-9999","-9999","-9999","-9999","-9999","-9999","-9999","-9999","-9999","-9999","-9999","-9999","-9999","-9999","-9999","-9999","-9999","-9999","-9999","-9999","-9999","-9999","-9999","-9999","-9999","-9999","-9999","-9999","-9999","Purple Rock Inc.","Alberta Geological Survey"
"67443","MAR_20020002-00021-5746-ICP-0.01pct-2001-11-29-Bondar-Clegg & Company Ltd.-N/A-N/A-","MAR_20020002","21","200110-129","5746","146.01","147.01","-9999","2001-11-29","2001-10-01","Bondar-Clegg & Company Ltd.","BOND-UNSP","Unspecified","0.01pct","Submitted sample","ICP","-9999","-9999","-9999","-9999","-9999","-9999","-9999","-9999",">10.00","-9999","-9999","-9999","-9999","-9999","-9999","-9999","-9999","-9999","-9999","-9999","-9999","-9999","-9999","-9999","-9999","-9999","-9999","-9999","-9999","-9999","-9999","-9999","-9999","-9999","0.43","-9999","-9999","-9999","-9999","-9999","-9999","-9999","-9999","-9999","-9999","-9999","-9999","-9999","-9999","-9999","-9999","-9999","-9999","-9999","-9999","-9999","-9999","-9999","-9999","-9999","-9999","-9999","-9999","-9999","-9999","-9999","-9999","-9999","-9999","-9999","-9999","-9999","5.89","-9999","-9999","-9999","-9999","-9999","-9999","-9999","-9999","-9999","-9999","-9999","-9999","-9999","-9999","-9999","-9999","-9999","-9999","-9999","-9999","2.42","-9999","-9999","-9999","-9999","-9999","-9999","-9999","-9999","-9999","-9999","-9999","-9999","-9999","-9999","-9999","0.74","-9999","-9999","-9999","-9999","-9999","-9999","-9999","-9999","-9999","-9999","-9999","-9999","-9999","-9999","0.2","-9999","-9999","-9999","-9999","-9999","-9999","-9999","-9999","-9999","-9999","-9999","-9999","-9999","-9999","-9999","-9999","-9999","-9999","-9999","-9999","-9999","-9999","-9999","-9999","-9999","-9999","-9999","-9999","-9999","-9999","-9999","-9999","-9999","-9999","-9999","-9999","-9999","-9999","-9999","-9999","-9999","-9999","-9999","-9999","-9999","-9999","-9999","-9999","-9999","-9999","-9999","-9999","-9999","-9999","-9999","-9999","-9999","-9999","-9999","-9999","-9999","-9999","-9999","-9999","-9999","-9999","-9999","-9999","-9999","-9999","-9999","-9999","-9999","-9999","-9999","-9999","-9999","-9999","-9999","0.47","-9999","-9999","-9999","-9999","-9999","-9999","-9999","-9999","-9999","-9999","-9999","-9999","-9999","-9999","-9999","-9999","-9999","-9999","-9999","-9999","-9999","-9999","-9999","-9999","-9999","-9999","-9999","-9999","-9999","Purple Rock Inc.","Alberta Geological Survey"
"67444","MAR_20020002-00021-5746-ICP-2.0ppm-2001-11-29-Bondar-Clegg & Company Ltd.-N/A-N/A-","MAR_20020002","21","200110-129","5746","146.01","147.01","-9999","2001-11-29","2001-10-01","Bondar-Clegg & Company Ltd.","BOND-UNSP","Unspecified","2.0ppm","Submitted sample","ICP","-9999","-9999","-9999","-9999","-9999","-9999","-9999","-9999","-9999","-9999","-9999","-9999","-9999","-9999","-9999","-9999","-9999","-9999","-9999","-9999","-9999","-9999","-9999","-9999","-9999","-9999","-9999","-9999","-9999","-9999","-9999","-9999","-9999","-9999","-9999","-9999","-9999","-9999","-9999","-9999","-9999","-9999","-9999","-9999","-9999","-9999","-9999","-9999","-9999","-9999","-9999","-9999","-9999","86","-9999","-9999","-9999","-9999","-9999","-9999","-9999","-9999","-9999","-9999","-9999","-9999","-9999","-9999","-9999","-9999","-9999","-9999","-9999","-9999","-9999","-9999","-9999","-9999","-9999","-9999","-9999","-9999","-9999","-9999","-9999","-9999","-9999","-9999","-9999","-9999","-9999","-9999","-9999","-9999","-9999","-9999","-9999","-9999","-9999","-9999","-9999","-9999","-9999","85","-9999","-9999","-9999","-9999","-9999","-9999","-9999","-9999","-9999","-9999","-9999","-9999","-9999","-9999","-9999","-9999","-9999","-9999","-9999","-9999","-9999","-9999","-9999","-9999","-9999","-9999","-9999","-9999","-9999","-9999","-9999","-9999","-9999","-9999","-9999","-9999","-9999","-9999","-9999","-9999","-9999","<2","-9999","-9999","-9999","-9999","-9999","-9999","-9999","-9999","-9999","-9999","-9999","-9999","-9999","-9999","-9999","-9999","-9999","-9999","-9999","-9999","-9999","-9999","-9999","-9999","-9999","-9999","-9999","-9999","-9999","-9999","-9999","-9999","-9999","-9999","-9999","-9999","-9999","-9999","-9999","-9999","-9999","-9999","-9999","-9999","-9999","-9999","-9999","-9999","-9999","-9999","-9999","-9999","-9999","-9999","-9999","-9999","-9999","-9999","-9999","-9999","-9999","-9999","-9999","-9999","-9999","-9999","-9999","-9999","-9999","-9999","129","-9999","-9999","-9999","-9999","-9999","-9999","-9999","-9999","-9999","-9999","110","-9999","-9999","-9999","-9999","-9999","-9999","Purple Rock Inc.","Alberta Geological Survey"
"67445","MAR_20020002-00021-5746-ICP-25.0ppm-2001-11-29-Bondar-Clegg & Company Ltd.-N/A-N/A-","MAR_20020002","21","200110-129","5746","146.01","147.01","-9999","2001-11-29","2001-10-01","Bondar-Clegg & Company Ltd.","BOND-UNSP","Unspecified","25.0ppm","Submitted sample","ICP","-9999","-9999","-9999","-9999","-9999","-9999","-9999","-9999","-9999","-9999","-9999","-9999","-9999","-9999","-9999","-9999","-9999","-9999","-9999","-9999","-9999","-9999","-9999","-9999","-9999","-9999","-9999","-9999","-9999","-9999","-9999","-9999","-9999","-9999","-9999","-9999","-9999","-9999","-9999","-9999","-9999","-9999","-9999","-9999","-9999","-9999","-9999","-9999","-9999","-9999","-9999","-9999","-9999","-9999","-9999","-9999","-9999","-9999","-9999","-9999","-9999","-9999","-9999","-9999","-9999","-9999","-9999","-9999","-9999","-9999","-9999","-9999","-9999","-9999","-9999","-9999","-9999","-9999","-9999","-9999","-9999","-9999","-9999","-9999","-9999","-9999","-9999","-9999","-9999","-9999","-9999","-9999","-9999","-9999","-9999","-9999","-9999","-9999","-9999","-9999","-9999","-9999","-9999","-9999","-9999","-9999","-9999","-9999","-9999","-9999","-9999","-9999","-9999","-9999","-9999","-9999","-9999","-9999","-9999","-9999","-9999","-9999","-9999","-9999","-9999","-9999","-9999","-9999","-9999","-9999","-9999","-9999","-9999","-9999","-9999","-9999","-9999","-9999","-9999","-9999","-9999","-9999","-9999","-9999","-9999","-9999","-9999","-9999","-9999","-9999","-9999","-9999","-9999","-9999","-9999","-9999","-9999","-9999","-9999","-9999","-9999","-9999","-9999","-9999","-9999","-9999","-9999","-9999","-9999","-9999","-9999","-9999","-9999","-9999","-9999","-9999","-9999","-9999","-9999","-9999","-9999","-9999","-9999","-9999","-9999","-9999","-9999","-9999","-9999","-9999","-9999","-9999","-9999","-9999","-9999","-9999","-9999","-9999","-9999","-9999","-9999","<25","-9999","-9999","-9999","-9999","-9999","-9999","-9999","-9999","-9999","-9999","-9999","-9999","-9999","-9999","-9999","-9999","-9999","-9999","-9999","-9999","-9999","-9999","-9999","-9999","-9999","-9999","-9999","-9999","-9999","-9999","-9999","-9999","Purple Rock Inc.","Alberta Geological Survey"
"67446","MAR_20020002-00021-5746-ICP-20.0ppm-2001-11-29-Bondar-Clegg & Company Ltd.-N/A-N/A-","MAR_20020002","21","200110-129","5746","146.01","147.01","-9999","2001-11-29","2001-10-01","Bondar-Clegg & Company Ltd.","BOND-UNSP","Unspecified","20.0ppm","Submitted sample","ICP","-9999","-9999","-9999","-9999","-9999","-9999","-9999","-9999","-9999","-9999","-9999","-9999","-9999","-9999","-9999","-9999","-9999","-9999","-9999","-9999","-9999","-9999","-9999","-9999","-9999","-9999","-9999","-9999","-9999","-9999","-9999","-9999","-9999","-9999","-9999","-9999","-9999","-9999","-9999","-9999","-9999","-9999","-9999","-9999","-9999","-9999","-9999","-9999","-9999","-9999","-9999","-9999","-9999","-9999","-9999","-9999","-9999","-9999","-9999","-9999","-9999","-9999","-9999","-9999","-9999","-9999","-9999","-9999","-9999","-9999","-9999","-9999","-9999","-9999","-9999","-9999","-9999","-9999","-9999","-9999","-9999","-9999","-9999","-9999","-9999","-9999","-9999","-9999","-9999","-9999","-9999","-9999","-9999","-9999","-9999","-9999","-9999","-9999","-9999","-9999","-9999","-9999","-9999","-9999","-9999","-9999","-9999","-9999","-9999","-9999","-9999","-9999","-9999","-9999","-9999","-9999","-9999","-9999","-9999","-9999","-9999","-9999","-9999","-9999","-9999","-9999","-9999","-9999","-9999","-9999","-9999","-9999","-9999","-9999","-9999","-9999","-9999","-9999","-9999","-9999","-9999","-9999","-9999","-9999","-9999","-9999","-9999","-9999","-9999","-9999","-9999","-9999","-9999","-9999","-9999","-9999","-9999","-9999","-9999","-9999","-9999","-9999","-9999","-9999","-9999","-9999","-9999","-9999","-9999","-9999","-9999","-9999","-9999","-9999","-9999","-9999","-9999","-9999","-9999","-9999","-9999","-9999","-9999","-9999","-9999","-9999","-9999","<20","-9999","-9999","-9999","-9999","-9999","-9999","-9999","-9999","-9999","-9999","-9999","-9999","-9999","-9999","-9999","-9999","-9999","-9999","-9999","-9999","-9999","-9999","-9999","-9999","-9999","-9999","-9999","-9999","-9999","-9999","-9999","<20","-9999","-9999","-9999","-9999","-9999","-9999","-9999","-9999","-9999","-9999","-9999","-9999","-9999","-9999","Purple Rock Inc.","Alberta Geological Survey"
"67447","MAR_20020002-00021-5746-ICP-10.0pct-2001-11-29-Bondar-Clegg & Company Ltd.-N/A-N/A-","MAR_20020002","21","200110-129","5746","146.01","147.01","-9999","2001-11-29","2001-10-01","Bondar-Clegg & Company Ltd.","BOND-UNSP","Unspecified","10.0pct","Submitted sample","ICP","-9999","-9999","-9999","-9999","-9999","-9999","-9999","-9999","10.6","-9999","-9999","-9999","-9999","-9999","-9999","-9999","-9999","-9999","-9999","-9999","-9999","-9999","-9999","-9999","-9999","-9999","-9999","-9999","-9999","-9999","-9999","-9999","-9999","-9999","-9999","-9999","-9999","-9999","-9999","-9999","-9999","-9999","-9999","-9999","-9999","-9999","-9999","-9999","-9999","-9999","-9999","-9999","-9999","-9999","-9999","-9999","-9999","-9999","-9999","-9999","-9999","-9999","-9999","-9999","-9999","-9999","-9999","-9999","-9999","-9999","-9999","-9999","-9999","-9999","-9999","-9999","-9999","-9999","-9999","-9999","-9999","-9999","-9999","-9999","-9999","-9999","-9999","-9999","-9999","-9999","-9999","-9999","-9999","-9999","-9999","-9999","-9999","-9999","-9999","-9999","-9999","-9999","-9999","-9999","-9999","-9999","-9999","-9999","-9999","-9999","-9999","-9999","-9999","-9999","-9999","-9999","-9999","-9999","-9999","-9999","-9999","-9999","-9999","-9999","-9999","-9999","-9999","-9999","-9999","-9999","-9999","-9999","-9999","-9999","-9999","-9999","-9999","-9999","-9999","-9999","-9999","-9999","-9999","-9999","-9999","-9999","-9999","-9999","-9999","-9999","-9999","-9999","-9999","-9999","-9999","-9999","-9999","-9999","-9999","-9999","-9999","-9999","-9999","-9999","-9999","-9999","-9999","-9999","-9999","-9999","-9999","-9999","-9999","-9999","-9999","-9999","-9999","-9999","-9999","-9999","-9999","-9999","-9999","-9999","-9999","-9999","-9999","-9999","-9999","-9999","-9999","-9999","-9999","-9999","-9999","-9999","-9999","-9999","-9999","-9999","-9999","-9999","-9999","-9999","-9999","-9999","-9999","-9999","-9999","-9999","-9999","-9999","-9999","-9999","-9999","-9999","-9999","-9999","-9999","-9999","-9999","-9999","-9999","-9999","-9999","-9999","-9999","-9999","-9999","-9999","-9999","-9999","-9999","-9999","Purple Rock Inc.","Alberta Geological Survey"
"67448","MAR_20020002-00021-5746-ICP-0.5ppm-2001-11-29-Bondar-Clegg & Company Ltd.-N/A-N/A-","MAR_20020002","21","200110-129","5746","146.01","147.01","-9999","2001-11-29","2001-10-01","Bondar-Clegg & Company Ltd.","BOND-UNSP","Unspecified","0.5ppm","Submitted sample","ICP","-9999","-9999","-9999","-9999","-9999","<0.5","-9999","-9999","-9999","-9999","-9999","-9999","-9999","-9999","-9999","-9999","-9999","-9999","-9999","-9999","-9999","-9999","-9999","-9999","-9999","-9999","-9999","-9999","-9999","-9999","-9999","-9999","-9999","-9999","-9999","-9999","-9999","-9999","-9999","-9999","-9999","-9999","-9999","-9999","-9999","-9999","-9999","-9999","-9999","-9999","-9999","-9999","-9999","-9999","-9999","-9999","-9999","-9999","-9999","-9999","-9999","-9999","-9999","-9999","-9999","-9999","-9999","-9999","-9999","-9999","-9999","-9999","-9999","-9999","-9999","-9999","-9999","-9999","-9999","-9999","-9999","-9999","-9999","-9999","-9999","-9999","-9999","-9999","-9999","-9999","-9999","-9999","-9999","-9999","-9999","-9999","-9999","-9999","-9999","-9999","-9999","-9999","-9999","-9999","-9999","-9999","-9999","-9999","-9999","-9999","-9999","-9999","-9999","-9999","-9999","-9999","-9999","-9999","-9999","-9999","-9999","-9999","-9999","-9999","-9999","-9999","-9999","-9999","-9999","-9999","-9999","-9999","-9999","-9999","-9999","-9999","-9999","-9999","-9999","-9999","-9999","-9999","-9999","-9999","-9999","-9999","-9999","-9999","-9999","-9999","-9999","-9999","-9999","-9999","-9999","-9999","-9999","-9999","-9999","-9999","-9999","-9999","-9999","-9999","-9999","-9999","-9999","-9999","-9999","-9999","-9999","-9999","-9999","-9999","-9999","-9999","-9999","-9999","-9999","-9999","-9999","-9999","-9999","-9999","-9999","-9999","-9999","-9999","-9999","-9999","-9999","-9999","-9999","-9999","-9999","-9999","-9999","-9999","-9999","-9999","-9999","-9999","-9999","-9999","-9999","-9999","-9999","-9999","-9999","-9999","-9999","-9999","-9999","-9999","-9999","-9999","-9999","-9999","-9999","-9999","-9999","-9999","-9999","-9999","-9999","-9999","-9999","-9999","-9999","-9999","-9999","-9999","-9999","-9999","Purple Rock Inc.","Alberta Geological Survey"
"67791","MAR_20020002-00022-5747-ICP-1.0ppm-2001-11-29-Bondar-Clegg & Company Ltd.-N/A-N/A-","MAR_20020002","22","200110-129","5747","147.01","147.6","-9999","2001-11-29","2001-10-01","Bondar-Clegg & Company Ltd.","BOND-UNSP","Unspecified","1.0ppm","Submitted sample","ICP","-9999","-9999","-9999","-9999","-9999","-9999","-9999","-9999","-9999","-9999","-9999","-9999","-9999","-9999","-9999","-9999","-9999","-9999","-9999","-9999","-9999","-9999","-9999","-9999","-9999","-9999","-9999","-9999","-9999","-9999","-9999","-9999","-9999","-9999","-9999","-9999","-9999","-9999","-9999","-9999","-9999","-9999","<1.0","-9999","-9999","-9999","-9999","-9999","-9999","21","-9999","-9999","-9999","-9999","-9999","-9999","-9999","16","-9999","-9999","-9999","-9999","-9999","-9999","-9999","-9999","-9999","-9999","-9999","-9999","-9999","-9999","-9999","-9999","-9999","-9999","-9999","-9999","-9999","-9999","-9999","-9999","-9999","-9999","-9999","-9999","-9999","-9999","-9999","-9999","-9999","-9999","-9999","-9999","-9999","-9999","-9999","-9999","-9999","-9999","-9999","-9999","-9999","-9999","-9999","-9999","-9999","-9999","-9999","-9999","-9999","-9999","-9999","-9999","-9999","-9999","-9999","-9999","-9999","-9999","-9999","2","-9999","-9999","-9999","-9999","-9999","-9999","-9999","-9999","-9999","-9999","-9999","-9999","35","-9999","-9999","-9999","-9999","-9999","-9999","-9999","-9999","-9999","-9999","-9999","-9999","-9999","-9999","-9999","-9999","-9999","-9999","-9999","-9999","-9999","-9999","-9999","-9999","-9999","-9999","-9999","-9999","-9999","-9999","-9999","-9999","-9999","-9999","-9999","-9999","-9999","-9999","-9999","-9999","-9999","-9999","-9999","-9999","-9999","-9999","-9999","-9999","-9999","-9999","-9999","-9999","-9999","-9999","-9999","-9999","-9999","244","-9999","-9999","-9999","-9999","-9999","-9999","-9999","-9999","-9999","-9999","-9999","-9999","-9999","-9999","-9999","-9999","-9999","-9999","-9999","-9999","-9999","-9999","-9999","-9999","-9999","-9999","-9999","-9999","-9999","-9999","-9999","-9999","-9999","-9999","-9999","-9999","-9999","-9999","-9999","-9999","-9999","Purple Rock Inc.","Alberta Geological Survey"
"67792","MAR_20020002-00022-5747-ICP-5.0ppm-2001-11-29-Bondar-Clegg & Company Ltd.-N/A-N/A-","MAR_20020002","22","200110-129","5747","147.01","147.6","-9999","2001-11-29","2001-10-01","Bondar-Clegg & Company Ltd.","BOND-UNSP","Unspecified","5.0ppm","Submitted sample","ICP","-9999","-9999","-9999","-9999","-9999","-9999","-9999","-9999","-9999","-9999","-9999","-9999","<5","-9999","-9999","-9999","-9999","-9999","-9999","-9999","-9999","-9999","-9999","1340","-9999","-9999","-9999","-9999","<5","-9999","-9999","-9999","-9999","-9999","-9999","-9999","-9999","-9999","-9999","-9999","-9999","-9999","-9999","-9999","-9999","-9999","-9999","-9999","-9999","-9999","-9999","-9999","-9999","-9999","-9999","-9999","-9999","-9999","-9999","-9999","-9999","-9999","-9999","-9999","-9999","-9999","-9999","-9999","-9999","-9999","-9999","-9999","-9999","-9999","-9999","-9999","-9999","-9999","-9999","-9999","-9999","-9999","-9999","-9999","-9999","-9999","-9999","-9999","-9999","-9999","-9999","-9999","-9999","-9999","-9999","-9999","-9999","-9999","-9999","-9999","-9999","27","-9999","-9999","-9999","-9999","-9999","-9999","-9999","-9999","-9999","-9999","-9999","-9999","-9999","-9999","-9999","2310","-9999","-9999","-9999","-9999","-9999","-9999","-9999","-9999","-9999","-9999","-9999","11","-9999","-9999","-9999","-9999","-9999","-9999","-9999","-9999","-9999","-9999","-9999","-9999","-9999","-9999","-9999","-9999","-9999","-9999","-9999","-9999","-9999","-9999","-9999","-9999","-9999","-9999","-9999","-9999","-9999","-9999","-9999","-9999","-9999","-9999","-9999","-9999","-9999","-9999","-9999","-9999","-9999","-9999","-9999","-9999","<5","-9999","12","-9999","-9999","-9999","-9999","-9999","-9999","-9999","-9999","-9999","-9999","-9999","-9999","-9999","-9999","-9999","-9999","-9999","-9999","-9999","<5","-9999","-9999","-9999","-9999","-9999","-9999","-9999","-9999","-9999","-9999","-9999","-9999","-9999","-9999","-9999","-9999","-9999","-9999","-9999","-9999","-9999","-9999","-9999","-9999","20","-9999","-9999","-9999","-9999","-9999","-9999","-9999","-9999","-9999","80","-9999","-9999","Purple Rock Inc.","Alberta Geological Survey"
"67793","MAR_20020002-00022-5747-ICP-25.0ppm-2001-11-29-Bondar-Clegg & Company Ltd.-N/A-N/A-","MAR_20020002","22","200110-129","5747","147.01","147.6","-9999","2001-11-29","2001-10-01","Bondar-Clegg & Company Ltd.","BOND-UNSP","Unspecified","25.0ppm","Submitted sample","ICP","-9999","-9999","-9999","-9999","-9999","-9999","-9999","-9999","-9999","-9999","-9999","-9999","-9999","-9999","-9999","-9999","-9999","-9999","-9999","-9999","-9999","-9999","-9999","-9999","-9999","-9999","-9999","-9999","-9999","-9999","-9999","-9999","-9999","-9999","-9999","-9999","-9999","-9999","-9999","-9999","-9999","-9999","-9999","-9999","-9999","-9999","-9999","-9999","-9999","-9999","-9999","-9999","-9999","-9999","-9999","-9999","-9999","-9999","-9999","-9999","-9999","-9999","-9999","-9999","-9999","-9999","-9999","-9999","-9999","-9999","-9999","-9999","-9999","-9999","-9999","-9999","-9999","-9999","-9999","-9999","-9999","-9999","-9999","-9999","-9999","-9999","-9999","-9999","-9999","-9999","-9999","-9999","-9999","-9999","-9999","-9999","-9999","-9999","-9999","-9999","-9999","-9999","-9999","-9999","-9999","-9999","-9999","-9999","-9999","-9999","-9999","-9999","-9999","-9999","-9999","-9999","-9999","-9999","-9999","-9999","-9999","-9999","-9999","-9999","-9999","-9999","-9999","-9999","-9999","-9999","-9999","-9999","-9999","-9999","-9999","-9999","-9999","-9999","-9999","-9999","-9999","-9999","-9999","-9999","-9999","-9999","-9999","-9999","-9999","-9999","-9999","-9999","-9999","-9999","-9999","-9999","-9999","-9999","-9999","-9999","-9999","-9999","-9999","-9999","-9999","-9999","-9999","-9999","-9999","-9999","-9999","-9999","-9999","-9999","-9999","-9999","-9999","-9999","-9999","-9999","-9999","-9999","-9999","-9999","-9999","-9999","-9999","-9999","-9999","-9999","-9999","-9999","-9999","-9999","-9999","-9999","-9999","-9999","-9999","-9999","-9999","<25","-9999","-9999","-9999","-9999","-9999","-9999","-9999","-9999","-9999","-9999","-9999","-9999","-9999","-9999","-9999","-9999","-9999","-9999","-9999","-9999","-9999","-9999","-9999","-9999","-9999","-9999","-9999","-9999","-9999","-9999","-9999","-9999","Purple Rock Inc.","Alberta Geological Survey"
"67794","MAR_20020002-00022-5747-ICP-20.0ppm-2001-11-29-Bondar-Clegg & Company Ltd.-N/A-N/A-","MAR_20020002","22","200110-129","5747","147.01","147.6","-9999","2001-11-29","2001-10-01","Bondar-Clegg & Company Ltd.","BOND-UNSP","Unspecified","20.0ppm","Submitted sample","ICP","-9999","-9999","-9999","-9999","-9999","-9999","-9999","-9999","-9999","-9999","-9999","-9999","-9999","-9999","-9999","-9999","-9999","-9999","-9999","-9999","-9999","-9999","-9999","-9999","-9999","-9999","-9999","-9999","-9999","-9999","-9999","-9999","-9999","-9999","-9999","-9999","-9999","-9999","-9999","-9999","-9999","-9999","-9999","-9999","-9999","-9999","-9999","-9999","-9999","-9999","-9999","-9999","-9999","-9999","-9999","-9999","-9999","-9999","-9999","-9999","-9999","-9999","-9999","-9999","-9999","-9999","-9999","-9999","-9999","-9999","-9999","-9999","-9999","-9999","-9999","-9999","-9999","-9999","-9999","-9999","-9999","-9999","-9999","-9999","-9999","-9999","-9999","-9999","-9999","-9999","-9999","-9999","-9999","-9999","-9999","-9999","-9999","-9999","-9999","-9999","-9999","-9999","-9999","-9999","-9999","-9999","-9999","-9999","-9999","-9999","-9999","-9999","-9999","-9999","-9999","-9999","-9999","-9999","-9999","-9999","-9999","-9999","-9999","-9999","-9999","-9999","-9999","-9999","-9999","-9999","-9999","-9999","-9999","-9999","-9999","-9999","-9999","-9999","-9999","-9999","-9999","-9999","-9999","-9999","-9999","-9999","-9999","-9999","-9999","-9999","-9999","-9999","-9999","-9999","-9999","-9999","-9999","-9999","-9999","-9999","-9999","-9999","-9999","-9999","-9999","-9999","-9999","-9999","-9999","-9999","-9999","-9999","-9999","-9999","-9999","-9999","-9999","-9999","-9999","-9999","-9999","-9999","-9999","-9999","-9999","-9999","-9999","<20","-9999","-9999","-9999","-9999","-9999","-9999","-9999","-9999","-9999","-9999","-9999","-9999","-9999","-9999","-9999","-9999","-9999","-9999","-9999","-9999","-9999","-9999","-9999","-9999","-9999","-9999","-9999","-9999","-9999","-9999","-9999","<20","-9999","-9999","-9999","-9999","-9999","-9999","-9999","-9999","-9999","-9999","-9999","-9999","-9999","-9999","Purple Rock Inc.","Alberta Geological Survey"
"67795","MAR_20020002-00022-5747-ICP-2.0ppm-2001-11-29-Bondar-Clegg & Company Ltd.-N/A-N/A-","MAR_20020002","22","200110-129","5747","147.01","147.6","-9999","2001-11-29","2001-10-01","Bondar-Clegg & Company Ltd.","BOND-UNSP","Unspecified","2.0ppm","Submitted sample","ICP","-9999","-9999","-9999","-9999","-9999","-9999","-9999","-9999","-9999","-9999","-9999","-9999","-9999","-9999","-9999","-9999","-9999","-9999","-9999","-9999","-9999","-9999","-9999","-9999","-9999","-9999","-9999","-9999","-9999","-9999","-9999","-9999","-9999","-9999","-9999","-9999","-9999","-9999","-9999","-9999","-9999","-9999","-9999","-9999","-9999","-9999","-9999","-9999","-9999","-9999","-9999","-9999","-9999","65","-9999","-9999","-9999","-9999","-9999","-9999","-9999","-9999","-9999","-9999","-9999","-9999","-9999","-9999","-9999","-9999","-9999","-9999","-9999","-9999","-9999","-9999","-9999","-9999","-9999","-9999","-9999","-9999","-9999","-9999","-9999","-9999","-9999","-9999","-9999","-9999","-9999","-9999","-9999","-9999","-9999","-9999","-9999","-9999","-9999","-9999","-9999","-9999","-9999","46","-9999","-9999","-9999","-9999","-9999","-9999","-9999","-9999","-9999","-9999","-9999","-9999","-9999","-9999","-9999","-9999","-9999","-9999","-9999","-9999","-9999","-9999","-9999","-9999","-9999","-9999","-9999","-9999","-9999","-9999","-9999","-9999","-9999","-9999","-9999","-9999","-9999","-9999","-9999","-9999","-9999","2","-9999","-9999","-9999","-9999","-9999","-9999","-9999","-9999","-9999","-9999","-9999","-9999","-9999","-9999","-9999","-9999","-9999","-9999","-9999","-9999","-9999","-9999","-9999","-9999","-9999","-9999","-9999","-9999","-9999","-9999","-9999","-9999","-9999","-9999","-9999","-9999","-9999","-9999","-9999","-9999","-9999","-9999","-9999","-9999","-9999","-9999","-9999","-9999","-9999","-9999","-9999","-9999","-9999","-9999","-9999","-9999","-9999","-9999","-9999","-9999","-9999","-9999","-9999","-9999","-9999","-9999","-9999","-9999","-9999","-9999","90","-9999","-9999","-9999","-9999","-9999","-9999","-9999","-9999","-9999","-9999","75","-9999","-9999","-9999","-9999","-9999","-9999","Purple Rock Inc.","Alberta Geological Survey"
"67796","MAR_20020002-00022-5747-ICP-10.0ppm-2001-11-29-Bondar-Clegg & Company Ltd.-N/A-N/A-","MAR_20020002","22","200110-129","5747","147.01","147.6","-9999","2001-11-29","2001-10-01","Bondar-Clegg & Company Ltd.","BOND-UNSP","Unspecified","10.0ppm","Submitted sample","ICP","-9999","-9999","-9999","-9999","-9999","-9999","-9999","-9999","-9999","-9999","-9999","-9999","-9999","-9999","-9999","-9999","-9999","-9999","-9999","-9999","-9999","-9999","-9999","-9999","-9999","-9999","-9999","-9999","-9999","-9999","-9999","-9999","-9999","-9999","-9999","-9999","-9999","-9999","-9999","-9999","-9999","-9999","-9999","-9999","-9999","-9999","-9999","-9999","-9999","-9999","-9999","-9999","-9999","-9999","-9999","-9999","-9999","-9999","-9999","-9999","-9999","-9999","-9999","-9999","-9999","-9999","-9999","-9999","-9999","-9999","-9999","-9999","-9999","-9999","-9999","-9999","<10","-9999","-9999","-9999","-9999","-9999","-9999","-9999","-9999","-9999","-9999","-9999","-9999","-9999","-9999","-9999","-9999","-9999","-9999","-9999","-9999","-9999","-9999","-9999","-9999","-9999","-9999","-9999","-9999","-9999","-9999","-9999","-9999","-9999","-9999","-9999","-9999","-9999","-9999","-9999","-9999","-9999","-9999","-9999","-9999","-9999","-9999","-9999","-9999","-9999","-9999","-9999","-9999","-9999","-9999","-9999","-9999","-9999","-9999","-9999","-9999","-9999","-9999","-9999","-9999","-9999","-9999","-9999","-9999","-9999","-9999","-9999","-9999","-9999","-9999","-9999","-9999","-9999","-9999","-9999","-9999","-9999","-9999","-9999","-9999","-9999","-9999","-9999","-9999","-9999","-9999","-9999","-9999","-9999","-9999","-9999","-9999","-9999","-9999","-9999","-9999","-9999","-9999","-9999","-9999","-9999","-9999","-9999","-9999","-9999","-9999","-9999","-9999","-9999","-9999","-9999","-9999","-9999","-9999","-9999","-9999","-9999","-9999","-9999","-9999","-9999","-9999","-9999","-9999","-9999","-9999","-9999","-9999","-9999","-9999","-9999","-9999","-9999","-9999","-9999","-9999","-9999","-9999","-9999","-9999","-9999","-9999","-9999","-9999","-9999","-9999","-9999","-9999","-9999","-9999","-9999","-9999","-9999","Purple Rock Inc.","Alberta Geological Survey"
"67797","MAR_20020002-00022-5747-ICP-0.5ppm-2001-11-29-Bondar-Clegg & Company Ltd.-N/A-N/A-","MAR_20020002","22","200110-129","5747","147.01","147.6","-9999","2001-11-29","2001-10-01","Bondar-Clegg & Company Ltd.","BOND-UNSP","Unspecified","0.5ppm","Submitted sample","ICP","-9999","-9999","-9999","-9999","-9999","<0.5","-9999","-9999","-9999","-9999","-9999","-9999","-9999","-9999","-9999","-9999","-9999","-9999","-9999","-9999","-9999","-9999","-9999","-9999","-9999","-9999","-9999","-9999","-9999","-9999","-9999","-9999","-9999","-9999","-9999","-9999","-9999","-9999","-9999","-9999","-9999","-9999","-9999","-9999","-9999","-9999","-9999","-9999","-9999","-9999","-9999","-9999","-9999","-9999","-9999","-9999","-9999","-9999","-9999","-9999","-9999","-9999","-9999","-9999","-9999","-9999","-9999","-9999","-9999","-9999","-9999","-9999","-9999","-9999","-9999","-9999","-9999","-9999","-9999","-9999","-9999","-9999","-9999","-9999","-9999","-9999","-9999","-9999","-9999","-9999","-9999","-9999","-9999","-9999","-9999","-9999","-9999","-9999","-9999","-9999","-9999","-9999","-9999","-9999","-9999","-9999","-9999","-9999","-9999","-9999","-9999","-9999","-9999","-9999","-9999","-9999","-9999","-9999","-9999","-9999","-9999","-9999","-9999","-9999","-9999","-9999","-9999","-9999","-9999","-9999","-9999","-9999","-9999","-9999","-9999","-9999","-9999","-9999","-9999","-9999","-9999","-9999","-9999","-9999","-9999","-9999","-9999","-9999","-9999","-9999","-9999","-9999","-9999","-9999","-9999","-9999","-9999","-9999","-9999","-9999","-9999","-9999","-9999","-9999","-9999","-9999","-9999","-9999","-9999","-9999","-9999","-9999","-9999","-9999","-9999","-9999","-9999","-9999","-9999","-9999","-9999","-9999","-9999","-9999","-9999","-9999","-9999","-9999","-9999","-9999","-9999","-9999","-9999","-9999","-9999","-9999","-9999","-9999","-9999","-9999","-9999","-9999","-9999","-9999","-9999","-9999","-9999","-9999","-9999","-9999","-9999","-9999","-9999","-9999","-9999","-9999","-9999","-9999","-9999","-9999","-9999","-9999","-9999","-9999","-9999","-9999","-9999","-9999","-9999","-9999","-9999","-9999","-9999","-9999","Purple Rock Inc.","Alberta Geological Survey"
"67798","MAR_20020002-00022-5747-ICP-0.01pct-2001-11-29-Bondar-Clegg & Company Ltd.-N/A-N/A-","MAR_20020002","22","200110-129","5747","147.01","147.6","-9999","2001-11-29","2001-10-01","Bondar-Clegg & Company Ltd.","BOND-UNSP","Unspecified","0.01pct","Submitted sample","ICP","-9999","-9999","-9999","-9999","-9999","-9999","-9999","-9999","7.44","-9999","-9999","-9999","-9999","-9999","-9999","-9999","-9999","-9999","-9999","-9999","-9999","-9999","-9999","-9999","-9999","-9999","-9999","-9999","-9999","-9999","-9999","-9999","-9999","-9999","4.49","-9999","-9999","-9999","-9999","-9999","-9999","-9999","-9999","-9999","-9999","-9999","-9999","-9999","-9999","-9999","-9999","-9999","-9999","-9999","-9999","-9999","-9999","-9999","-9999","-9999","-9999","-9999","-9999","-9999","-9999","-9999","-9999","-9999","-9999","-9999","-9999","-9999","8.26","-9999","-9999","-9999","-9999","-9999","-9999","-9999","-9999","-9999","-9999","-9999","-9999","-9999","-9999","-9999","-9999","-9999","-9999","-9999","-9999","2.51","-9999","-9999","-9999","-9999","-9999","-9999","-9999","-9999","-9999","-9999","-9999","-9999","-9999","-9999","-9999","1.84","-9999","-9999","-9999","-9999","-9999","-9999","-9999","-9999","-9999","-9999","-9999","-9999","-9999","-9999","0.12","-9999","-9999","-9999","-9999","-9999","-9999","-9999","-9999","-9999","-9999","-9999","-9999","-9999","-9999","-9999","-9999","-9999","-9999","-9999","-9999","-9999","-9999","-9999","-9999","-9999","-9999","-9999","-9999","-9999","-9999","-9999","-9999","-9999","-9999","-9999","-9999","-9999","-9999","-9999","-9999","-9999","-9999","-9999","-9999","-9999","-9999","-9999","-9999","-9999","-9999","-9999","-9999","-9999","-9999","-9999","-9999","-9999","-9999","-9999","-9999","-9999","-9999","-9999","-9999","-9999","-9999","-9999","-9999","-9999","-9999","-9999","-9999","-9999","-9999","-9999","-9999","-9999","-9999","-9999","0.34","-9999","-9999","-9999","-9999","-9999","-9999","-9999","-9999","-9999","-9999","-9999","-9999","-9999","-9999","-9999","-9999","-9999","-9999","-9999","-9999","-9999","-9999","-9999","-9999","-9999","-9999","-9999","-9999","-9999","Purple Rock Inc.","Alberta Geological Survey"
"67799","MAR_20020002-00022-5747-ICP-0.002pct-2001-11-29-Bondar-Clegg & Company Ltd.-N/A-N/A-","MAR_20020002","22","200110-129","5747","147.01","147.6","-9999","2001-11-29","2001-10-01","Bondar-Clegg & Company Ltd.","BOND-UNSP","Unspecified","0.002pct","Submitted sample","ICP","-9999","-9999","-9999","-9999","-9999","-9999","-9999","-9999","-9999","-9999","-9999","-9999","-9999","-9999","-9999","-9999","-9999","-9999","-9999","-9999","-9999","-9999","-9999","-9999","-9999","-9999","-9999","-9999","-9999","-9999","-9999","-9999","-9999","-9999","-9999","-9999","-9999","-9999","-9999","-9999","-9999","-9999","-9999","-9999","-9999","-9999","-9999","-9999","-9999","-9999","-9999","-9999","-9999","-9999","-9999","-9999","-9999","-9999","-9999","-9999","-9999","-9999","-9999","-9999","-9999","-9999","-9999","-9999","-9999","-9999","-9999","-9999","-9999","-9999","-9999","-9999","-9999","-9999","-9999","-9999","-9999","-9999","-9999","-9999","-9999","-9999","-9999","-9999","-9999","-9999","-9999","-9999","-9999","-9999","-9999","-9999","-9999","-9999","-9999","-9999","-9999","-9999","-9999","-9999","-9999","-9999","-9999","-9999","-9999","-9999","-9999","-9999","-9999","-9999","-9999","-9999","-9999","-9999","-9999","-9999","-9999","-9999","-9999","-9999","-9999","-9999","-9999","-9999","-9999","-9999","-9999","-9999","-9999","-9999","-9999","-9999","-9999","-9999","-9999","-9999","-9999","-9999","-9999","-9999","-9999","-9999","-9999","-9999","-9999","-9999","-9999","-9999","-9999","-9999","-9999","-9999","-9999","-9999","-9999","-9999","-9999","-9999","-9999","-9999","-9999","-9999","-9999","-9999","-9999","-9999","-9999","2.328","-9999","-9999","-9999","-9999","-9999","-9999","-9999","-9999","-9999","-9999","-9999","-9999","-9999","-9999","-9999","-9999","-9999","-9999","-9999","-9999","-9999","-9999","-9999","-9999","-9999","-9999","-9999","-9999","-9999","-9999","-9999","-9999","-9999","-9999","-9999","-9999","-9999","-9999","-9999","-9999","-9999","-9999","-9999","-9999","-9999","-9999","-9999","-9999","-9999","-9999","-9999","-9999","-9999","-9999","-9999","-9999","-9999","-9999","-9999","-9999","-9999","-9999","Purple Rock Inc.","Alberta Geological Survey"
"68138","MAR_20020002-00023-5748-ICP-10.0ppm-2001-11-29-Bondar-Clegg & Company Ltd.-N/A-N/A-","MAR_20020002","23","200110-129","5748","147.6","148.4","-9999","2001-11-29","2001-10-01","Bondar-Clegg & Company Ltd.","BOND-UNSP","Unspecified","10.0ppm","Submitted sample","ICP","-9999","-9999","-9999","-9999","-9999","-9999","-9999","-9999","-9999","-9999","-9999","-9999","-9999","-9999","-9999","-9999","-9999","-9999","-9999","-9999","-9999","-9999","-9999","-9999","-9999","-9999","-9999","-9999","-9999","-9999","-9999","-9999","-9999","-9999","-9999","-9999","-9999","-9999","-9999","-9999","-9999","-9999","-9999","-9999","-9999","-9999","-9999","-9999","-9999","-9999","-9999","-9999","-9999","-9999","-9999","-9999","-9999","-9999","-9999","-9999","-9999","-9999","-9999","-9999","-9999","-9999","-9999","-9999","-9999","-9999","-9999","-9999","-9999","-9999","-9999","-9999","<10","-9999","-9999","-9999","-9999","-9999","-9999","-9999","-9999","-9999","-9999","-9999","-9999","-9999","-9999","-9999","-9999","-9999","-9999","-9999","-9999","-9999","-9999","-9999","-9999","-9999","-9999","-9999","-9999","-9999","-9999","-9999","-9999","-9999","-9999","-9999","-9999","-9999","-9999","-9999","-9999","-9999","-9999","-9999","-9999","-9999","-9999","-9999","-9999","-9999","-9999","-9999","-9999","-9999","-9999","-9999","-9999","-9999","-9999","-9999","-9999","-9999","-9999","-9999","-9999","-9999","-9999","-9999","-9999","-9999","-9999","-9999","-9999","-9999","-9999","-9999","-9999","-9999","-9999","-9999","-9999","-9999","-9999","-9999","-9999","-9999","-9999","-9999","-9999","-9999","-9999","-9999","-9999","-9999","-9999","-9999","-9999","-9999","-9999","-9999","-9999","-9999","-9999","-9999","-9999","-9999","-9999","-9999","-9999","-9999","-9999","-9999","-9999","-9999","-9999","-9999","-9999","-9999","-9999","-9999","-9999","-9999","-9999","-9999","-9999","-9999","-9999","-9999","-9999","-9999","-9999","-9999","-9999","-9999","-9999","-9999","-9999","-9999","-9999","-9999","-9999","-9999","-9999","-9999","-9999","-9999","-9999","-9999","-9999","-9999","-9999","-9999","-9999","-9999","-9999","-9999","-9999","-9999","Purple Rock Inc.","Alberta Geological Survey"
"68139","MAR_20020002-00023-5748-ICP-0.002pct-2001-11-29-Bondar-Clegg & Company Ltd.-N/A-N/A-","MAR_20020002","23","200110-129","5748","147.6","148.4","-9999","2001-11-29","2001-10-01","Bondar-Clegg & Company Ltd.","BOND-UNSP","Unspecified","0.002pct","Submitted sample","ICP","-9999","-9999","-9999","-9999","-9999","-9999","-9999","-9999","-9999","-9999","-9999","-9999","-9999","-9999","-9999","-9999","-9999","-9999","-9999","-9999","-9999","-9999","-9999","-9999","-9999","-9999","-9999","-9999","-9999","-9999","-9999","-9999","-9999","-9999","-9999","-9999","-9999","-9999","-9999","-9999","-9999","-9999","-9999","-9999","-9999","-9999","-9999","-9999","-9999","-9999","-9999","-9999","-9999","-9999","-9999","-9999","-9999","-9999","-9999","-9999","-9999","-9999","-9999","-9999","-9999","-9999","-9999","-9999","-9999","-9999","-9999","-9999","-9999","-9999","-9999","-9999","-9999","-9999","-9999","-9999","-9999","-9999","-9999","-9999","-9999","-9999","-9999","-9999","-9999","-9999","-9999","-9999","-9999","-9999","-9999","-9999","-9999","-9999","-9999","-9999","-9999","-9999","-9999","-9999","-9999","-9999","-9999","-9999","-9999","-9999","-9999","-9999","-9999","-9999","-9999","-9999","-9999","-9999","-9999","-9999","-9999","-9999","-9999","-9999","-9999","-9999","-9999","-9999","-9999","-9999","-9999","-9999","-9999","-9999","-9999","-9999","-9999","-9999","-9999","-9999","-9999","-9999","-9999","-9999","-9999","-9999","-9999","-9999","-9999","-9999","-9999","-9999","-9999","-9999","-9999","-9999","-9999","-9999","-9999","-9999","-9999","-9999","-9999","-9999","-9999","-9999","-9999","-9999","-9999","-9999","-9999","0.977","-9999","-9999","-9999","-9999","-9999","-9999","-9999","-9999","-9999","-9999","-9999","-9999","-9999","-9999","-9999","-9999","-9999","-9999","-9999","-9999","-9999","-9999","-9999","-9999","-9999","-9999","-9999","-9999","-9999","-9999","-9999","-9999","-9999","-9999","-9999","-9999","-9999","-9999","-9999","-9999","-9999","-9999","-9999","-9999","-9999","-9999","-9999","-9999","-9999","-9999","-9999","-9999","-9999","-9999","-9999","-9999","-9999","-9999","-9999","-9999","-9999","-9999","Purple Rock Inc.","Alberta Geological Survey"
"68140","MAR_20020002-00023-5748-ICP-0.5ppm-2001-11-29-Bondar-Clegg & Company Ltd.-N/A-N/A-","MAR_20020002","23","200110-129","5748","147.6","148.4","-9999","2001-11-29","2001-10-01","Bondar-Clegg & Company Ltd.","BOND-UNSP","Unspecified","0.5ppm","Submitted sample","ICP","-9999","-9999","-9999","-9999","-9999","<0.5","-9999","-9999","-9999","-9999","-9999","-9999","-9999","-9999","-9999","-9999","-9999","-9999","-9999","-9999","-9999","-9999","-9999","-9999","-9999","-9999","-9999","-9999","-9999","-9999","-9999","-9999","-9999","-9999","-9999","-9999","-9999","-9999","-9999","-9999","-9999","-9999","-9999","-9999","-9999","-9999","-9999","-9999","-9999","-9999","-9999","-9999","-9999","-9999","-9999","-9999","-9999","-9999","-9999","-9999","-9999","-9999","-9999","-9999","-9999","-9999","-9999","-9999","-9999","-9999","-9999","-9999","-9999","-9999","-9999","-9999","-9999","-9999","-9999","-9999","-9999","-9999","-9999","-9999","-9999","-9999","-9999","-9999","-9999","-9999","-9999","-9999","-9999","-9999","-9999","-9999","-9999","-9999","-9999","-9999","-9999","-9999","-9999","-9999","-9999","-9999","-9999","-9999","-9999","-9999","-9999","-9999","-9999","-9999","-9999","-9999","-9999","-9999","-9999","-9999","-9999","-9999","-9999","-9999","-9999","-9999","-9999","-9999","-9999","-9999","-9999","-9999","-9999","-9999","-9999","-9999","-9999","-9999","-9999","-9999","-9999","-9999","-9999","-9999","-9999","-9999","-9999","-9999","-9999","-9999","-9999","-9999","-9999","-9999","-9999","-9999","-9999","-9999","-9999","-9999","-9999","-9999","-9999","-9999","-9999","-9999","-9999","-9999","-9999","-9999","-9999","-9999","-9999","-9999","-9999","-9999","-9999","-9999","-9999","-9999","-9999","-9999","-9999","-9999","-9999","-9999","-9999","-9999","-9999","-9999","-9999","-9999","-9999","-9999","-9999","-9999","-9999","-9999","-9999","-9999","-9999","-9999","-9999","-9999","-9999","-9999","-9999","-9999","-9999","-9999","-9999","-9999","-9999","-9999","-9999","-9999","-9999","-9999","-9999","-9999","-9999","-9999","-9999","-9999","-9999","-9999","-9999","-9999","-9999","-9999","-9999","-9999","-9999","-9999","Purple Rock Inc.","Alberta Geological Survey"
"68141","MAR_20020002-00023-5748-ICP-5.0ppm-2001-11-29-Bondar-Clegg & Company Ltd.-N/A-N/A-","MAR_20020002","23","200110-129","5748","147.6","148.4","-9999","2001-11-29","2001-10-01","Bondar-Clegg & Company Ltd.","BOND-UNSP","Unspecified","5.0ppm","Submitted sample","ICP","-9999","-9999","-9999","-9999","-9999","-9999","-9999","-9999","-9999","-9999","-9999","-9999","<5","-9999","-9999","-9999","-9999","-9999","-9999","-9999","-9999","-9999","-9999",">2000","-9999","-9999","-9999","-9999","<5","-9999","-9999","-9999","-9999","-9999","-9999","-9999","-9999","-9999","-9999","-9999","-9999","-9999","-9999","-9999","-9999","-9999","-9999","-9999","-9999","-9999","-9999","-9999","-9999","-9999","-9999","-9999","-9999","-9999","-9999","-9999","-9999","-9999","-9999","-9999","-9999","-9999","-9999","-9999","-9999","-9999","-9999","-9999","-9999","-9999","-9999","-9999","-9999","-9999","-9999","-9999","-9999","-9999","-9999","-9999","-9999","-9999","-9999","-9999","-9999","-9999","-9999","-9999","-9999","-9999","-9999","-9999","-9999","-9999","-9999","-9999","-9999","26","-9999","-9999","-9999","-9999","-9999","-9999","-9999","-9999","-9999","-9999","-9999","-9999","-9999","-9999","-9999","1357","-9999","-9999","-9999","-9999","-9999","-9999","-9999","-9999","-9999","-9999","-9999","12","-9999","-9999","-9999","-9999","-9999","-9999","-9999","-9999","-9999","-9999","-9999","-9999","-9999","-9999","-9999","-9999","-9999","-9999","-9999","-9999","-9999","-9999","-9999","-9999","-9999","-9999","-9999","-9999","-9999","-9999","-9999","-9999","-9999","-9999","-9999","-9999","-9999","-9999","-9999","-9999","-9999","-9999","-9999","-9999","<5","-9999","11","-9999","-9999","-9999","-9999","-9999","-9999","-9999","-9999","-9999","-9999","-9999","-9999","-9999","-9999","-9999","-9999","-9999","-9999","-9999","<5","-9999","-9999","-9999","-9999","-9999","-9999","-9999","-9999","-9999","-9999","-9999","-9999","-9999","-9999","-9999","-9999","-9999","-9999","-9999","-9999","-9999","-9999","-9999","-9999","18","-9999","-9999","-9999","-9999","-9999","-9999","-9999","-9999","-9999","79","-9999","-9999","Purple Rock Inc.","Alberta Geological Survey"
"68142","MAR_20020002-00023-5748-XRF-0.01pct-2001-11-29-Bondar-Clegg & Company Ltd.-N/A-N/A-","MAR_20020002","23","200110-129","5748","147.6","148.4","-9999","2001-11-29","2001-10-01","Bondar-Clegg & Company Ltd.","BOND-UNSP","Unspecified","0.01pct","Submitted sample","XRF","-9999","-9999","-9999","-9999","-9999","-9999","-9999","-9999","-9999","-9999","-9999","-9999","-9999","-9999","-9999","-9999","-9999","-9999","-9999","-9999","-9999","-9999","0.24","-9999","-9999","-9999","-9999","-9999","-9999","-9999","-9999","-9999","-9999","-9999","-9999","-9999","-9999","-9999","-9999","-9999","-9999","-9999","-9999","-9999","-9999","-9999","-9999","-9999","-9999","-9999","-9999","-9999","-9999","-9999","-9999","-9999","-9999","-9999","-9999","-9999","-9999","-9999","-9999","-9999","-9999","-9999","-9999","-9999","-9999","-9999","-9999","-9999","-9999","-9999","-9999","-9999","-9999","-9999","-9999","-9999","-9999","-9999","-9999","-9999","-9999","-9999","-9999","-9999","-9999","-9999","-9999","-9999","-9999","-9999","-9999","-9999","-9999","-9999","-9999","-9999","-9999","-9999","-9999","-9999","-9999","-9999","-9999","-9999","-9999","-9999","-9999","-9999","-9999","-9999","-9999","-9999","-9999","-9999","-9999","-9999","-9999","-9999","-9999","-9999","-9999","-9999","-9999","-9999","-9999","-9999","-9999","-9999","-9999","-9999","-9999","-9999","-9999","-9999","-9999","-9999","-9999","-9999","-9999","-9999","-9999","-9999","-9999","-9999","-9999","-9999","-9999","-9999","-9999","-9999","-9999","-9999","-9999","-9999","-9999","-9999","-9999","-9999","-9999","-9999","-9999","-9999","-9999","-9999","-9999","-9999","-9999","-9999","-9999","-9999","-9999","-9999","-9999","-9999","-9999","-9999","-9999","-9999","-9999","-9999","-9999","-9999","-9999","-9999","-9999","-9999","-9999","-9999","-9999","-9999","-9999","-9999","-9999","-9999","-9999","-9999","-9999","-9999","-9999","-9999","-9999","-9999","-9999","-9999","-9999","-9999","-9999","-9999","-9999","-9999","-9999","-9999","-9999","-9999","-9999","-9999","-9999","-9999","-9999","-9999","-9999","-9999","-9999","-9999","-9999","-9999","-9999","-9999","-9999","-9999","Purple Rock Inc.","Alberta Geological Survey"
"68143","MAR_20020002-00023-5748-ICP-0.01pct-2001-11-29-Bondar-Clegg & Company Ltd.-N/A-N/A-","MAR_20020002","23","200110-129","5748","147.6","148.4","-9999","2001-11-29","2001-10-01","Bondar-Clegg & Company Ltd.","BOND-UNSP","Unspecified","0.01pct","Submitted sample","ICP","-9999","-9999","-9999","-9999","-9999","-9999","-9999","-9999","7.19","-9999","-9999","-9999","-9999","-9999","-9999","-9999","-9999","-9999","-9999","-9999","-9999","-9999","-9999","-9999","-9999","-9999","-9999","-9999","-9999","-9999","-9999","-9999","-9999","-9999","8.95","-9999","-9999","-9999","-9999","-9999","-9999","-9999","-9999","-9999","-9999","-9999","-9999","-9999","-9999","-9999","-9999","-9999","-9999","-9999","-9999","-9999","-9999","-9999","-9999","-9999","-9999","-9999","-9999","-9999","-9999","-9999","-9999","-9999","-9999","-9999","-9999","-9999","3.98","-9999","-9999","-9999","-9999","-9999","-9999","-9999","-9999","-9999","-9999","-9999","-9999","-9999","-9999","-9999","-9999","-9999","-9999","-9999","-9999","2.2","-9999","-9999","-9999","-9999","-9999","-9999","-9999","-9999","-9999","-9999","-9999","-9999","-9999","-9999","-9999","2.34","-9999","-9999","-9999","-9999","-9999","-9999","-9999","-9999","-9999","-9999","-9999","-9999","-9999","-9999","0.13","-9999","-9999","-9999","-9999","-9999","-9999","-9999","-9999","-9999","-9999","-9999","-9999","-9999","-9999","-9999","-9999","-9999","-9999","-9999","-9999","-9999","-9999","-9999","-9999","-9999","-9999","-9999","-9999","-9999","-9999","-9999","-9999","-9999","-9999","-9999","-9999","-9999","-9999","-9999","-9999","-9999","-9999","-9999","-9999","-9999","-9999","-9999","-9999","-9999","-9999","-9999","-9999","-9999","-9999","-9999","-9999","-9999","-9999","-9999","-9999","-9999","-9999","-9999","-9999","-9999","-9999","-9999","-9999","-9999","-9999","-9999","-9999","-9999","-9999","-9999","-9999","-9999","-9999","-9999","0.33","-9999","-9999","-9999","-9999","-9999","-9999","-9999","-9999","-9999","-9999","-9999","-9999","-9999","-9999","-9999","-9999","-9999","-9999","-9999","-9999","-9999","-9999","-9999","-9999","-9999","-9999","-9999","-9999","-9999","Purple Rock Inc.","Alberta Geological Survey"
"68144","MAR_20020002-00023-5748-ICP-20.0ppm-2001-11-29-Bondar-Clegg & Company Ltd.-N/A-N/A-","MAR_20020002","23","200110-129","5748","147.6","148.4","-9999","2001-11-29","2001-10-01","Bondar-Clegg & Company Ltd.","BOND-UNSP","Unspecified","20.0ppm","Submitted sample","ICP","-9999","-9999","-9999","-9999","-9999","-9999","-9999","-9999","-9999","-9999","-9999","-9999","-9999","-9999","-9999","-9999","-9999","-9999","-9999","-9999","-9999","-9999","-9999","-9999","-9999","-9999","-9999","-9999","-9999","-9999","-9999","-9999","-9999","-9999","-9999","-9999","-9999","-9999","-9999","-9999","-9999","-9999","-9999","-9999","-9999","-9999","-9999","-9999","-9999","-9999","-9999","-9999","-9999","-9999","-9999","-9999","-9999","-9999","-9999","-9999","-9999","-9999","-9999","-9999","-9999","-9999","-9999","-9999","-9999","-9999","-9999","-9999","-9999","-9999","-9999","-9999","-9999","-9999","-9999","-9999","-9999","-9999","-9999","-9999","-9999","-9999","-9999","-9999","-9999","-9999","-9999","-9999","-9999","-9999","-9999","-9999","-9999","-9999","-9999","-9999","-9999","-9999","-9999","-9999","-9999","-9999","-9999","-9999","-9999","-9999","-9999","-9999","-9999","-9999","-9999","-9999","-9999","-9999","-9999","-9999","-9999","-9999","-9999","-9999","-9999","-9999","-9999","-9999","-9999","-9999","-9999","-9999","-9999","-9999","-9999","-9999","-9999","-9999","-9999","-9999","-9999","-9999","-9999","-9999","-9999","-9999","-9999","-9999","-9999","-9999","-9999","-9999","-9999","-9999","-9999","-9999","-9999","-9999","-9999","-9999","-9999","-9999","-9999","-9999","-9999","-9999","-9999","-9999","-9999","-9999","-9999","-9999","-9999","-9999","-9999","-9999","-9999","-9999","-9999","-9999","-9999","-9999","-9999","-9999","-9999","-9999","-9999","<20","-9999","-9999","-9999","-9999","-9999","-9999","-9999","-9999","-9999","-9999","-9999","-9999","-9999","-9999","-9999","-9999","-9999","-9999","-9999","-9999","-9999","-9999","-9999","-9999","-9999","-9999","-9999","-9999","-9999","-9999","-9999","<20","-9999","-9999","-9999","-9999","-9999","-9999","-9999","-9999","-9999","-9999","-9999","-9999","-9999","-9999","Purple Rock Inc.","Alberta Geological Survey"
"68145","MAR_20020002-00023-5748-ICP-25.0ppm-2001-11-29-Bondar-Clegg & Company Ltd.-N/A-N/A-","MAR_20020002","23","200110-129","5748","147.6","148.4","-9999","2001-11-29","2001-10-01","Bondar-Clegg & Company Ltd.","BOND-UNSP","Unspecified","25.0ppm","Submitted sample","ICP","-9999","-9999","-9999","-9999","-9999","-9999","-9999","-9999","-9999","-9999","-9999","-9999","-9999","-9999","-9999","-9999","-9999","-9999","-9999","-9999","-9999","-9999","-9999","-9999","-9999","-9999","-9999","-9999","-9999","-9999","-9999","-9999","-9999","-9999","-9999","-9999","-9999","-9999","-9999","-9999","-9999","-9999","-9999","-9999","-9999","-9999","-9999","-9999","-9999","-9999","-9999","-9999","-9999","-9999","-9999","-9999","-9999","-9999","-9999","-9999","-9999","-9999","-9999","-9999","-9999","-9999","-9999","-9999","-9999","-9999","-9999","-9999","-9999","-9999","-9999","-9999","-9999","-9999","-9999","-9999","-9999","-9999","-9999","-9999","-9999","-9999","-9999","-9999","-9999","-9999","-9999","-9999","-9999","-9999","-9999","-9999","-9999","-9999","-9999","-9999","-9999","-9999","-9999","-9999","-9999","-9999","-9999","-9999","-9999","-9999","-9999","-9999","-9999","-9999","-9999","-9999","-9999","-9999","-9999","-9999","-9999","-9999","-9999","-9999","-9999","-9999","-9999","-9999","-9999","-9999","-9999","-9999","-9999","-9999","-9999","-9999","-9999","-9999","-9999","-9999","-9999","-9999","-9999","-9999","-9999","-9999","-9999","-9999","-9999","-9999","-9999","-9999","-9999","-9999","-9999","-9999","-9999","-9999","-9999","-9999","-9999","-9999","-9999","-9999","-9999","-9999","-9999","-9999","-9999","-9999","-9999","-9999","-9999","-9999","-9999","-9999","-9999","-9999","-9999","-9999","-9999","-9999","-9999","-9999","-9999","-9999","-9999","-9999","-9999","-9999","-9999","-9999","-9999","-9999","-9999","-9999","-9999","-9999","-9999","-9999","-9999","<25","-9999","-9999","-9999","-9999","-9999","-9999","-9999","-9999","-9999","-9999","-9999","-9999","-9999","-9999","-9999","-9999","-9999","-9999","-9999","-9999","-9999","-9999","-9999","-9999","-9999","-9999","-9999","-9999","-9999","-9999","-9999","-9999","Purple Rock Inc.","Alberta Geological Survey"
"68146","MAR_20020002-00023-5748-ICP-2.0ppm-2001-11-29-Bondar-Clegg & Company Ltd.-N/A-N/A-","MAR_20020002","23","200110-129","5748","147.6","148.4","-9999","2001-11-29","2001-10-01","Bondar-Clegg & Company Ltd.","BOND-UNSP","Unspecified","2.0ppm","Submitted sample","ICP","-9999","-9999","-9999","-9999","-9999","-9999","-9999","-9999","-9999","-9999","-9999","-9999","-9999","-9999","-9999","-9999","-9999","-9999","-9999","-9999","-9999","-9999","-9999","-9999","-9999","-9999","-9999","-9999","-9999","-9999","-9999","-9999","-9999","-9999","-9999","-9999","-9999","-9999","-9999","-9999","-9999","-9999","-9999","-9999","-9999","-9999","-9999","-9999","-9999","-9999","-9999","-9999","-9999","60","-9999","-9999","-9999","-9999","-9999","-9999","-9999","-9999","-9999","-9999","-9999","-9999","-9999","-9999","-9999","-9999","-9999","-9999","-9999","-9999","-9999","-9999","-9999","-9999","-9999","-9999","-9999","-9999","-9999","-9999","-9999","-9999","-9999","-9999","-9999","-9999","-9999","-9999","-9999","-9999","-9999","-9999","-9999","-9999","-9999","-9999","-9999","-9999","-9999","39","-9999","-9999","-9999","-9999","-9999","-9999","-9999","-9999","-9999","-9999","-9999","-9999","-9999","-9999","-9999","-9999","-9999","-9999","-9999","-9999","-9999","-9999","-9999","-9999","-9999","-9999","-9999","-9999","-9999","-9999","-9999","-9999","-9999","-9999","-9999","-9999","-9999","-9999","-9999","-9999","-9999","<2","-9999","-9999","-9999","-9999","-9999","-9999","-9999","-9999","-9999","-9999","-9999","-9999","-9999","-9999","-9999","-9999","-9999","-9999","-9999","-9999","-9999","-9999","-9999","-9999","-9999","-9999","-9999","-9999","-9999","-9999","-9999","-9999","-9999","-9999","-9999","-9999","-9999","-9999","-9999","-9999","-9999","-9999","-9999","-9999","-9999","-9999","-9999","-9999","-9999","-9999","-9999","-9999","-9999","-9999","-9999","-9999","-9999","-9999","-9999","-9999","-9999","-9999","-9999","-9999","-9999","-9999","-9999","-9999","-9999","-9999","88","-9999","-9999","-9999","-9999","-9999","-9999","-9999","-9999","-9999","-9999","113","-9999","-9999","-9999","-9999","-9999","-9999","Purple Rock Inc.","Alberta Geological Survey"
"68147","MAR_20020002-00023-5748-ICP-1.0ppm-2001-11-29-Bondar-Clegg & Company Ltd.-N/A-N/A-","MAR_20020002","23","200110-129","5748","147.6","148.4","-9999","2001-11-29","2001-10-01","Bondar-Clegg & Company Ltd.","BOND-UNSP","Unspecified","1.0ppm","Submitted sample","ICP","-9999","-9999","-9999","-9999","-9999","-9999","-9999","-9999","-9999","-9999","-9999","-9999","-9999","-9999","-9999","-9999","-9999","-9999","-9999","-9999","-9999","-9999","-9999","-9999","-9999","-9999","-9999","-9999","-9999","-9999","-9999","-9999","-9999","-9999","-9999","-9999","-9999","-9999","-9999","-9999","-9999","-9999","<1.0","-9999","-9999","-9999","-9999","-9999","-9999","20","-9999","-9999","-9999","-9999","-9999","-9999","-9999","14","-9999","-9999","-9999","-9999","-9999","-9999","-9999","-9999","-9999","-9999","-9999","-9999","-9999","-9999","-9999","-9999","-9999","-9999","-9999","-9999","-9999","-9999","-9999","-9999","-9999","-9999","-9999","-9999","-9999","-9999","-9999","-9999","-9999","-9999","-9999","-9999","-9999","-9999","-9999","-9999","-9999","-9999","-9999","-9999","-9999","-9999","-9999","-9999","-9999","-9999","-9999","-9999","-9999","-9999","-9999","-9999","-9999","-9999","-9999","-9999","-9999","-9999","-9999","3","-9999","-9999","-9999","-9999","-9999","-9999","-9999","-9999","-9999","-9999","-9999","-9999","27","-9999","-9999","-9999","-9999","-9999","-9999","-9999","-9999","-9999","-9999","-9999","-9999","-9999","-9999","-9999","-9999","-9999","-9999","-9999","-9999","-9999","-9999","-9999","-9999","-9999","-9999","-9999","-9999","-9999","-9999","-9999","-9999","-9999","-9999","-9999","-9999","-9999","-9999","-9999","-9999","-9999","-9999","-9999","-9999","-9999","-9999","-9999","-9999","-9999","-9999","-9999","-9999","-9999","-9999","-9999","-9999","-9999","203","-9999","-9999","-9999","-9999","-9999","-9999","-9999","-9999","-9999","-9999","-9999","-9999","-9999","-9999","-9999","-9999","-9999","-9999","-9999","-9999","-9999","-9999","-9999","-9999","-9999","-9999","-9999","-9999","-9999","-9999","-9999","-9999","-9999","-9999","-9999","-9999","-9999","-9999","-9999","-9999","-9999","Purple Rock Inc.","Alberta Geological Survey"
"68467","MAR_20020002-00024-5749-ICP-10.0ppm-2001-11-29-Bondar-Clegg & Company Ltd.-N/A-N/A-","MAR_20020002","24","200110-129","5749","148.71","149.6","-9999","2001-11-29","2001-10-01","Bondar-Clegg & Company Ltd.","BOND-UNSP","Unspecified","10.0ppm","Submitted sample","ICP","-9999","-9999","-9999","-9999","-9999","-9999","-9999","-9999","-9999","-9999","-9999","-9999","-9999","-9999","-9999","-9999","-9999","-9999","-9999","-9999","-9999","-9999","-9999","-9999","-9999","-9999","-9999","-9999","-9999","-9999","-9999","-9999","-9999","-9999","-9999","-9999","-9999","-9999","-9999","-9999","-9999","-9999","-9999","-9999","-9999","-9999","-9999","-9999","-9999","-9999","-9999","-9999","-9999","-9999","-9999","-9999","-9999","-9999","-9999","-9999","-9999","-9999","-9999","-9999","-9999","-9999","-9999","-9999","-9999","-9999","-9999","-9999","-9999","-9999","-9999","-9999","<10","-9999","-9999","-9999","-9999","-9999","-9999","-9999","-9999","-9999","-9999","-9999","-9999","-9999","-9999","-9999","-9999","-9999","-9999","-9999","-9999","-9999","-9999","-9999","-9999","-9999","-9999","-9999","-9999","-9999","-9999","-9999","-9999","-9999","-9999","-9999","-9999","-9999","-9999","-9999","-9999","-9999","-9999","-9999","-9999","-9999","-9999","-9999","-9999","-9999","-9999","-9999","-9999","-9999","-9999","-9999","-9999","-9999","-9999","-9999","-9999","-9999","-9999","-9999","-9999","-9999","-9999","-9999","-9999","-9999","-9999","-9999","-9999","-9999","-9999","-9999","-9999","-9999","-9999","-9999","-9999","-9999","-9999","-9999","-9999","-9999","-9999","-9999","-9999","-9999","-9999","-9999","-9999","-9999","-9999","-9999","-9999","-9999","-9999","-9999","-9999","-9999","-9999","-9999","-9999","-9999","-9999","-9999","-9999","-9999","-9999","-9999","-9999","-9999","-9999","-9999","-9999","-9999","-9999","-9999","-9999","-9999","-9999","-9999","-9999","-9999","-9999","-9999","-9999","-9999","-9999","-9999","-9999","-9999","-9999","-9999","-9999","-9999","-9999","-9999","-9999","-9999","-9999","-9999","-9999","-9999","-9999","-9999","-9999","-9999","-9999","-9999","-9999","-9999","-9999","-9999","-9999","-9999","Purple Rock Inc.","Alberta Geological Survey"
"68468","MAR_20020002-00024-5749-ICP-0.002pct-2001-11-29-Bondar-Clegg & Company Ltd.-N/A-N/A-","MAR_20020002","24","200110-129","5749","148.71","149.6","-9999","2001-11-29","2001-10-01","Bondar-Clegg & Company Ltd.","BOND-UNSP","Unspecified","0.002pct","Submitted sample","ICP","-9999","-9999","-9999","-9999","-9999","-9999","-9999","-9999","-9999","-9999","-9999","-9999","-9999","-9999","-9999","-9999","-9999","-9999","-9999","-9999","-9999","-9999","-9999","-9999","-9999","-9999","-9999","-9999","-9999","-9999","-9999","-9999","-9999","-9999","-9999","-9999","-9999","-9999","-9999","-9999","-9999","-9999","-9999","-9999","-9999","-9999","-9999","-9999","-9999","-9999","-9999","-9999","-9999","-9999","-9999","-9999","-9999","-9999","-9999","-9999","-9999","-9999","-9999","-9999","-9999","-9999","-9999","-9999","-9999","-9999","-9999","-9999","-9999","-9999","-9999","-9999","-9999","-9999","-9999","-9999","-9999","-9999","-9999","-9999","-9999","-9999","-9999","-9999","-9999","-9999","-9999","-9999","-9999","-9999","-9999","-9999","-9999","-9999","-9999","-9999","-9999","-9999","-9999","-9999","-9999","-9999","-9999","-9999","-9999","-9999","-9999","-9999","-9999","-9999","-9999","-9999","-9999","-9999","-9999","-9999","-9999","-9999","-9999","-9999","-9999","-9999","-9999","-9999","-9999","-9999","-9999","-9999","-9999","-9999","-9999","-9999","-9999","-9999","-9999","-9999","-9999","-9999","-9999","-9999","-9999","-9999","-9999","-9999","-9999","-9999","-9999","-9999","-9999","-9999","-9999","-9999","-9999","-9999","-9999","-9999","-9999","-9999","-9999","-9999","-9999","-9999","-9999","-9999","-9999","-9999","-9999","0.668","-9999","-9999","-9999","-9999","-9999","-9999","-9999","-9999","-9999","-9999","-9999","-9999","-9999","-9999","-9999","-9999","-9999","-9999","-9999","-9999","-9999","-9999","-9999","-9999","-9999","-9999","-9999","-9999","-9999","-9999","-9999","-9999","-9999","-9999","-9999","-9999","-9999","-9999","-9999","-9999","-9999","-9999","-9999","-9999","-9999","-9999","-9999","-9999","-9999","-9999","-9999","-9999","-9999","-9999","-9999","-9999","-9999","-9999","-9999","-9999","-9999","-9999","Purple Rock Inc.","Alberta Geological Survey"
"68469","MAR_20020002-00024-5749-ICP-25.0ppm-2001-11-29-Bondar-Clegg & Company Ltd.-N/A-N/A-","MAR_20020002","24","200110-129","5749","148.71","149.6","-9999","2001-11-29","2001-10-01","Bondar-Clegg & Company Ltd.","BOND-UNSP","Unspecified","25.0ppm","Submitted sample","ICP","-9999","-9999","-9999","-9999","-9999","-9999","-9999","-9999","-9999","-9999","-9999","-9999","-9999","-9999","-9999","-9999","-9999","-9999","-9999","-9999","-9999","-9999","-9999","-9999","-9999","-9999","-9999","-9999","-9999","-9999","-9999","-9999","-9999","-9999","-9999","-9999","-9999","-9999","-9999","-9999","-9999","-9999","-9999","-9999","-9999","-9999","-9999","-9999","-9999","-9999","-9999","-9999","-9999","-9999","-9999","-9999","-9999","-9999","-9999","-9999","-9999","-9999","-9999","-9999","-9999","-9999","-9999","-9999","-9999","-9999","-9999","-9999","-9999","-9999","-9999","-9999","-9999","-9999","-9999","-9999","-9999","-9999","-9999","-9999","-9999","-9999","-9999","-9999","-9999","-9999","-9999","-9999","-9999","-9999","-9999","-9999","-9999","-9999","-9999","-9999","-9999","-9999","-9999","-9999","-9999","-9999","-9999","-9999","-9999","-9999","-9999","-9999","-9999","-9999","-9999","-9999","-9999","-9999","-9999","-9999","-9999","-9999","-9999","-9999","-9999","-9999","-9999","-9999","-9999","-9999","-9999","-9999","-9999","-9999","-9999","-9999","-9999","-9999","-9999","-9999","-9999","-9999","-9999","-9999","-9999","-9999","-9999","-9999","-9999","-9999","-9999","-9999","-9999","-9999","-9999","-9999","-9999","-9999","-9999","-9999","-9999","-9999","-9999","-9999","-9999","-9999","-9999","-9999","-9999","-9999","-9999","-9999","-9999","-9999","-9999","-9999","-9999","-9999","-9999","-9999","-9999","-9999","-9999","-9999","-9999","-9999","-9999","-9999","-9999","-9999","-9999","-9999","-9999","-9999","-9999","-9999","-9999","-9999","-9999","-9999","-9999","<25","-9999","-9999","-9999","-9999","-9999","-9999","-9999","-9999","-9999","-9999","-9999","-9999","-9999","-9999","-9999","-9999","-9999","-9999","-9999","-9999","-9999","-9999","-9999","-9999","-9999","-9999","-9999","-9999","-9999","-9999","-9999","-9999","Purple Rock Inc.","Alberta Geological Survey"
"68470","MAR_20020002-00024-5749-ICP-1.0ppm-2001-11-29-Bondar-Clegg & Company Ltd.-N/A-N/A-","MAR_20020002","24","200110-129","5749","148.71","149.6","-9999","2001-11-29","2001-10-01","Bondar-Clegg & Company Ltd.","BOND-UNSP","Unspecified","1.0ppm","Submitted sample","ICP","-9999","-9999","-9999","-9999","-9999","-9999","-9999","-9999","-9999","-9999","-9999","-9999","-9999","-9999","-9999","-9999","-9999","-9999","-9999","-9999","-9999","-9999","-9999","-9999","-9999","-9999","-9999","-9999","-9999","-9999","-9999","-9999","-9999","-9999","-9999","-9999","-9999","-9999","-9999","-9999","-9999","-9999","<1.0","-9999","-9999","-9999","-9999","-9999","-9999","23","-9999","-9999","-9999","-9999","-9999","-9999","-9999","18","-9999","-9999","-9999","-9999","-9999","-9999","-9999","-9999","-9999","-9999","-9999","-9999","-9999","-9999","-9999","-9999","-9999","-9999","-9999","-9999","-9999","-9999","-9999","-9999","-9999","-9999","-9999","-9999","-9999","-9999","-9999","-9999","-9999","-9999","-9999","-9999","-9999","-9999","-9999","-9999","-9999","-9999","-9999","-9999","-9999","-9999","-9999","-9999","-9999","-9999","-9999","-9999","-9999","-9999","-9999","-9999","-9999","-9999","-9999","-9999","-9999","-9999","-9999","3","-9999","-9999","-9999","-9999","-9999","-9999","-9999","-9999","-9999","-9999","-9999","-9999","30","-9999","-9999","-9999","-9999","-9999","-9999","-9999","-9999","-9999","-9999","-9999","-9999","-9999","-9999","-9999","-9999","-9999","-9999","-9999","-9999","-9999","-9999","-9999","-9999","-9999","-9999","-9999","-9999","-9999","-9999","-9999","-9999","-9999","-9999","-9999","-9999","-9999","-9999","-9999","-9999","-9999","-9999","-9999","-9999","-9999","-9999","-9999","-9999","-9999","-9999","-9999","-9999","-9999","-9999","-9999","-9999","-9999","175","-9999","-9999","-9999","-9999","-9999","-9999","-9999","-9999","-9999","-9999","-9999","-9999","-9999","-9999","-9999","-9999","-9999","-9999","-9999","-9999","-9999","-9999","-9999","-9999","-9999","-9999","-9999","-9999","-9999","-9999","-9999","-9999","-9999","-9999","-9999","-9999","-9999","-9999","-9999","-9999","-9999","Purple Rock Inc.","Alberta Geological Survey"
"68471","MAR_20020002-00024-5749-ICP-20.0ppm-2001-11-29-Bondar-Clegg & Company Ltd.-N/A-N/A-","MAR_20020002","24","200110-129","5749","148.71","149.6","-9999","2001-11-29","2001-10-01","Bondar-Clegg & Company Ltd.","BOND-UNSP","Unspecified","20.0ppm","Submitted sample","ICP","-9999","-9999","-9999","-9999","-9999","-9999","-9999","-9999","-9999","-9999","-9999","-9999","-9999","-9999","-9999","-9999","-9999","-9999","-9999","-9999","-9999","-9999","-9999","-9999","-9999","-9999","-9999","-9999","-9999","-9999","-9999","-9999","-9999","-9999","-9999","-9999","-9999","-9999","-9999","-9999","-9999","-9999","-9999","-9999","-9999","-9999","-9999","-9999","-9999","-9999","-9999","-9999","-9999","-9999","-9999","-9999","-9999","-9999","-9999","-9999","-9999","-9999","-9999","-9999","-9999","-9999","-9999","-9999","-9999","-9999","-9999","-9999","-9999","-9999","-9999","-9999","-9999","-9999","-9999","-9999","-9999","-9999","-9999","-9999","-9999","-9999","-9999","-9999","-9999","-9999","-9999","-9999","-9999","-9999","-9999","-9999","-9999","-9999","-9999","-9999","-9999","-9999","-9999","-9999","-9999","-9999","-9999","-9999","-9999","-9999","-9999","-9999","-9999","-9999","-9999","-9999","-9999","-9999","-9999","-9999","-9999","-9999","-9999","-9999","-9999","-9999","-9999","-9999","-9999","-9999","-9999","-9999","-9999","-9999","-9999","-9999","-9999","-9999","-9999","-9999","-9999","-9999","-9999","-9999","-9999","-9999","-9999","-9999","-9999","-9999","-9999","-9999","-9999","-9999","-9999","-9999","-9999","-9999","-9999","-9999","-9999","-9999","-9999","-9999","-9999","-9999","-9999","-9999","-9999","-9999","-9999","-9999","-9999","-9999","-9999","-9999","-9999","-9999","-9999","-9999","-9999","-9999","-9999","-9999","-9999","-9999","-9999","<20","-9999","-9999","-9999","-9999","-9999","-9999","-9999","-9999","-9999","-9999","-9999","-9999","-9999","-9999","-9999","-9999","-9999","-9999","-9999","-9999","-9999","-9999","-9999","-9999","-9999","-9999","-9999","-9999","-9999","-9999","-9999","<20","-9999","-9999","-9999","-9999","-9999","-9999","-9999","-9999","-9999","-9999","-9999","-9999","-9999","-9999","Purple Rock Inc.","Alberta Geological Survey"
"68472","MAR_20020002-00024-5749-ICP-2.0ppm-2001-11-29-Bondar-Clegg & Company Ltd.-N/A-N/A-","MAR_20020002","24","200110-129","5749","148.71","149.6","-9999","2001-11-29","2001-10-01","Bondar-Clegg & Company Ltd.","BOND-UNSP","Unspecified","2.0ppm","Submitted sample","ICP","-9999","-9999","-9999","-9999","-9999","-9999","-9999","-9999","-9999","-9999","-9999","-9999","-9999","-9999","-9999","-9999","-9999","-9999","-9999","-9999","-9999","-9999","-9999","-9999","-9999","-9999","-9999","-9999","-9999","-9999","-9999","-9999","-9999","-9999","-9999","-9999","-9999","-9999","-9999","-9999","-9999","-9999","-9999","-9999","-9999","-9999","-9999","-9999","-9999","-9999","-9999","-9999","-9999","58","-9999","-9999","-9999","-9999","-9999","-9999","-9999","-9999","-9999","-9999","-9999","-9999","-9999","-9999","-9999","-9999","-9999","-9999","-9999","-9999","-9999","-9999","-9999","-9999","-9999","-9999","-9999","-9999","-9999","-9999","-9999","-9999","-9999","-9999","-9999","-9999","-9999","-9999","-9999","-9999","-9999","-9999","-9999","-9999","-9999","-9999","-9999","-9999","-9999","48","-9999","-9999","-9999","-9999","-9999","-9999","-9999","-9999","-9999","-9999","-9999","-9999","-9999","-9999","-9999","-9999","-9999","-9999","-9999","-9999","-9999","-9999","-9999","-9999","-9999","-9999","-9999","-9999","-9999","-9999","-9999","-9999","-9999","-9999","-9999","-9999","-9999","-9999","-9999","-9999","-9999","4","-9999","-9999","-9999","-9999","-9999","-9999","-9999","-9999","-9999","-9999","-9999","-9999","-9999","-9999","-9999","-9999","-9999","-9999","-9999","-9999","-9999","-9999","-9999","-9999","-9999","-9999","-9999","-9999","-9999","-9999","-9999","-9999","-9999","-9999","-9999","-9999","-9999","-9999","-9999","-9999","-9999","-9999","-9999","-9999","-9999","-9999","-9999","-9999","-9999","-9999","-9999","-9999","-9999","-9999","-9999","-9999","-9999","-9999","-9999","-9999","-9999","-9999","-9999","-9999","-9999","-9999","-9999","-9999","-9999","-9999","102","-9999","-9999","-9999","-9999","-9999","-9999","-9999","-9999","-9999","-9999","4","-9999","-9999","-9999","-9999","-9999","-9999","Purple Rock Inc.","Alberta Geological Survey"
"68473","MAR_20020002-00024-5749-ICP-0.5ppm-2001-11-29-Bondar-Clegg & Company Ltd.-N/A-N/A-","MAR_20020002","24","200110-129","5749","148.71","149.6","-9999","2001-11-29","2001-10-01","Bondar-Clegg & Company Ltd.","BOND-UNSP","Unspecified","0.5ppm","Submitted sample","ICP","-9999","-9999","-9999","-9999","-9999","<0.5","-9999","-9999","-9999","-9999","-9999","-9999","-9999","-9999","-9999","-9999","-9999","-9999","-9999","-9999","-9999","-9999","-9999","-9999","-9999","-9999","-9999","-9999","-9999","-9999","-9999","-9999","-9999","-9999","-9999","-9999","-9999","-9999","-9999","-9999","-9999","-9999","-9999","-9999","-9999","-9999","-9999","-9999","-9999","-9999","-9999","-9999","-9999","-9999","-9999","-9999","-9999","-9999","-9999","-9999","-9999","-9999","-9999","-9999","-9999","-9999","-9999","-9999","-9999","-9999","-9999","-9999","-9999","-9999","-9999","-9999","-9999","-9999","-9999","-9999","-9999","-9999","-9999","-9999","-9999","-9999","-9999","-9999","-9999","-9999","-9999","-9999","-9999","-9999","-9999","-9999","-9999","-9999","-9999","-9999","-9999","-9999","-9999","-9999","-9999","-9999","-9999","-9999","-9999","-9999","-9999","-9999","-9999","-9999","-9999","-9999","-9999","-9999","-9999","-9999","-9999","-9999","-9999","-9999","-9999","-9999","-9999","-9999","-9999","-9999","-9999","-9999","-9999","-9999","-9999","-9999","-9999","-9999","-9999","-9999","-9999","-9999","-9999","-9999","-9999","-9999","-9999","-9999","-9999","-9999","-9999","-9999","-9999","-9999","-9999","-9999","-9999","-9999","-9999","-9999","-9999","-9999","-9999","-9999","-9999","-9999","-9999","-9999","-9999","-9999","-9999","-9999","-9999","-9999","-9999","-9999","-9999","-9999","-9999","-9999","-9999","-9999","-9999","-9999","-9999","-9999","-9999","-9999","-9999","-9999","-9999","-9999","-9999","-9999","-9999","-9999","-9999","-9999","-9999","-9999","-9999","-9999","-9999","-9999","-9999","-9999","-9999","-9999","-9999","-9999","-9999","-9999","-9999","-9999","-9999","-9999","-9999","-9999","-9999","-9999","-9999","-9999","-9999","-9999","-9999","-9999","-9999","-9999","-9999","-9999","-9999","-9999","-9999","-9999","Purple Rock Inc.","Alberta Geological Survey"
"68474","MAR_20020002-00024-5749-ICP-0.01pct-2001-11-29-Bondar-Clegg & Company Ltd.-N/A-N/A-","MAR_20020002","24","200110-129","5749","148.71","149.6","-9999","2001-11-29","2001-10-01","Bondar-Clegg & Company Ltd.","BOND-UNSP","Unspecified","0.01pct","Submitted sample","ICP","-9999","-9999","-9999","-9999","-9999","-9999","-9999","-9999","8.41","-9999","-9999","-9999","-9999","-9999","-9999","-9999","-9999","-9999","-9999","-9999","-9999","-9999","-9999","-9999","-9999","-9999","-9999","-9999","-9999","-9999","-9999","-9999","-9999","-9999","8.62","-9999","-9999","-9999","-9999","-9999","-9999","-9999","-9999","-9999","-9999","-9999","-9999","-9999","-9999","-9999","-9999","-9999","-9999","-9999","-9999","-9999","-9999","-9999","-9999","-9999","-9999","-9999","-9999","-9999","-9999","-9999","-9999","-9999","-9999","-9999","-9999","-9999","3.85","-9999","-9999","-9999","-9999","-9999","-9999","-9999","-9999","-9999","-9999","-9999","-9999","-9999","-9999","-9999","-9999","-9999","-9999","-9999","-9999","2.38","-9999","-9999","-9999","-9999","-9999","-9999","-9999","-9999","-9999","-9999","-9999","-9999","-9999","-9999","-9999","1.92","-9999","-9999","-9999","-9999","-9999","-9999","-9999","-9999","-9999","-9999","-9999","-9999","-9999","-9999","0.15","-9999","-9999","-9999","-9999","-9999","-9999","-9999","-9999","-9999","-9999","-9999","-9999","-9999","-9999","-9999","-9999","-9999","-9999","-9999","-9999","-9999","-9999","-9999","-9999","-9999","-9999","-9999","-9999","-9999","-9999","-9999","-9999","-9999","-9999","-9999","-9999","-9999","-9999","-9999","-9999","-9999","-9999","-9999","-9999","-9999","-9999","-9999","-9999","-9999","-9999","-9999","-9999","-9999","-9999","-9999","-9999","-9999","-9999","-9999","-9999","-9999","-9999","-9999","-9999","-9999","-9999","-9999","-9999","-9999","-9999","-9999","-9999","-9999","-9999","-9999","-9999","-9999","-9999","-9999","0.35","-9999","-9999","-9999","-9999","-9999","-9999","-9999","-9999","-9999","-9999","-9999","-9999","-9999","-9999","-9999","-9999","-9999","-9999","-9999","-9999","-9999","-9999","-9999","-9999","-9999","-9999","-9999","-9999","-9999","Purple Rock Inc.","Alberta Geological Survey"
"68475","MAR_20020002-00024-5749-ICP-5.0ppm-2001-11-29-Bondar-Clegg & Company Ltd.-N/A-N/A-","MAR_20020002","24","200110-129","5749","148.71","149.6","-9999","2001-11-29","2001-10-01","Bondar-Clegg & Company Ltd.","BOND-UNSP","Unspecified","5.0ppm","Submitted sample","ICP","-9999","-9999","-9999","-9999","-9999","-9999","-9999","-9999","-9999","-9999","-9999","-9999","<5","-9999","-9999","-9999","-9999","-9999","-9999","-9999","-9999","-9999","-9999","482","-9999","-9999","-9999","-9999","<5","-9999","-9999","-9999","-9999","-9999","-9999","-9999","-9999","-9999","-9999","-9999","-9999","-9999","-9999","-9999","-9999","-9999","-9999","-9999","-9999","-9999","-9999","-9999","-9999","-9999","-9999","-9999","-9999","-9999","-9999","-9999","-9999","-9999","-9999","-9999","-9999","-9999","-9999","-9999","-9999","-9999","-9999","-9999","-9999","-9999","-9999","-9999","-9999","-9999","-9999","-9999","-9999","-9999","-9999","-9999","-9999","-9999","-9999","-9999","-9999","-9999","-9999","-9999","-9999","-9999","-9999","-9999","-9999","-9999","-9999","-9999","-9999","29","-9999","-9999","-9999","-9999","-9999","-9999","-9999","-9999","-9999","-9999","-9999","-9999","-9999","-9999","-9999","1243","-9999","-9999","-9999","-9999","-9999","-9999","-9999","-9999","-9999","-9999","-9999","13","-9999","-9999","-9999","-9999","-9999","-9999","-9999","-9999","-9999","-9999","-9999","-9999","-9999","-9999","-9999","-9999","-9999","-9999","-9999","-9999","-9999","-9999","-9999","-9999","-9999","-9999","-9999","-9999","-9999","-9999","-9999","-9999","-9999","-9999","-9999","-9999","-9999","-9999","-9999","-9999","-9999","-9999","-9999","-9999","<5","-9999","13","-9999","-9999","-9999","-9999","-9999","-9999","-9999","-9999","-9999","-9999","-9999","-9999","-9999","-9999","-9999","-9999","-9999","-9999","-9999","<5","-9999","-9999","-9999","-9999","-9999","-9999","-9999","-9999","-9999","-9999","-9999","-9999","-9999","-9999","-9999","-9999","-9999","-9999","-9999","-9999","-9999","-9999","-9999","-9999","19","-9999","-9999","-9999","-9999","-9999","-9999","-9999","-9999","-9999","77","-9999","-9999","Purple Rock Inc.","Alberta Geological Survey"
"68780","MAR_20020002-00025-5750-ICP-2.0ppm-2001-11-29-Bondar-Clegg & Company Ltd.-N/A-N/A-","MAR_20020002","25","200110-129","5750","149.6","150.17","-9999","2001-11-29","2001-10-01","Bondar-Clegg & Company Ltd.","BOND-UNSP","Unspecified","2.0ppm","Submitted sample","ICP","-9999","-9999","-9999","-9999","-9999","-9999","-9999","-9999","-9999","-9999","-9999","-9999","-9999","-9999","-9999","-9999","-9999","-9999","-9999","-9999","-9999","-9999","-9999","-9999","-9999","-9999","-9999","-9999","-9999","-9999","-9999","-9999","-9999","-9999","-9999","-9999","-9999","-9999","-9999","-9999","-9999","-9999","-9999","-9999","-9999","-9999","-9999","-9999","-9999","-9999","-9999","-9999","-9999","87","-9999","-9999","-9999","-9999","-9999","-9999","-9999","-9999","-9999","-9999","-9999","-9999","-9999","-9999","-9999","-9999","-9999","-9999","-9999","-9999","-9999","-9999","-9999","-9999","-9999","-9999","-9999","-9999","-9999","-9999","-9999","-9999","-9999","-9999","-9999","-9999","-9999","-9999","-9999","-9999","-9999","-9999","-9999","-9999","-9999","-9999","-9999","-9999","-9999","50","-9999","-9999","-9999","-9999","-9999","-9999","-9999","-9999","-9999","-9999","-9999","-9999","-9999","-9999","-9999","-9999","-9999","-9999","-9999","-9999","-9999","-9999","-9999","-9999","-9999","-9999","-9999","-9999","-9999","-9999","-9999","-9999","-9999","-9999","-9999","-9999","-9999","-9999","-9999","-9999","-9999","3","-9999","-9999","-9999","-9999","-9999","-9999","-9999","-9999","-9999","-9999","-9999","-9999","-9999","-9999","-9999","-9999","-9999","-9999","-9999","-9999","-9999","-9999","-9999","-9999","-9999","-9999","-9999","-9999","-9999","-9999","-9999","-9999","-9999","-9999","-9999","-9999","-9999","-9999","-9999","-9999","-9999","-9999","-9999","-9999","-9999","-9999","-9999","-9999","-9999","-9999","-9999","-9999","-9999","-9999","-9999","-9999","-9999","-9999","-9999","-9999","-9999","-9999","-9999","-9999","-9999","-9999","-9999","-9999","-9999","-9999","102","-9999","-9999","-9999","-9999","-9999","-9999","-9999","-9999","-9999","-9999","47","-9999","-9999","-9999","-9999","-9999","-9999","Purple Rock Inc.","Alberta Geological Survey"
"68781","MAR_20020002-00025-5750-ICP-5.0ppm-2001-11-29-Bondar-Clegg & Company Ltd.-N/A-N/A-","MAR_20020002","25","200110-129","5750","149.6","150.17","-9999","2001-11-29","2001-10-01","Bondar-Clegg & Company Ltd.","BOND-UNSP","Unspecified","5.0ppm","Submitted sample","ICP","-9999","-9999","-9999","-9999","-9999","-9999","-9999","-9999","-9999","-9999","-9999","-9999","10","-9999","-9999","-9999","-9999","-9999","-9999","-9999","-9999","-9999","-9999","1225","-9999","-9999","-9999","-9999","<5","-9999","-9999","-9999","-9999","-9999","-9999","-9999","-9999","-9999","-9999","-9999","-9999","-9999","-9999","-9999","-9999","-9999","-9999","-9999","-9999","-9999","-9999","-9999","-9999","-9999","-9999","-9999","-9999","-9999","-9999","-9999","-9999","-9999","-9999","-9999","-9999","-9999","-9999","-9999","-9999","-9999","-9999","-9999","-9999","-9999","-9999","-9999","-9999","-9999","-9999","-9999","-9999","-9999","-9999","-9999","-9999","-9999","-9999","-9999","-9999","-9999","-9999","-9999","-9999","-9999","-9999","-9999","-9999","-9999","-9999","-9999","-9999","23","-9999","-9999","-9999","-9999","-9999","-9999","-9999","-9999","-9999","-9999","-9999","-9999","-9999","-9999","-9999","1286","-9999","-9999","-9999","-9999","-9999","-9999","-9999","-9999","-9999","-9999","-9999","16","-9999","-9999","-9999","-9999","-9999","-9999","-9999","-9999","-9999","-9999","-9999","-9999","-9999","-9999","-9999","-9999","-9999","-9999","-9999","-9999","-9999","-9999","-9999","-9999","-9999","-9999","-9999","-9999","-9999","-9999","-9999","-9999","-9999","-9999","-9999","-9999","-9999","-9999","-9999","-9999","-9999","-9999","-9999","-9999","<5","-9999","11","-9999","-9999","-9999","-9999","-9999","-9999","-9999","-9999","-9999","-9999","-9999","-9999","-9999","-9999","-9999","-9999","-9999","-9999","-9999","<5","-9999","-9999","-9999","-9999","-9999","-9999","-9999","-9999","-9999","-9999","-9999","-9999","-9999","-9999","-9999","-9999","-9999","-9999","-9999","-9999","-9999","-9999","-9999","-9999","14","-9999","-9999","-9999","-9999","-9999","-9999","-9999","-9999","-9999","77","-9999","-9999","Purple Rock Inc.","Alberta Geological Survey"
"68782","MAR_20020002-00025-5750-ICP-0.002pct-2001-11-29-Bondar-Clegg & Company Ltd.-N/A-N/A-","MAR_20020002","25","200110-129","5750","149.6","150.17","-9999","2001-11-29","2001-10-01","Bondar-Clegg & Company Ltd.","BOND-UNSP","Unspecified","0.002pct","Submitted sample","ICP","-9999","-9999","-9999","-9999","-9999","-9999","-9999","-9999","-9999","-9999","-9999","-9999","-9999","-9999","-9999","-9999","-9999","-9999","-9999","-9999","-9999","-9999","-9999","-9999","-9999","-9999","-9999","-9999","-9999","-9999","-9999","-9999","-9999","-9999","-9999","-9999","-9999","-9999","-9999","-9999","-9999","-9999","-9999","-9999","-9999","-9999","-9999","-9999","-9999","-9999","-9999","-9999","-9999","-9999","-9999","-9999","-9999","-9999","-9999","-9999","-9999","-9999","-9999","-9999","-9999","-9999","-9999","-9999","-9999","-9999","-9999","-9999","-9999","-9999","-9999","-9999","-9999","-9999","-9999","-9999","-9999","-9999","-9999","-9999","-9999","-9999","-9999","-9999","-9999","-9999","-9999","-9999","-9999","-9999","-9999","-9999","-9999","-9999","-9999","-9999","-9999","-9999","-9999","-9999","-9999","-9999","-9999","-9999","-9999","-9999","-9999","-9999","-9999","-9999","-9999","-9999","-9999","-9999","-9999","-9999","-9999","-9999","-9999","-9999","-9999","-9999","-9999","-9999","-9999","-9999","-9999","-9999","-9999","-9999","-9999","-9999","-9999","-9999","-9999","-9999","-9999","-9999","-9999","-9999","-9999","-9999","-9999","-9999","-9999","-9999","-9999","-9999","-9999","-9999","-9999","-9999","-9999","-9999","-9999","-9999","-9999","-9999","-9999","-9999","-9999","-9999","-9999","-9999","-9999","-9999","-9999","0.524","-9999","-9999","-9999","-9999","-9999","-9999","-9999","-9999","-9999","-9999","-9999","-9999","-9999","-9999","-9999","-9999","-9999","-9999","-9999","-9999","-9999","-9999","-9999","-9999","-9999","-9999","-9999","-9999","-9999","-9999","-9999","-9999","-9999","-9999","-9999","-9999","-9999","-9999","-9999","-9999","-9999","-9999","-9999","-9999","-9999","-9999","-9999","-9999","-9999","-9999","-9999","-9999","-9999","-9999","-9999","-9999","-9999","-9999","-9999","-9999","-9999","-9999","Purple Rock Inc.","Alberta Geological Survey"
"68783","MAR_20020002-00025-5750-ICP-20.0ppm-2001-11-29-Bondar-Clegg & Company Ltd.-N/A-N/A-","MAR_20020002","25","200110-129","5750","149.6","150.17","-9999","2001-11-29","2001-10-01","Bondar-Clegg & Company Ltd.","BOND-UNSP","Unspecified","20.0ppm","Submitted sample","ICP","-9999","-9999","-9999","-9999","-9999","-9999","-9999","-9999","-9999","-9999","-9999","-9999","-9999","-9999","-9999","-9999","-9999","-9999","-9999","-9999","-9999","-9999","-9999","-9999","-9999","-9999","-9999","-9999","-9999","-9999","-9999","-9999","-9999","-9999","-9999","-9999","-9999","-9999","-9999","-9999","-9999","-9999","-9999","-9999","-9999","-9999","-9999","-9999","-9999","-9999","-9999","-9999","-9999","-9999","-9999","-9999","-9999","-9999","-9999","-9999","-9999","-9999","-9999","-9999","-9999","-9999","-9999","-9999","-9999","-9999","-9999","-9999","-9999","-9999","-9999","-9999","-9999","-9999","-9999","-9999","-9999","-9999","-9999","-9999","-9999","-9999","-9999","-9999","-9999","-9999","-9999","-9999","-9999","-9999","-9999","-9999","-9999","-9999","-9999","-9999","-9999","-9999","-9999","-9999","-9999","-9999","-9999","-9999","-9999","-9999","-9999","-9999","-9999","-9999","-9999","-9999","-9999","-9999","-9999","-9999","-9999","-9999","-9999","-9999","-9999","-9999","-9999","-9999","-9999","-9999","-9999","-9999","-9999","-9999","-9999","-9999","-9999","-9999","-9999","-9999","-9999","-9999","-9999","-9999","-9999","-9999","-9999","-9999","-9999","-9999","-9999","-9999","-9999","-9999","-9999","-9999","-9999","-9999","-9999","-9999","-9999","-9999","-9999","-9999","-9999","-9999","-9999","-9999","-9999","-9999","-9999","-9999","-9999","-9999","-9999","-9999","-9999","-9999","-9999","-9999","-9999","-9999","-9999","-9999","-9999","-9999","-9999","<20","-9999","-9999","-9999","-9999","-9999","-9999","-9999","-9999","-9999","-9999","-9999","-9999","-9999","-9999","-9999","-9999","-9999","-9999","-9999","-9999","-9999","-9999","-9999","-9999","-9999","-9999","-9999","-9999","-9999","-9999","-9999","<20","-9999","-9999","-9999","-9999","-9999","-9999","-9999","-9999","-9999","-9999","-9999","-9999","-9999","-9999","Purple Rock Inc.","Alberta Geological Survey"
"68784","MAR_20020002-00025-5750-ICP-10.0ppm-2001-11-29-Bondar-Clegg & Company Ltd.-N/A-N/A-","MAR_20020002","25","200110-129","5750","149.6","150.17","-9999","2001-11-29","2001-10-01","Bondar-Clegg & Company Ltd.","BOND-UNSP","Unspecified","10.0ppm","Submitted sample","ICP","-9999","-9999","-9999","-9999","-9999","-9999","-9999","-9999","-9999","-9999","-9999","-9999","-9999","-9999","-9999","-9999","-9999","-9999","-9999","-9999","-9999","-9999","-9999","-9999","-9999","-9999","-9999","-9999","-9999","-9999","-9999","-9999","-9999","-9999","-9999","-9999","-9999","-9999","-9999","-9999","-9999","-9999","-9999","-9999","-9999","-9999","-9999","-9999","-9999","-9999","-9999","-9999","-9999","-9999","-9999","-9999","-9999","-9999","-9999","-9999","-9999","-9999","-9999","-9999","-9999","-9999","-9999","-9999","-9999","-9999","-9999","-9999","-9999","-9999","-9999","-9999","<10","-9999","-9999","-9999","-9999","-9999","-9999","-9999","-9999","-9999","-9999","-9999","-9999","-9999","-9999","-9999","-9999","-9999","-9999","-9999","-9999","-9999","-9999","-9999","-9999","-9999","-9999","-9999","-9999","-9999","-9999","-9999","-9999","-9999","-9999","-9999","-9999","-9999","-9999","-9999","-9999","-9999","-9999","-9999","-9999","-9999","-9999","-9999","-9999","-9999","-9999","-9999","-9999","-9999","-9999","-9999","-9999","-9999","-9999","-9999","-9999","-9999","-9999","-9999","-9999","-9999","-9999","-9999","-9999","-9999","-9999","-9999","-9999","-9999","-9999","-9999","-9999","-9999","-9999","-9999","-9999","-9999","-9999","-9999","-9999","-9999","-9999","-9999","-9999","-9999","-9999","-9999","-9999","-9999","-9999","-9999","-9999","-9999","-9999","-9999","-9999","-9999","-9999","-9999","-9999","-9999","-9999","-9999","-9999","-9999","-9999","-9999","-9999","-9999","-9999","-9999","-9999","-9999","-9999","-9999","-9999","-9999","-9999","-9999","-9999","-9999","-9999","-9999","-9999","-9999","-9999","-9999","-9999","-9999","-9999","-9999","-9999","-9999","-9999","-9999","-9999","-9999","-9999","-9999","-9999","-9999","-9999","-9999","-9999","-9999","-9999","-9999","-9999","-9999","-9999","-9999","-9999","-9999","Purple Rock Inc.","Alberta Geological Survey"
"68785","MAR_20020002-00025-5750-ICP-25.0ppm-2001-11-29-Bondar-Clegg & Company Ltd.-N/A-N/A-","MAR_20020002","25","200110-129","5750","149.6","150.17","-9999","2001-11-29","2001-10-01","Bondar-Clegg & Company Ltd.","BOND-UNSP","Unspecified","25.0ppm","Submitted sample","ICP","-9999","-9999","-9999","-9999","-9999","-9999","-9999","-9999","-9999","-9999","-9999","-9999","-9999","-9999","-9999","-9999","-9999","-9999","-9999","-9999","-9999","-9999","-9999","-9999","-9999","-9999","-9999","-9999","-9999","-9999","-9999","-9999","-9999","-9999","-9999","-9999","-9999","-9999","-9999","-9999","-9999","-9999","-9999","-9999","-9999","-9999","-9999","-9999","-9999","-9999","-9999","-9999","-9999","-9999","-9999","-9999","-9999","-9999","-9999","-9999","-9999","-9999","-9999","-9999","-9999","-9999","-9999","-9999","-9999","-9999","-9999","-9999","-9999","-9999","-9999","-9999","-9999","-9999","-9999","-9999","-9999","-9999","-9999","-9999","-9999","-9999","-9999","-9999","-9999","-9999","-9999","-9999","-9999","-9999","-9999","-9999","-9999","-9999","-9999","-9999","-9999","-9999","-9999","-9999","-9999","-9999","-9999","-9999","-9999","-9999","-9999","-9999","-9999","-9999","-9999","-9999","-9999","-9999","-9999","-9999","-9999","-9999","-9999","-9999","-9999","-9999","-9999","-9999","-9999","-9999","-9999","-9999","-9999","-9999","-9999","-9999","-9999","-9999","-9999","-9999","-9999","-9999","-9999","-9999","-9999","-9999","-9999","-9999","-9999","-9999","-9999","-9999","-9999","-9999","-9999","-9999","-9999","-9999","-9999","-9999","-9999","-9999","-9999","-9999","-9999","-9999","-9999","-9999","-9999","-9999","-9999","-9999","-9999","-9999","-9999","-9999","-9999","-9999","-9999","-9999","-9999","-9999","-9999","-9999","-9999","-9999","-9999","-9999","-9999","-9999","-9999","-9999","-9999","-9999","-9999","-9999","-9999","-9999","-9999","-9999","-9999","<25","-9999","-9999","-9999","-9999","-9999","-9999","-9999","-9999","-9999","-9999","-9999","-9999","-9999","-9999","-9999","-9999","-9999","-9999","-9999","-9999","-9999","-9999","-9999","-9999","-9999","-9999","-9999","-9999","-9999","-9999","-9999","-9999","Purple Rock Inc.","Alberta Geological Survey"
"68786","MAR_20020002-00025-5750-ICP-0.01pct-2001-11-29-Bondar-Clegg & Company Ltd.-N/A-N/A-","MAR_20020002","25","200110-129","5750","149.6","150.17","-9999","2001-11-29","2001-10-01","Bondar-Clegg & Company Ltd.","BOND-UNSP","Unspecified","0.01pct","Submitted sample","ICP","-9999","-9999","-9999","-9999","-9999","-9999","-9999","-9999","7.31","-9999","-9999","-9999","-9999","-9999","-9999","-9999","-9999","-9999","-9999","-9999","-9999","-9999","-9999","-9999","-9999","-9999","-9999","-9999","-9999","-9999","-9999","-9999","-9999","-9999","9.21","-9999","-9999","-9999","-9999","-9999","-9999","-9999","-9999","-9999","-9999","-9999","-9999","-9999","-9999","-9999","-9999","-9999","-9999","-9999","-9999","-9999","-9999","-9999","-9999","-9999","-9999","-9999","-9999","-9999","-9999","-9999","-9999","-9999","-9999","-9999","-9999","-9999","3.14","-9999","-9999","-9999","-9999","-9999","-9999","-9999","-9999","-9999","-9999","-9999","-9999","-9999","-9999","-9999","-9999","-9999","-9999","-9999","-9999","3.38","-9999","-9999","-9999","-9999","-9999","-9999","-9999","-9999","-9999","-9999","-9999","-9999","-9999","-9999","-9999","1.95","-9999","-9999","-9999","-9999","-9999","-9999","-9999","-9999","-9999","-9999","-9999","-9999","-9999","-9999","0.2","-9999","-9999","-9999","-9999","-9999","-9999","-9999","-9999","-9999","-9999","-9999","-9999","-9999","-9999","-9999","-9999","-9999","-9999","-9999","-9999","-9999","-9999","-9999","-9999","-9999","-9999","-9999","-9999","-9999","-9999","-9999","-9999","-9999","-9999","-9999","-9999","-9999","-9999","-9999","-9999","-9999","-9999","-9999","-9999","-9999","-9999","-9999","-9999","-9999","-9999","-9999","-9999","-9999","-9999","-9999","-9999","-9999","-9999","-9999","-9999","-9999","-9999","-9999","-9999","-9999","-9999","-9999","-9999","-9999","-9999","-9999","-9999","-9999","-9999","-9999","-9999","-9999","-9999","-9999","0.44","-9999","-9999","-9999","-9999","-9999","-9999","-9999","-9999","-9999","-9999","-9999","-9999","-9999","-9999","-9999","-9999","-9999","-9999","-9999","-9999","-9999","-9999","-9999","-9999","-9999","-9999","-9999","-9999","-9999","Purple Rock Inc.","Alberta Geological Survey"
"68787","MAR_20020002-00025-5750-ICP-0.5ppm-2001-11-29-Bondar-Clegg & Company Ltd.-N/A-N/A-","MAR_20020002","25","200110-129","5750","149.6","150.17","-9999","2001-11-29","2001-10-01","Bondar-Clegg & Company Ltd.","BOND-UNSP","Unspecified","0.5ppm","Submitted sample","ICP","-9999","-9999","-9999","-9999","-9999","<0.5","-9999","-9999","-9999","-9999","-9999","-9999","-9999","-9999","-9999","-9999","-9999","-9999","-9999","-9999","-9999","-9999","-9999","-9999","-9999","-9999","-9999","-9999","-9999","-9999","-9999","-9999","-9999","-9999","-9999","-9999","-9999","-9999","-9999","-9999","-9999","-9999","-9999","-9999","-9999","-9999","-9999","-9999","-9999","-9999","-9999","-9999","-9999","-9999","-9999","-9999","-9999","-9999","-9999","-9999","-9999","-9999","-9999","-9999","-9999","-9999","-9999","-9999","-9999","-9999","-9999","-9999","-9999","-9999","-9999","-9999","-9999","-9999","-9999","-9999","-9999","-9999","-9999","-9999","-9999","-9999","-9999","-9999","-9999","-9999","-9999","-9999","-9999","-9999","-9999","-9999","-9999","-9999","-9999","-9999","-9999","-9999","-9999","-9999","-9999","-9999","-9999","-9999","-9999","-9999","-9999","-9999","-9999","-9999","-9999","-9999","-9999","-9999","-9999","-9999","-9999","-9999","-9999","-9999","-9999","-9999","-9999","-9999","-9999","-9999","-9999","-9999","-9999","-9999","-9999","-9999","-9999","-9999","-9999","-9999","-9999","-9999","-9999","-9999","-9999","-9999","-9999","-9999","-9999","-9999","-9999","-9999","-9999","-9999","-9999","-9999","-9999","-9999","-9999","-9999","-9999","-9999","-9999","-9999","-9999","-9999","-9999","-9999","-9999","-9999","-9999","-9999","-9999","-9999","-9999","-9999","-9999","-9999","-9999","-9999","-9999","-9999","-9999","-9999","-9999","-9999","-9999","-9999","-9999","-9999","-9999","-9999","-9999","-9999","-9999","-9999","-9999","-9999","-9999","-9999","-9999","-9999","-9999","-9999","-9999","-9999","-9999","-9999","-9999","-9999","-9999","-9999","-9999","-9999","-9999","-9999","-9999","-9999","-9999","-9999","-9999","-9999","-9999","-9999","-9999","-9999","-9999","-9999","-9999","-9999","-9999","-9999","-9999","-9999","Purple Rock Inc.","Alberta Geological Survey"
"68788","MAR_20020002-00025-5750-ICP-1.0ppm-2001-11-29-Bondar-Clegg & Company Ltd.-N/A-N/A-","MAR_20020002","25","200110-129","5750","149.6","150.17","-9999","2001-11-29","2001-10-01","Bondar-Clegg & Company Ltd.","BOND-UNSP","Unspecified","1.0ppm","Submitted sample","ICP","-9999","-9999","-9999","-9999","-9999","-9999","-9999","-9999","-9999","-9999","-9999","-9999","-9999","-9999","-9999","-9999","-9999","-9999","-9999","-9999","-9999","-9999","-9999","-9999","-9999","-9999","-9999","-9999","-9999","-9999","-9999","-9999","-9999","-9999","-9999","-9999","-9999","-9999","-9999","-9999","-9999","-9999","<1.0","-9999","-9999","-9999","-9999","-9999","-9999","25","-9999","-9999","-9999","-9999","-9999","-9999","-9999","39","-9999","-9999","-9999","-9999","-9999","-9999","-9999","-9999","-9999","-9999","-9999","-9999","-9999","-9999","-9999","-9999","-9999","-9999","-9999","-9999","-9999","-9999","-9999","-9999","-9999","-9999","-9999","-9999","-9999","-9999","-9999","-9999","-9999","-9999","-9999","-9999","-9999","-9999","-9999","-9999","-9999","-9999","-9999","-9999","-9999","-9999","-9999","-9999","-9999","-9999","-9999","-9999","-9999","-9999","-9999","-9999","-9999","-9999","-9999","-9999","-9999","-9999","-9999","8","-9999","-9999","-9999","-9999","-9999","-9999","-9999","-9999","-9999","-9999","-9999","-9999","39","-9999","-9999","-9999","-9999","-9999","-9999","-9999","-9999","-9999","-9999","-9999","-9999","-9999","-9999","-9999","-9999","-9999","-9999","-9999","-9999","-9999","-9999","-9999","-9999","-9999","-9999","-9999","-9999","-9999","-9999","-9999","-9999","-9999","-9999","-9999","-9999","-9999","-9999","-9999","-9999","-9999","-9999","-9999","-9999","-9999","-9999","-9999","-9999","-9999","-9999","-9999","-9999","-9999","-9999","-9999","-9999","-9999","201","-9999","-9999","-9999","-9999","-9999","-9999","-9999","-9999","-9999","-9999","-9999","-9999","-9999","-9999","-9999","-9999","-9999","-9999","-9999","-9999","-9999","-9999","-9999","-9999","-9999","-9999","-9999","-9999","-9999","-9999","-9999","-9999","-9999","-9999","-9999","-9999","-9999","-9999","-9999","-9999","-9999","Purple Rock Inc.","Alberta Geological Survey"
"69077","MAR_20020002-00026-5751-ICP-10.0pct-2001-11-29-Bondar-Clegg & Company Ltd.-N/A-N/A-","MAR_20020002","26","200110-129","5751","150.17","150.8","-9999","2001-11-29","2001-10-01","Bondar-Clegg & Company Ltd.","BOND-UNSP","Unspecified","10.0pct","Submitted sample","ICP","-9999","-9999","-9999","-9999","-9999","-9999","-9999","-9999","-9999","-9999","-9999","-9999","-9999","-9999","-9999","-9999","-9999","-9999","-9999","-9999","-9999","-9999","-9999","-9999","-9999","-9999","-9999","-9999","-9999","-9999","-9999","-9999","-9999","29","-9999","-9999","-9999","-9999","-9999","-9999","-9999","-9999","-9999","-9999","-9999","-9999","-9999","-9999","-9999","-9999","-9999","-9999","-9999","-9999","-9999","-9999","-9999","-9999","-9999","-9999","-9999","-9999","-9999","-9999","-9999","-9999","-9999","-9999","-9999","-9999","-9999","-9999","-9999","-9999","-9999","-9999","-9999","-9999","-9999","-9999","-9999","-9999","-9999","-9999","-9999","-9999","-9999","-9999","-9999","-9999","-9999","-9999","-9999","-9999","-9999","-9999","-9999","-9999","-9999","-9999","-9999","-9999","-9999","-9999","-9999","-9999","-9999","-9999","-9999","-9999","-9999","-9999","-9999","-9999","-9999","-9999","-9999","-9999","-9999","-9999","-9999","-9999","-9999","-9999","-9999","-9999","-9999","-9999","-9999","-9999","-9999","-9999","-9999","-9999","-9999","-9999","-9999","-9999","-9999","-9999","-9999","-9999","-9999","-9999","-9999","-9999","-9999","-9999","-9999","-9999","-9999","-9999","-9999","-9999","-9999","-9999","-9999","-9999","-9999","-9999","-9999","-9999","-9999","-9999","-9999","-9999","-9999","-9999","-9999","-9999","-9999","-9999","-9999","-9999","-9999","-9999","-9999","-9999","-9999","-9999","-9999","-9999","-9999","-9999","-9999","-9999","-9999","-9999","-9999","-9999","-9999","-9999","-9999","-9999","-9999","-9999","-9999","-9999","-9999","-9999","-9999","-9999","-9999","-9999","-9999","-9999","-9999","-9999","-9999","-9999","-9999","-9999","-9999","-9999","-9999","-9999","-9999","-9999","-9999","-9999","-9999","-9999","-9999","-9999","-9999","-9999","-9999","-9999","-9999","-9999","-9999","-9999","-9999","-9999","Purple Rock Inc.","Alberta Geological Survey"
"69078","MAR_20020002-00026-5751-XRF-0.01pct-2001-11-29-Bondar-Clegg & Company Ltd.-N/A-N/A-","MAR_20020002","26","200110-129","5751","150.17","150.8","-9999","2001-11-29","2001-10-01","Bondar-Clegg & Company Ltd.","BOND-UNSP","Unspecified","0.01pct","Submitted sample","XRF","-9999","-9999","-9999","-9999","-9999","-9999","-9999","-9999","-9999","-9999","-9999","-9999","-9999","-9999","-9999","-9999","-9999","-9999","-9999","-9999","-9999","-9999","0.7","-9999","-9999","-9999","-9999","-9999","-9999","-9999","-9999","-9999","-9999","-9999","-9999","-9999","-9999","-9999","-9999","-9999","-9999","-9999","-9999","-9999","-9999","-9999","-9999","-9999","-9999","-9999","-9999","-9999","-9999","-9999","-9999","-9999","-9999","-9999","-9999","-9999","-9999","-9999","-9999","-9999","-9999","-9999","-9999","-9999","-9999","-9999","-9999","-9999","-9999","-9999","-9999","-9999","-9999","-9999","-9999","-9999","-9999","-9999","-9999","-9999","-9999","-9999","-9999","-9999","-9999","-9999","-9999","-9999","-9999","-9999","-9999","-9999","-9999","-9999","-9999","-9999","-9999","-9999","-9999","-9999","-9999","-9999","-9999","-9999","-9999","-9999","-9999","-9999","-9999","-9999","-9999","-9999","-9999","-9999","-9999","-9999","-9999","-9999","-9999","-9999","-9999","-9999","-9999","-9999","-9999","-9999","-9999","-9999","-9999","-9999","-9999","-9999","-9999","-9999","-9999","-9999","-9999","-9999","-9999","-9999","-9999","-9999","-9999","-9999","-9999","-9999","-9999","-9999","-9999","-9999","-9999","-9999","-9999","-9999","-9999","-9999","-9999","-9999","-9999","-9999","-9999","-9999","-9999","-9999","-9999","-9999","-9999","-9999","-9999","-9999","-9999","-9999","-9999","-9999","-9999","-9999","-9999","-9999","-9999","-9999","-9999","-9999","-9999","-9999","-9999","-9999","-9999","-9999","-9999","-9999","-9999","-9999","-9999","-9999","-9999","-9999","-9999","-9999","-9999","-9999","-9999","-9999","-9999","-9999","-9999","-9999","-9999","-9999","-9999","-9999","-9999","-9999","-9999","-9999","-9999","-9999","-9999","-9999","-9999","-9999","-9999","-9999","-9999","-9999","-9999","-9999","-9999","-9999","-9999","-9999","Purple Rock Inc.","Alberta Geological Survey"
"69079","MAR_20020002-00026-5751-ICP-5.0ppm-2001-11-29-Bondar-Clegg & Company Ltd.-N/A-N/A-","MAR_20020002","26","200110-129","5751","150.17","150.8","-9999","2001-11-29","2001-10-01","Bondar-Clegg & Company Ltd.","BOND-UNSP","Unspecified","5.0ppm","Submitted sample","ICP","-9999","-9999","-9999","-9999","-9999","-9999","-9999","-9999","-9999","-9999","-9999","-9999","<5","-9999","-9999","-9999","-9999","-9999","-9999","-9999","-9999","-9999","-9999",">2000","-9999","-9999","-9999","-9999","11","-9999","-9999","-9999","-9999","-9999","-9999","-9999","-9999","-9999","-9999","-9999","-9999","-9999","-9999","-9999","-9999","-9999","-9999","-9999","-9999","-9999","-9999","-9999","-9999","-9999","-9999","-9999","-9999","-9999","-9999","-9999","-9999","-9999","-9999","-9999","-9999","-9999","-9999","-9999","-9999","-9999","-9999","-9999","-9999","-9999","-9999","-9999","-9999","-9999","-9999","-9999","-9999","-9999","-9999","-9999","-9999","-9999","-9999","-9999","-9999","-9999","-9999","-9999","-9999","-9999","-9999","-9999","-9999","-9999","-9999","-9999","-9999","8","-9999","-9999","-9999","-9999","-9999","-9999","-9999","-9999","-9999","-9999","-9999","-9999","-9999","-9999","-9999","813","-9999","-9999","-9999","-9999","-9999","-9999","-9999","-9999","-9999","-9999","-9999","<5","-9999","-9999","-9999","-9999","-9999","-9999","-9999","-9999","-9999","-9999","-9999","-9999","-9999","-9999","-9999","-9999","-9999","-9999","-9999","-9999","-9999","-9999","-9999","-9999","-9999","-9999","-9999","-9999","-9999","-9999","-9999","-9999","-9999","-9999","-9999","-9999","-9999","-9999","-9999","-9999","-9999","-9999","-9999","-9999","<5","-9999","<5","-9999","-9999","-9999","-9999","-9999","-9999","-9999","-9999","-9999","-9999","-9999","-9999","-9999","-9999","-9999","-9999","-9999","-9999","-9999","<5","-9999","-9999","-9999","-9999","-9999","-9999","-9999","-9999","-9999","-9999","-9999","-9999","-9999","-9999","-9999","-9999","-9999","-9999","-9999","-9999","-9999","-9999","-9999","-9999","8","-9999","-9999","-9999","-9999","-9999","-9999","-9999","-9999","-9999","24","-9999","-9999","Purple Rock Inc.","Alberta Geological Survey"
"69080","MAR_20020002-00026-5751-ICP-1.0ppm-2001-11-29-Bondar-Clegg & Company Ltd.-N/A-N/A-","MAR_20020002","26","200110-129","5751","150.17","150.8","-9999","2001-11-29","2001-10-01","Bondar-Clegg & Company Ltd.","BOND-UNSP","Unspecified","1.0ppm","Submitted sample","ICP","-9999","-9999","-9999","-9999","-9999","-9999","-9999","-9999","-9999","-9999","-9999","-9999","-9999","-9999","-9999","-9999","-9999","-9999","-9999","-9999","-9999","-9999","-9999","-9999","-9999","-9999","-9999","-9999","-9999","-9999","-9999","-9999","-9999","-9999","-9999","-9999","-9999","-9999","-9999","-9999","-9999","-9999","<1.0","-9999","-9999","-9999","-9999","-9999","-9999","4","-9999","-9999","-9999","-9999","-9999","-9999","-9999","11","-9999","-9999","-9999","-9999","-9999","-9999","-9999","-9999","-9999","-9999","-9999","-9999","-9999","-9999","-9999","-9999","-9999","-9999","-9999","-9999","-9999","-9999","-9999","-9999","-9999","-9999","-9999","-9999","-9999","-9999","-9999","-9999","-9999","-9999","-9999","-9999","-9999","-9999","-9999","-9999","-9999","-9999","-9999","-9999","-9999","-9999","-9999","-9999","-9999","-9999","-9999","-9999","-9999","-9999","-9999","-9999","-9999","-9999","-9999","-9999","-9999","-9999","-9999","3","-9999","-9999","-9999","-9999","-9999","-9999","-9999","-9999","-9999","-9999","-9999","-9999","10","-9999","-9999","-9999","-9999","-9999","-9999","-9999","-9999","-9999","-9999","-9999","-9999","-9999","-9999","-9999","-9999","-9999","-9999","-9999","-9999","-9999","-9999","-9999","-9999","-9999","-9999","-9999","-9999","-9999","-9999","-9999","-9999","-9999","-9999","-9999","-9999","-9999","-9999","-9999","-9999","-9999","-9999","-9999","-9999","-9999","-9999","-9999","-9999","-9999","-9999","-9999","-9999","-9999","-9999","-9999","-9999","-9999","339","-9999","-9999","-9999","-9999","-9999","-9999","-9999","-9999","-9999","-9999","-9999","-9999","-9999","-9999","-9999","-9999","-9999","-9999","-9999","-9999","-9999","-9999","-9999","-9999","-9999","-9999","-9999","-9999","-9999","-9999","-9999","-9999","-9999","-9999","-9999","-9999","-9999","-9999","-9999","-9999","-9999","Purple Rock Inc.","Alberta Geological Survey"
"69081","MAR_20020002-00026-5751-ICP-25.0ppm-2001-11-29-Bondar-Clegg & Company Ltd.-N/A-N/A-","MAR_20020002","26","200110-129","5751","150.17","150.8","-9999","2001-11-29","2001-10-01","Bondar-Clegg & Company Ltd.","BOND-UNSP","Unspecified","25.0ppm","Submitted sample","ICP","-9999","-9999","-9999","-9999","-9999","-9999","-9999","-9999","-9999","-9999","-9999","-9999","-9999","-9999","-9999","-9999","-9999","-9999","-9999","-9999","-9999","-9999","-9999","-9999","-9999","-9999","-9999","-9999","-9999","-9999","-9999","-9999","-9999","-9999","-9999","-9999","-9999","-9999","-9999","-9999","-9999","-9999","-9999","-9999","-9999","-9999","-9999","-9999","-9999","-9999","-9999","-9999","-9999","-9999","-9999","-9999","-9999","-9999","-9999","-9999","-9999","-9999","-9999","-9999","-9999","-9999","-9999","-9999","-9999","-9999","-9999","-9999","-9999","-9999","-9999","-9999","-9999","-9999","-9999","-9999","-9999","-9999","-9999","-9999","-9999","-9999","-9999","-9999","-9999","-9999","-9999","-9999","-9999","-9999","-9999","-9999","-9999","-9999","-9999","-9999","-9999","-9999","-9999","-9999","-9999","-9999","-9999","-9999","-9999","-9999","-9999","-9999","-9999","-9999","-9999","-9999","-9999","-9999","-9999","-9999","-9999","-9999","-9999","-9999","-9999","-9999","-9999","-9999","-9999","-9999","-9999","-9999","-9999","-9999","-9999","-9999","-9999","-9999","-9999","-9999","-9999","-9999","-9999","-9999","-9999","-9999","-9999","-9999","-9999","-9999","-9999","-9999","-9999","-9999","-9999","-9999","-9999","-9999","-9999","-9999","-9999","-9999","-9999","-9999","-9999","-9999","-9999","-9999","-9999","-9999","-9999","-9999","-9999","-9999","-9999","-9999","-9999","-9999","-9999","-9999","-9999","-9999","-9999","-9999","-9999","-9999","-9999","-9999","-9999","-9999","-9999","-9999","-9999","-9999","-9999","-9999","-9999","-9999","-9999","-9999","-9999","<25","-9999","-9999","-9999","-9999","-9999","-9999","-9999","-9999","-9999","-9999","-9999","-9999","-9999","-9999","-9999","-9999","-9999","-9999","-9999","-9999","-9999","-9999","-9999","-9999","-9999","-9999","-9999","-9999","-9999","-9999","-9999","-9999","Purple Rock Inc.","Alberta Geological Survey"
"69082","MAR_20020002-00026-5751-ICP-0.01pct-2001-11-29-Bondar-Clegg & Company Ltd.-N/A-N/A-","MAR_20020002","26","200110-129","5751","150.17","150.8","-9999","2001-11-29","2001-10-01","Bondar-Clegg & Company Ltd.","BOND-UNSP","Unspecified","0.01pct","Submitted sample","ICP","-9999","-9999","-9999","-9999","-9999","-9999","-9999","-9999","1.49","-9999","-9999","-9999","-9999","-9999","-9999","-9999","-9999","-9999","-9999","-9999","-9999","-9999","-9999","-9999","-9999","-9999","-9999","-9999","-9999","-9999","-9999","-9999","-9999","-9999",">10.00","-9999","-9999","-9999","-9999","-9999","-9999","-9999","-9999","-9999","-9999","-9999","-9999","-9999","-9999","-9999","-9999","-9999","-9999","-9999","-9999","-9999","-9999","-9999","-9999","-9999","-9999","-9999","-9999","-9999","-9999","-9999","-9999","-9999","-9999","-9999","-9999","-9999","1.01","-9999","-9999","-9999","-9999","-9999","-9999","-9999","-9999","-9999","-9999","-9999","-9999","-9999","-9999","-9999","-9999","-9999","-9999","-9999","-9999","0.55","-9999","-9999","-9999","-9999","-9999","-9999","-9999","-9999","-9999","-9999","-9999","-9999","-9999","-9999","-9999","0.83","-9999","-9999","-9999","-9999","-9999","-9999","-9999","-9999","-9999","-9999","-9999","-9999","-9999","-9999","0.05","-9999","-9999","-9999","-9999","-9999","-9999","-9999","-9999","-9999","-9999","-9999","-9999","-9999","-9999","-9999","-9999","-9999","-9999","-9999","-9999","-9999","-9999","-9999","-9999","-9999","-9999","-9999","-9999","-9999","-9999","-9999","-9999","-9999","-9999","-9999","-9999","-9999","-9999","-9999","-9999","-9999","-9999","-9999","-9999","-9999","-9999","-9999","-9999","-9999","-9999","-9999","-9999","-9999","-9999","-9999","-9999","-9999","-9999","-9999","-9999","-9999","-9999","-9999","-9999","-9999","-9999","-9999","-9999","-9999","-9999","-9999","-9999","-9999","-9999","-9999","-9999","-9999","-9999","-9999","0.07","-9999","-9999","-9999","-9999","-9999","-9999","-9999","-9999","-9999","-9999","-9999","-9999","-9999","-9999","-9999","-9999","-9999","-9999","-9999","-9999","-9999","-9999","-9999","-9999","-9999","-9999","-9999","-9999","-9999","Purple Rock Inc.","Alberta Geological Survey"
"69083","MAR_20020002-00026-5751-ICP-2.0ppm-2001-11-29-Bondar-Clegg & Company Ltd.-N/A-N/A-","MAR_20020002","26","200110-129","5751","150.17","150.8","-9999","2001-11-29","2001-10-01","Bondar-Clegg & Company Ltd.","BOND-UNSP","Unspecified","2.0ppm","Submitted sample","ICP","-9999","-9999","-9999","-9999","-9999","-9999","-9999","-9999","-9999","-9999","-9999","-9999","-9999","-9999","-9999","-9999","-9999","-9999","-9999","-9999","-9999","-9999","-9999","-9999","-9999","-9999","-9999","-9999","-9999","-9999","-9999","-9999","-9999","-9999","-9999","-9999","-9999","-9999","-9999","-9999","-9999","-9999","-9999","-9999","-9999","-9999","-9999","-9999","-9999","-9999","-9999","-9999","-9999","20","-9999","-9999","-9999","-9999","-9999","-9999","-9999","-9999","-9999","-9999","-9999","-9999","-9999","-9999","-9999","-9999","-9999","-9999","-9999","-9999","-9999","-9999","-9999","-9999","-9999","-9999","-9999","-9999","-9999","-9999","-9999","-9999","-9999","-9999","-9999","-9999","-9999","-9999","-9999","-9999","-9999","-9999","-9999","-9999","-9999","-9999","-9999","-9999","-9999","9","-9999","-9999","-9999","-9999","-9999","-9999","-9999","-9999","-9999","-9999","-9999","-9999","-9999","-9999","-9999","-9999","-9999","-9999","-9999","-9999","-9999","-9999","-9999","-9999","-9999","-9999","-9999","-9999","-9999","-9999","-9999","-9999","-9999","-9999","-9999","-9999","-9999","-9999","-9999","-9999","-9999","<2","-9999","-9999","-9999","-9999","-9999","-9999","-9999","-9999","-9999","-9999","-9999","-9999","-9999","-9999","-9999","-9999","-9999","-9999","-9999","-9999","-9999","-9999","-9999","-9999","-9999","-9999","-9999","-9999","-9999","-9999","-9999","-9999","-9999","-9999","-9999","-9999","-9999","-9999","-9999","-9999","-9999","-9999","-9999","-9999","-9999","-9999","-9999","-9999","-9999","-9999","-9999","-9999","-9999","-9999","-9999","-9999","-9999","-9999","-9999","-9999","-9999","-9999","-9999","-9999","-9999","-9999","-9999","-9999","-9999","-9999","17","-9999","-9999","-9999","-9999","-9999","-9999","-9999","-9999","-9999","-9999","30","-9999","-9999","-9999","-9999","-9999","-9999","Purple Rock Inc.","Alberta Geological Survey"
"69084","MAR_20020002-00026-5751-ICP-0.5ppm-2001-11-29-Bondar-Clegg & Company Ltd.-N/A-N/A-","MAR_20020002","26","200110-129","5751","150.17","150.8","-9999","2001-11-29","2001-10-01","Bondar-Clegg & Company Ltd.","BOND-UNSP","Unspecified","0.5ppm","Submitted sample","ICP","-9999","-9999","-9999","-9999","-9999","0.8","-9999","-9999","-9999","-9999","-9999","-9999","-9999","-9999","-9999","-9999","-9999","-9999","-9999","-9999","-9999","-9999","-9999","-9999","-9999","-9999","-9999","-9999","-9999","-9999","-9999","-9999","-9999","-9999","-9999","-9999","-9999","-9999","-9999","-9999","-9999","-9999","-9999","-9999","-9999","-9999","-9999","-9999","-9999","-9999","-9999","-9999","-9999","-9999","-9999","-9999","-9999","-9999","-9999","-9999","-9999","-9999","-9999","-9999","-9999","-9999","-9999","-9999","-9999","-9999","-9999","-9999","-9999","-9999","-9999","-9999","-9999","-9999","-9999","-9999","-9999","-9999","-9999","-9999","-9999","-9999","-9999","-9999","-9999","-9999","-9999","-9999","-9999","-9999","-9999","-9999","-9999","-9999","-9999","-9999","-9999","-9999","-9999","-9999","-9999","-9999","-9999","-9999","-9999","-9999","-9999","-9999","-9999","-9999","-9999","-9999","-9999","-9999","-9999","-9999","-9999","-9999","-9999","-9999","-9999","-9999","-9999","-9999","-9999","-9999","-9999","-9999","-9999","-9999","-9999","-9999","-9999","-9999","-9999","-9999","-9999","-9999","-9999","-9999","-9999","-9999","-9999","-9999","-9999","-9999","-9999","-9999","-9999","-9999","-9999","-9999","-9999","-9999","-9999","-9999","-9999","-9999","-9999","-9999","-9999","-9999","-9999","-9999","-9999","-9999","-9999","-9999","-9999","-9999","-9999","-9999","-9999","-9999","-9999","-9999","-9999","-9999","-9999","-9999","-9999","-9999","-9999","-9999","-9999","-9999","-9999","-9999","-9999","-9999","-9999","-9999","-9999","-9999","-9999","-9999","-9999","-9999","-9999","-9999","-9999","-9999","-9999","-9999","-9999","-9999","-9999","-9999","-9999","-9999","-9999","-9999","-9999","-9999","-9999","-9999","-9999","-9999","-9999","-9999","-9999","-9999","-9999","-9999","-9999","-9999","-9999","-9999","-9999","-9999","Purple Rock Inc.","Alberta Geological Survey"
"69085","MAR_20020002-00026-5751-ICP-0.002pct-2001-11-29-Bondar-Clegg & Company Ltd.-N/A-N/A-","MAR_20020002","26","200110-129","5751","150.17","150.8","-9999","2001-11-29","2001-10-01","Bondar-Clegg & Company Ltd.","BOND-UNSP","Unspecified","0.002pct","Submitted sample","ICP","-9999","-9999","-9999","-9999","-9999","-9999","-9999","-9999","-9999","-9999","-9999","-9999","-9999","-9999","-9999","-9999","-9999","-9999","-9999","-9999","-9999","-9999","-9999","-9999","-9999","-9999","-9999","-9999","-9999","-9999","-9999","-9999","-9999","-9999","-9999","-9999","-9999","-9999","-9999","-9999","-9999","-9999","-9999","-9999","-9999","-9999","-9999","-9999","-9999","-9999","-9999","-9999","-9999","-9999","-9999","-9999","-9999","-9999","-9999","-9999","-9999","-9999","-9999","-9999","-9999","-9999","-9999","-9999","-9999","-9999","-9999","-9999","-9999","-9999","-9999","-9999","-9999","-9999","-9999","-9999","-9999","-9999","-9999","-9999","-9999","-9999","-9999","-9999","-9999","-9999","-9999","-9999","-9999","-9999","-9999","-9999","-9999","-9999","-9999","-9999","-9999","-9999","-9999","-9999","-9999","-9999","-9999","-9999","-9999","-9999","-9999","-9999","-9999","-9999","-9999","-9999","-9999","-9999","-9999","-9999","-9999","-9999","-9999","-9999","-9999","-9999","-9999","-9999","-9999","-9999","-9999","-9999","-9999","-9999","-9999","-9999","-9999","-9999","-9999","-9999","-9999","-9999","-9999","-9999","-9999","-9999","-9999","-9999","-9999","-9999","-9999","-9999","-9999","-9999","-9999","-9999","-9999","-9999","-9999","-9999","-9999","-9999","-9999","-9999","-9999","-9999","-9999","-9999","-9999","-9999","-9999","0.606","-9999","-9999","-9999","-9999","-9999","-9999","-9999","-9999","-9999","-9999","-9999","-9999","-9999","-9999","-9999","-9999","-9999","-9999","-9999","-9999","-9999","-9999","-9999","-9999","-9999","-9999","-9999","-9999","-9999","-9999","-9999","-9999","-9999","-9999","-9999","-9999","-9999","-9999","-9999","-9999","-9999","-9999","-9999","-9999","-9999","-9999","-9999","-9999","-9999","-9999","-9999","-9999","-9999","-9999","-9999","-9999","-9999","-9999","-9999","-9999","-9999","-9999","Purple Rock Inc.","Alberta Geological Survey"
"69086","MAR_20020002-00026-5751-ICP-20.0ppm-2001-11-29-Bondar-Clegg & Company Ltd.-N/A-N/A-","MAR_20020002","26","200110-129","5751","150.17","150.8","-9999","2001-11-29","2001-10-01","Bondar-Clegg & Company Ltd.","BOND-UNSP","Unspecified","20.0ppm","Submitted sample","ICP","-9999","-9999","-9999","-9999","-9999","-9999","-9999","-9999","-9999","-9999","-9999","-9999","-9999","-9999","-9999","-9999","-9999","-9999","-9999","-9999","-9999","-9999","-9999","-9999","-9999","-9999","-9999","-9999","-9999","-9999","-9999","-9999","-9999","-9999","-9999","-9999","-9999","-9999","-9999","-9999","-9999","-9999","-9999","-9999","-9999","-9999","-9999","-9999","-9999","-9999","-9999","-9999","-9999","-9999","-9999","-9999","-9999","-9999","-9999","-9999","-9999","-9999","-9999","-9999","-9999","-9999","-9999","-9999","-9999","-9999","-9999","-9999","-9999","-9999","-9999","-9999","-9999","-9999","-9999","-9999","-9999","-9999","-9999","-9999","-9999","-9999","-9999","-9999","-9999","-9999","-9999","-9999","-9999","-9999","-9999","-9999","-9999","-9999","-9999","-9999","-9999","-9999","-9999","-9999","-9999","-9999","-9999","-9999","-9999","-9999","-9999","-9999","-9999","-9999","-9999","-9999","-9999","-9999","-9999","-9999","-9999","-9999","-9999","-9999","-9999","-9999","-9999","-9999","-9999","-9999","-9999","-9999","-9999","-9999","-9999","-9999","-9999","-9999","-9999","-9999","-9999","-9999","-9999","-9999","-9999","-9999","-9999","-9999","-9999","-9999","-9999","-9999","-9999","-9999","-9999","-9999","-9999","-9999","-9999","-9999","-9999","-9999","-9999","-9999","-9999","-9999","-9999","-9999","-9999","-9999","-9999","-9999","-9999","-9999","-9999","-9999","-9999","-9999","-9999","-9999","-9999","-9999","-9999","-9999","-9999","-9999","-9999","<20","-9999","-9999","-9999","-9999","-9999","-9999","-9999","-9999","-9999","-9999","-9999","-9999","-9999","-9999","-9999","-9999","-9999","-9999","-9999","-9999","-9999","-9999","-9999","-9999","-9999","-9999","-9999","-9999","-9999","-9999","-9999","<20","-9999","-9999","-9999","-9999","-9999","-9999","-9999","-9999","-9999","-9999","-9999","-9999","-9999","-9999","Purple Rock Inc.","Alberta Geological Survey"
"69087","MAR_20020002-00026-5751-ICP-10.0ppm-2001-11-29-Bondar-Clegg & Company Ltd.-N/A-N/A-","MAR_20020002","26","200110-129","5751","150.17","150.8","-9999","2001-11-29","2001-10-01","Bondar-Clegg & Company Ltd.","BOND-UNSP","Unspecified","10.0ppm","Submitted sample","ICP","-9999","-9999","-9999","-9999","-9999","-9999","-9999","-9999","-9999","-9999","-9999","-9999","-9999","-9999","-9999","-9999","-9999","-9999","-9999","-9999","-9999","-9999","-9999","-9999","-9999","-9999","-9999","-9999","-9999","-9999","-9999","-9999","-9999","-9999","-9999","-9999","-9999","-9999","-9999","-9999","-9999","-9999","-9999","-9999","-9999","-9999","-9999","-9999","-9999","-9999","-9999","-9999","-9999","-9999","-9999","-9999","-9999","-9999","-9999","-9999","-9999","-9999","-9999","-9999","-9999","-9999","-9999","-9999","-9999","-9999","-9999","-9999","-9999","-9999","-9999","-9999","<10","-9999","-9999","-9999","-9999","-9999","-9999","-9999","-9999","-9999","-9999","-9999","-9999","-9999","-9999","-9999","-9999","-9999","-9999","-9999","-9999","-9999","-9999","-9999","-9999","-9999","-9999","-9999","-9999","-9999","-9999","-9999","-9999","-9999","-9999","-9999","-9999","-9999","-9999","-9999","-9999","-9999","-9999","-9999","-9999","-9999","-9999","-9999","-9999","-9999","-9999","-9999","-9999","-9999","-9999","-9999","-9999","-9999","-9999","-9999","-9999","-9999","-9999","-9999","-9999","-9999","-9999","-9999","-9999","-9999","-9999","-9999","-9999","-9999","-9999","-9999","-9999","-9999","-9999","-9999","-9999","-9999","-9999","-9999","-9999","-9999","-9999","-9999","-9999","-9999","-9999","-9999","-9999","-9999","-9999","-9999","-9999","-9999","-9999","-9999","-9999","-9999","-9999","-9999","-9999","-9999","-9999","-9999","-9999","-9999","-9999","-9999","-9999","-9999","-9999","-9999","-9999","-9999","-9999","-9999","-9999","-9999","-9999","-9999","-9999","-9999","-9999","-9999","-9999","-9999","-9999","-9999","-9999","-9999","-9999","-9999","-9999","-9999","-9999","-9999","-9999","-9999","-9999","-9999","-9999","-9999","-9999","-9999","-9999","-9999","-9999","-9999","-9999","-9999","-9999","-9999","-9999","-9999","Purple Rock Inc.","Alberta Geological Survey"
"72599","MAR_20020002-00041-5840-ICP-20.0ppm-2001-11-16-Bondar-Clegg & Company Ltd.-N/A-N/A-","MAR_20020002","41","200134-008","5840","69.65","70.58","-9999","2001-11-16","2001-10-10","Bondar-Clegg & Company Ltd.","BOND-UNSP","Unspecified","20.0ppm","Submitted sample","ICP","-9999","-9999","-9999","-9999","-9999","-9999","-9999","-9999","-9999","-9999","-9999","-9999","-9999","-9999","-9999","-9999","-9999","-9999","-9999","-9999","-9999","-9999","-9999","-9999","-9999","-9999","-9999","-9999","-9999","-9999","-9999","-9999","-9999","-9999","-9999","-9999","-9999","-9999","-9999","-9999","-9999","-9999","-9999","-9999","-9999","-9999","-9999","-9999","-9999","-9999","-9999","-9999","-9999","-9999","-9999","-9999","-9999","-9999","-9999","-9999","-9999","-9999","-9999","-9999","-9999","-9999","-9999","-9999","-9999","-9999","-9999","-9999","-9999","-9999","-9999","-9999","-9999","-9999","-9999","-9999","-9999","-9999","-9999","-9999","-9999","-9999","-9999","-9999","-9999","-9999","-9999","-9999","-9999","-9999","-9999","-9999","-9999","-9999","-9999","-9999","-9999","-9999","-9999","-9999","-9999","-9999","-9999","-9999","-9999","-9999","-9999","-9999","-9999","-9999","-9999","-9999","-9999","-9999","-9999","-9999","-9999","-9999","-9999","-9999","-9999","-9999","-9999","-9999","-9999","-9999","-9999","-9999","-9999","-9999","-9999","-9999","-9999","-9999","-9999","-9999","-9999","-9999","-9999","-9999","-9999","-9999","-9999","-9999","-9999","-9999","-9999","-9999","-9999","-9999","-9999","-9999","-9999","-9999","-9999","-9999","-9999","-9999","-9999","-9999","-9999","-9999","-9999","-9999","-9999","-9999","-9999","-9999","-9999","-9999","-9999","-9999","-9999","-9999","-9999","-9999","-9999","-9999","-9999","-9999","-9999","-9999","-9999","<20","-9999","-9999","-9999","-9999","-9999","-9999","-9999","-9999","-9999","-9999","-9999","-9999","-9999","-9999","-9999","-9999","-9999","-9999","-9999","-9999","-9999","-9999","-9999","-9999","-9999","-9999","-9999","-9999","-9999","-9999","-9999","<20","-9999","-9999","-9999","-9999","-9999","-9999","-9999","-9999","-9999","-9999","-9999","-9999","-9999","-9999","Purple Rock Inc.","Alberta Geological Survey"
"72600","MAR_20020002-00041-5840-ICP-0.5ppm-2001-11-16-Bondar-Clegg & Company Ltd.-N/A-N/A-","MAR_20020002","41","200134-008","5840","69.65","70.58","-9999","2001-11-16","2001-10-10","Bondar-Clegg & Company Ltd.","BOND-UNSP","Unspecified","0.5ppm","Submitted sample","ICP","-9999","-9999","-9999","-9999","-9999","6.8","-9999","-9999","-9999","-9999","-9999","-9999","-9999","-9999","-9999","-9999","-9999","-9999","-9999","-9999","-9999","-9999","-9999","-9999","-9999","-9999","-9999","-9999","-9999","-9999","-9999","-9999","-9999","-9999","-9999","-9999","-9999","-9999","-9999","-9999","-9999","-9999","-9999","-9999","-9999","-9999","-9999","-9999","-9999","-9999","-9999","-9999","-9999","-9999","-9999","-9999","-9999","-9999","-9999","-9999","-9999","-9999","-9999","-9999","-9999","-9999","-9999","-9999","-9999","-9999","-9999","-9999","-9999","-9999","-9999","-9999","-9999","-9999","-9999","-9999","-9999","-9999","-9999","-9999","-9999","-9999","-9999","-9999","-9999","-9999","-9999","-9999","-9999","-9999","-9999","-9999","-9999","-9999","-9999","-9999","-9999","-9999","-9999","-9999","-9999","-9999","-9999","-9999","-9999","-9999","-9999","-9999","-9999","-9999","-9999","-9999","-9999","-9999","-9999","-9999","-9999","-9999","-9999","-9999","-9999","-9999","-9999","-9999","-9999","-9999","-9999","-9999","-9999","-9999","-9999","-9999","-9999","-9999","-9999","-9999","-9999","-9999","-9999","-9999","-9999","-9999","-9999","-9999","-9999","-9999","-9999","-9999","-9999","-9999","-9999","-9999","-9999","-9999","-9999","-9999","-9999","-9999","-9999","-9999","-9999","-9999","-9999","-9999","-9999","-9999","-9999","-9999","-9999","-9999","-9999","-9999","-9999","-9999","-9999","-9999","-9999","-9999","-9999","-9999","-9999","-9999","-9999","-9999","-9999","-9999","-9999","-9999","-9999","-9999","-9999","-9999","-9999","-9999","-9999","-9999","-9999","-9999","-9999","-9999","-9999","-9999","-9999","-9999","-9999","-9999","-9999","-9999","-9999","-9999","-9999","-9999","-9999","-9999","-9999","-9999","-9999","-9999","-9999","-9999","-9999","-9999","-9999","-9999","-9999","-9999","-9999","-9999","-9999","-9999","Purple Rock Inc.","Alberta Geological Survey"
"72601","MAR_20020002-00041-5840-ICP-10.0ppm-2001-11-16-Bondar-Clegg & Company Ltd.-N/A-N/A-","MAR_20020002","41","200134-008","5840","69.65","70.58","-9999","2001-11-16","2001-10-10","Bondar-Clegg & Company Ltd.","BOND-UNSP","Unspecified","10.0ppm","Submitted sample","ICP","-9999","-9999","-9999","-9999","-9999","-9999","-9999","-9999","-9999","-9999","-9999","-9999","-9999","-9999","-9999","-9999","-9999","-9999","-9999","-9999","-9999","-9999","-9999","-9999","-9999","-9999","-9999","-9999","-9999","-9999","-9999","-9999","-9999","-9999","-9999","-9999","-9999","-9999","-9999","-9999","-9999","-9999","-9999","-9999","-9999","-9999","-9999","-9999","-9999","-9999","-9999","-9999","-9999","-9999","-9999","-9999","-9999","-9999","-9999","-9999","-9999","-9999","-9999","-9999","-9999","-9999","-9999","-9999","-9999","-9999","-9999","-9999","-9999","-9999","-9999","-9999","11","-9999","-9999","-9999","-9999","-9999","-9999","-9999","-9999","-9999","-9999","-9999","-9999","-9999","-9999","-9999","-9999","-9999","-9999","-9999","-9999","-9999","-9999","-9999","-9999","-9999","-9999","-9999","-9999","-9999","-9999","-9999","-9999","-9999","-9999","-9999","-9999","-9999","-9999","-9999","-9999","-9999","-9999","-9999","-9999","-9999","-9999","-9999","-9999","-9999","-9999","-9999","-9999","-9999","-9999","-9999","-9999","-9999","-9999","-9999","-9999","-9999","-9999","-9999","-9999","-9999","-9999","-9999","-9999","-9999","-9999","-9999","-9999","-9999","-9999","-9999","-9999","-9999","-9999","-9999","-9999","-9999","-9999","-9999","-9999","-9999","-9999","-9999","-9999","-9999","-9999","-9999","-9999","-9999","-9999","-9999","-9999","-9999","-9999","-9999","-9999","-9999","-9999","-9999","-9999","-9999","-9999","-9999","-9999","-9999","-9999","-9999","-9999","-9999","-9999","-9999","-9999","-9999","-9999","-9999","-9999","-9999","-9999","-9999","-9999","-9999","-9999","-9999","-9999","-9999","-9999","-9999","-9999","-9999","-9999","-9999","-9999","-9999","-9999","-9999","-9999","-9999","-9999","-9999","-9999","-9999","-9999","-9999","-9999","-9999","-9999","-9999","-9999","-9999","-9999","-9999","-9999","-9999","Purple Rock Inc.","Alberta Geological Survey"
"72602","MAR_20020002-00041-5840-ICP-1.0ppm-2001-11-16-Bondar-Clegg & Company Ltd.-N/A-N/A-","MAR_20020002","41","200134-008","5840","69.65","70.58","-9999","2001-11-16","2001-10-10","Bondar-Clegg & Company Ltd.","BOND-UNSP","Unspecified","1.0ppm","Submitted sample","ICP","-9999","-9999","-9999","-9999","-9999","-9999","-9999","-9999","-9999","-9999","-9999","-9999","-9999","-9999","-9999","-9999","-9999","-9999","-9999","-9999","-9999","-9999","-9999","-9999","-9999","-9999","-9999","-9999","-9999","-9999","-9999","-9999","-9999","-9999","-9999","-9999","-9999","-9999","-9999","-9999","-9999","-9999","<1.0","-9999","-9999","-9999","-9999","-9999","-9999","21","-9999","-9999","-9999","-9999","-9999","-9999","-9999","20","-9999","-9999","-9999","-9999","-9999","-9999","-9999","-9999","-9999","-9999","-9999","-9999","-9999","-9999","-9999","-9999","-9999","-9999","-9999","-9999","-9999","-9999","-9999","-9999","-9999","-9999","-9999","-9999","-9999","-9999","-9999","-9999","-9999","-9999","-9999","-9999","-9999","-9999","-9999","-9999","-9999","-9999","-9999","-9999","-9999","-9999","-9999","-9999","-9999","-9999","-9999","-9999","-9999","-9999","-9999","-9999","-9999","-9999","-9999","-9999","-9999","-9999","-9999","<1","-9999","-9999","-9999","-9999","-9999","-9999","-9999","-9999","-9999","-9999","-9999","-9999","26","-9999","-9999","-9999","-9999","-9999","-9999","-9999","-9999","-9999","-9999","-9999","-9999","-9999","-9999","-9999","-9999","-9999","-9999","-9999","-9999","-9999","-9999","-9999","-9999","-9999","-9999","-9999","-9999","-9999","-9999","-9999","-9999","-9999","-9999","-9999","-9999","-9999","-9999","-9999","-9999","-9999","-9999","-9999","-9999","-9999","-9999","-9999","-9999","-9999","-9999","-9999","-9999","-9999","-9999","-9999","-9999","-9999","95","-9999","-9999","-9999","-9999","-9999","-9999","-9999","-9999","-9999","-9999","-9999","-9999","-9999","-9999","-9999","-9999","-9999","-9999","-9999","-9999","-9999","-9999","-9999","-9999","-9999","-9999","-9999","-9999","-9999","-9999","-9999","-9999","-9999","-9999","-9999","-9999","-9999","-9999","-9999","-9999","-9999","Purple Rock Inc.","Alberta Geological Survey"
"72603","MAR_20020002-00041-5840-ICP-0.002pct-2001-11-16-Bondar-Clegg & Company Ltd.-N/A-N/A-","MAR_20020002","41","200134-008","5840","69.65","70.58","-9999","2001-11-16","2001-10-10","Bondar-Clegg & Company Ltd.","BOND-UNSP","Unspecified","0.002pct","Submitted sample","ICP","-9999","-9999","-9999","-9999","-9999","-9999","-9999","-9999","-9999","-9999","-9999","-9999","-9999","-9999","-9999","-9999","-9999","-9999","-9999","-9999","-9999","-9999","-9999","-9999","-9999","-9999","-9999","-9999","-9999","-9999","-9999","-9999","-9999","-9999","-9999","-9999","-9999","-9999","-9999","-9999","-9999","-9999","-9999","-9999","-9999","-9999","-9999","-9999","-9999","-9999","-9999","-9999","-9999","-9999","-9999","-9999","-9999","-9999","-9999","-9999","-9999","-9999","-9999","-9999","-9999","-9999","-9999","-9999","-9999","-9999","-9999","-9999","-9999","-9999","-9999","-9999","-9999","-9999","-9999","-9999","-9999","-9999","-9999","-9999","-9999","-9999","-9999","-9999","-9999","-9999","-9999","-9999","-9999","-9999","-9999","-9999","-9999","-9999","-9999","-9999","-9999","-9999","-9999","-9999","-9999","-9999","-9999","-9999","-9999","-9999","-9999","-9999","-9999","-9999","-9999","-9999","-9999","-9999","-9999","-9999","-9999","-9999","-9999","-9999","-9999","-9999","-9999","-9999","-9999","-9999","-9999","-9999","-9999","-9999","-9999","-9999","-9999","-9999","-9999","-9999","-9999","-9999","-9999","-9999","-9999","-9999","-9999","-9999","-9999","-9999","-9999","-9999","-9999","-9999","-9999","-9999","-9999","-9999","-9999","-9999","-9999","-9999","-9999","-9999","-9999","-9999","-9999","-9999","-9999","-9999","-9999","1.864","-9999","-9999","-9999","-9999","-9999","-9999","-9999","-9999","-9999","-9999","-9999","-9999","-9999","-9999","-9999","-9999","-9999","-9999","-9999","-9999","-9999","-9999","-9999","-9999","-9999","-9999","-9999","-9999","-9999","-9999","-9999","-9999","-9999","-9999","-9999","-9999","-9999","-9999","-9999","-9999","-9999","-9999","-9999","-9999","-9999","-9999","-9999","-9999","-9999","-9999","-9999","-9999","-9999","-9999","-9999","-9999","-9999","-9999","-9999","-9999","-9999","-9999","Purple Rock Inc.","Alberta Geological Survey"
"72604","MAR_20020002-00041-5840-ICP-5.0ppm-2001-11-16-Bondar-Clegg & Company Ltd.-N/A-N/A-","MAR_20020002","41","200134-008","5840","69.65","70.58","-9999","2001-11-16","2001-10-10","Bondar-Clegg & Company Ltd.","BOND-UNSP","Unspecified","5.0ppm","Submitted sample","ICP","-9999","-9999","-9999","-9999","-9999","-9999","-9999","-9999","-9999","-9999","-9999","-9999","<5","-9999","-9999","-9999","-9999","-9999","-9999","-9999","-9999","-9999","-9999","388","-9999","-9999","-9999","-9999","<5","-9999","-9999","-9999","-9999","-9999","-9999","-9999","-9999","-9999","-9999","-9999","-9999","-9999","-9999","-9999","-9999","-9999","-9999","-9999","-9999","-9999","-9999","-9999","-9999","-9999","-9999","-9999","-9999","-9999","-9999","-9999","-9999","-9999","-9999","-9999","-9999","-9999","-9999","-9999","-9999","-9999","-9999","-9999","-9999","-9999","-9999","-9999","-9999","-9999","-9999","-9999","-9999","-9999","-9999","-9999","-9999","-9999","-9999","-9999","-9999","-9999","-9999","-9999","-9999","-9999","-9999","-9999","-9999","-9999","-9999","-9999","-9999","36","-9999","-9999","-9999","-9999","-9999","-9999","-9999","-9999","-9999","-9999","-9999","-9999","-9999","-9999","-9999","2020","-9999","-9999","-9999","-9999","-9999","-9999","-9999","-9999","-9999","-9999","-9999","22","-9999","-9999","-9999","-9999","-9999","-9999","-9999","-9999","-9999","-9999","-9999","-9999","-9999","-9999","-9999","-9999","-9999","-9999","-9999","-9999","-9999","-9999","-9999","-9999","-9999","-9999","-9999","-9999","-9999","-9999","-9999","-9999","-9999","-9999","-9999","-9999","-9999","-9999","-9999","-9999","-9999","-9999","-9999","-9999","<5","-9999","16","-9999","-9999","-9999","-9999","-9999","-9999","-9999","-9999","-9999","-9999","-9999","-9999","-9999","-9999","-9999","-9999","-9999","-9999","-9999","<5","-9999","-9999","-9999","-9999","-9999","-9999","-9999","-9999","-9999","-9999","-9999","-9999","-9999","-9999","-9999","-9999","-9999","-9999","-9999","-9999","-9999","-9999","-9999","-9999","22","-9999","-9999","-9999","-9999","-9999","-9999","-9999","-9999","-9999","114","-9999","-9999","Purple Rock Inc.","Alberta Geological Survey"
"72605","MAR_20020002-00041-5840-ICP-25.0ppm-2001-11-16-Bondar-Clegg & Company Ltd.-N/A-N/A-","MAR_20020002","41","200134-008","5840","69.65","70.58","-9999","2001-11-16","2001-10-10","Bondar-Clegg & Company Ltd.","BOND-UNSP","Unspecified","25.0ppm","Submitted sample","ICP","-9999","-9999","-9999","-9999","-9999","-9999","-9999","-9999","-9999","-9999","-9999","-9999","-9999","-9999","-9999","-9999","-9999","-9999","-9999","-9999","-9999","-9999","-9999","-9999","-9999","-9999","-9999","-9999","-9999","-9999","-9999","-9999","-9999","-9999","-9999","-9999","-9999","-9999","-9999","-9999","-9999","-9999","-9999","-9999","-9999","-9999","-9999","-9999","-9999","-9999","-9999","-9999","-9999","-9999","-9999","-9999","-9999","-9999","-9999","-9999","-9999","-9999","-9999","-9999","-9999","-9999","-9999","-9999","-9999","-9999","-9999","-9999","-9999","-9999","-9999","-9999","-9999","-9999","-9999","-9999","-9999","-9999","-9999","-9999","-9999","-9999","-9999","-9999","-9999","-9999","-9999","-9999","-9999","-9999","-9999","-9999","-9999","-9999","-9999","-9999","-9999","-9999","-9999","-9999","-9999","-9999","-9999","-9999","-9999","-9999","-9999","-9999","-9999","-9999","-9999","-9999","-9999","-9999","-9999","-9999","-9999","-9999","-9999","-9999","-9999","-9999","-9999","-9999","-9999","-9999","-9999","-9999","-9999","-9999","-9999","-9999","-9999","-9999","-9999","-9999","-9999","-9999","-9999","-9999","-9999","-9999","-9999","-9999","-9999","-9999","-9999","-9999","-9999","-9999","-9999","-9999","-9999","-9999","-9999","-9999","-9999","-9999","-9999","-9999","-9999","-9999","-9999","-9999","-9999","-9999","-9999","-9999","-9999","-9999","-9999","-9999","-9999","-9999","-9999","-9999","-9999","-9999","-9999","-9999","-9999","-9999","-9999","-9999","-9999","-9999","-9999","-9999","-9999","-9999","-9999","-9999","-9999","-9999","-9999","-9999","-9999","<25","-9999","-9999","-9999","-9999","-9999","-9999","-9999","-9999","-9999","-9999","-9999","-9999","-9999","-9999","-9999","-9999","-9999","-9999","-9999","-9999","-9999","-9999","-9999","-9999","-9999","-9999","-9999","-9999","-9999","-9999","-9999","-9999","Purple Rock Inc.","Alberta Geological Survey"
"72606","MAR_20020002-00041-5840-ICP-0.01pct-2001-11-16-Bondar-Clegg & Company Ltd.-N/A-N/A-","MAR_20020002","41","200134-008","5840","69.65","70.58","-9999","2001-11-16","2001-10-10","Bondar-Clegg & Company Ltd.","BOND-UNSP","Unspecified","0.01pct","Submitted sample","ICP","-9999","-9999","-9999","-9999","-9999","-9999","-9999","-9999","8.98","-9999","-9999","-9999","-9999","-9999","-9999","-9999","-9999","-9999","-9999","-9999","-9999","-9999","-9999","-9999","-9999","-9999","-9999","-9999","-9999","-9999","-9999","-9999","-9999","-9999","1.68","-9999","-9999","-9999","-9999","-9999","-9999","-9999","-9999","-9999","-9999","-9999","-9999","-9999","-9999","-9999","-9999","-9999","-9999","-9999","-9999","-9999","-9999","-9999","-9999","-9999","-9999","-9999","-9999","-9999","-9999","-9999","-9999","-9999","-9999","-9999","-9999","-9999","7.82","-9999","-9999","-9999","-9999","-9999","-9999","-9999","-9999","-9999","-9999","-9999","-9999","-9999","-9999","-9999","-9999","-9999","-9999","-9999","-9999","1.7","-9999","-9999","-9999","-9999","-9999","-9999","-9999","-9999","-9999","-9999","-9999","-9999","-9999","-9999","-9999","1.17","-9999","-9999","-9999","-9999","-9999","-9999","-9999","-9999","-9999","-9999","-9999","-9999","-9999","-9999","0.17","-9999","-9999","-9999","-9999","-9999","-9999","-9999","-9999","-9999","-9999","-9999","-9999","-9999","-9999","-9999","-9999","-9999","-9999","-9999","-9999","-9999","-9999","-9999","-9999","-9999","-9999","-9999","-9999","-9999","-9999","-9999","-9999","-9999","-9999","-9999","-9999","-9999","-9999","-9999","-9999","-9999","-9999","-9999","-9999","-9999","-9999","-9999","-9999","-9999","-9999","-9999","-9999","-9999","-9999","-9999","-9999","-9999","-9999","-9999","-9999","-9999","-9999","-9999","-9999","-9999","-9999","-9999","-9999","-9999","-9999","-9999","-9999","-9999","-9999","-9999","-9999","-9999","-9999","-9999","0.42","-9999","-9999","-9999","-9999","-9999","-9999","-9999","-9999","-9999","-9999","-9999","-9999","-9999","-9999","-9999","-9999","-9999","-9999","-9999","-9999","-9999","-9999","-9999","-9999","-9999","-9999","-9999","-9999","-9999","Purple Rock Inc.","Alberta Geological Survey"
"72607","MAR_20020002-00041-5840-ICP-2.0ppm-2001-11-16-Bondar-Clegg & Company Ltd.-N/A-N/A-","MAR_20020002","41","200134-008","5840","69.65","70.58","-9999","2001-11-16","2001-10-10","Bondar-Clegg & Company Ltd.","BOND-UNSP","Unspecified","2.0ppm","Submitted sample","ICP","-9999","-9999","-9999","-9999","-9999","-9999","-9999","-9999","-9999","-9999","-9999","-9999","-9999","-9999","-9999","-9999","-9999","-9999","-9999","-9999","-9999","-9999","-9999","-9999","-9999","-9999","-9999","-9999","-9999","-9999","-9999","-9999","-9999","-9999","-9999","-9999","-9999","-9999","-9999","-9999","-9999","-9999","-9999","-9999","-9999","-9999","-9999","-9999","-9999","-9999","-9999","-9999","-9999","89","-9999","-9999","-9999","-9999","-9999","-9999","-9999","-9999","-9999","-9999","-9999","-9999","-9999","-9999","-9999","-9999","-9999","-9999","-9999","-9999","-9999","-9999","-9999","-9999","-9999","-9999","-9999","-9999","-9999","-9999","-9999","-9999","-9999","-9999","-9999","-9999","-9999","-9999","-9999","-9999","-9999","-9999","-9999","-9999","-9999","-9999","-9999","-9999","-9999","55","-9999","-9999","-9999","-9999","-9999","-9999","-9999","-9999","-9999","-9999","-9999","-9999","-9999","-9999","-9999","-9999","-9999","-9999","-9999","-9999","-9999","-9999","-9999","-9999","-9999","-9999","-9999","-9999","-9999","-9999","-9999","-9999","-9999","-9999","-9999","-9999","-9999","-9999","-9999","-9999","-9999","5","-9999","-9999","-9999","-9999","-9999","-9999","-9999","-9999","-9999","-9999","-9999","-9999","-9999","-9999","-9999","-9999","-9999","-9999","-9999","-9999","-9999","-9999","-9999","-9999","-9999","-9999","-9999","-9999","-9999","-9999","-9999","-9999","-9999","-9999","-9999","-9999","-9999","-9999","-9999","-9999","-9999","-9999","-9999","-9999","-9999","-9999","-9999","-9999","-9999","-9999","-9999","-9999","-9999","-9999","-9999","-9999","-9999","-9999","-9999","-9999","-9999","-9999","-9999","-9999","-9999","-9999","-9999","-9999","-9999","-9999","120","-9999","-9999","-9999","-9999","-9999","-9999","-9999","-9999","-9999","-9999","84","-9999","-9999","-9999","-9999","-9999","-9999","Purple Rock Inc.","Alberta Geological Survey"
"72755","MAR_20020002-00042-5841-ICP-10.0ppm-2001-11-16-Bondar-Clegg & Company Ltd.-N/A-N/A-","MAR_20020002","42","200134-008","5841","70.58","71.2","-9999","2001-11-16","2001-10-10","Bondar-Clegg & Company Ltd.","BOND-UNSP","Unspecified","10.0ppm","Submitted sample","ICP","-9999","-9999","-9999","-9999","-9999","-9999","-9999","-9999","-9999","-9999","-9999","-9999","-9999","-9999","-9999","-9999","-9999","-9999","-9999","-9999","-9999","-9999","-9999","-9999","-9999","-9999","-9999","-9999","-9999","-9999","-9999","-9999","-9999","-9999","-9999","-9999","-9999","-9999","-9999","-9999","-9999","-9999","-9999","-9999","-9999","-9999","-9999","-9999","-9999","-9999","-9999","-9999","-9999","-9999","-9999","-9999","-9999","-9999","-9999","-9999","-9999","-9999","-9999","-9999","-9999","-9999","-9999","-9999","-9999","-9999","-9999","-9999","-9999","-9999","-9999","-9999","<10","-9999","-9999","-9999","-9999","-9999","-9999","-9999","-9999","-9999","-9999","-9999","-9999","-9999","-9999","-9999","-9999","-9999","-9999","-9999","-9999","-9999","-9999","-9999","-9999","-9999","-9999","-9999","-9999","-9999","-9999","-9999","-9999","-9999","-9999","-9999","-9999","-9999","-9999","-9999","-9999","-9999","-9999","-9999","-9999","-9999","-9999","-9999","-9999","-9999","-9999","-9999","-9999","-9999","-9999","-9999","-9999","-9999","-9999","-9999","-9999","-9999","-9999","-9999","-9999","-9999","-9999","-9999","-9999","-9999","-9999","-9999","-9999","-9999","-9999","-9999","-9999","-9999","-9999","-9999","-9999","-9999","-9999","-9999","-9999","-9999","-9999","-9999","-9999","-9999","-9999","-9999","-9999","-9999","-9999","-9999","-9999","-9999","-9999","-9999","-9999","-9999","-9999","-9999","-9999","-9999","-9999","-9999","-9999","-9999","-9999","-9999","-9999","-9999","-9999","-9999","-9999","-9999","-9999","-9999","-9999","-9999","-9999","-9999","-9999","-9999","-9999","-9999","-9999","-9999","-9999","-9999","-9999","-9999","-9999","-9999","-9999","-9999","-9999","-9999","-9999","-9999","-9999","-9999","-9999","-9999","-9999","-9999","-9999","-9999","-9999","-9999","-9999","-9999","-9999","-9999","-9999","-9999","Purple Rock Inc.","Alberta Geological Survey"
"72756","MAR_20020002-00042-5841-ICP-0.5ppm-2001-11-16-Bondar-Clegg & Company Ltd.-N/A-N/A-","MAR_20020002","42","200134-008","5841","70.58","71.2","-9999","2001-11-16","2001-10-10","Bondar-Clegg & Company Ltd.","BOND-UNSP","Unspecified","0.5ppm","Submitted sample","ICP","-9999","-9999","-9999","-9999","-9999","<0.5","-9999","-9999","-9999","-9999","-9999","-9999","-9999","-9999","-9999","-9999","-9999","-9999","-9999","-9999","-9999","-9999","-9999","-9999","-9999","-9999","-9999","-9999","-9999","-9999","-9999","-9999","-9999","-9999","-9999","-9999","-9999","-9999","-9999","-9999","-9999","-9999","-9999","-9999","-9999","-9999","-9999","-9999","-9999","-9999","-9999","-9999","-9999","-9999","-9999","-9999","-9999","-9999","-9999","-9999","-9999","-9999","-9999","-9999","-9999","-9999","-9999","-9999","-9999","-9999","-9999","-9999","-9999","-9999","-9999","-9999","-9999","-9999","-9999","-9999","-9999","-9999","-9999","-9999","-9999","-9999","-9999","-9999","-9999","-9999","-9999","-9999","-9999","-9999","-9999","-9999","-9999","-9999","-9999","-9999","-9999","-9999","-9999","-9999","-9999","-9999","-9999","-9999","-9999","-9999","-9999","-9999","-9999","-9999","-9999","-9999","-9999","-9999","-9999","-9999","-9999","-9999","-9999","-9999","-9999","-9999","-9999","-9999","-9999","-9999","-9999","-9999","-9999","-9999","-9999","-9999","-9999","-9999","-9999","-9999","-9999","-9999","-9999","-9999","-9999","-9999","-9999","-9999","-9999","-9999","-9999","-9999","-9999","-9999","-9999","-9999","-9999","-9999","-9999","-9999","-9999","-9999","-9999","-9999","-9999","-9999","-9999","-9999","-9999","-9999","-9999","-9999","-9999","-9999","-9999","-9999","-9999","-9999","-9999","-9999","-9999","-9999","-9999","-9999","-9999","-9999","-9999","-9999","-9999","-9999","-9999","-9999","-9999","-9999","-9999","-9999","-9999","-9999","-9999","-9999","-9999","-9999","-9999","-9999","-9999","-9999","-9999","-9999","-9999","-9999","-9999","-9999","-9999","-9999","-9999","-9999","-9999","-9999","-9999","-9999","-9999","-9999","-9999","-9999","-9999","-9999","-9999","-9999","-9999","-9999","-9999","-9999","-9999","-9999","Purple Rock Inc.","Alberta Geological Survey"
"72757","MAR_20020002-00042-5841-ICP-1.0ppm-2001-11-16-Bondar-Clegg & Company Ltd.-N/A-N/A-","MAR_20020002","42","200134-008","5841","70.58","71.2","-9999","2001-11-16","2001-10-10","Bondar-Clegg & Company Ltd.","BOND-UNSP","Unspecified","1.0ppm","Submitted sample","ICP","-9999","-9999","-9999","-9999","-9999","-9999","-9999","-9999","-9999","-9999","-9999","-9999","-9999","-9999","-9999","-9999","-9999","-9999","-9999","-9999","-9999","-9999","-9999","-9999","-9999","-9999","-9999","-9999","-9999","-9999","-9999","-9999","-9999","-9999","-9999","-9999","-9999","-9999","-9999","-9999","-9999","-9999","<1.0","-9999","-9999","-9999","-9999","-9999","-9999","17","-9999","-9999","-9999","-9999","-9999","-9999","-9999","13","-9999","-9999","-9999","-9999","-9999","-9999","-9999","-9999","-9999","-9999","-9999","-9999","-9999","-9999","-9999","-9999","-9999","-9999","-9999","-9999","-9999","-9999","-9999","-9999","-9999","-9999","-9999","-9999","-9999","-9999","-9999","-9999","-9999","-9999","-9999","-9999","-9999","-9999","-9999","-9999","-9999","-9999","-9999","-9999","-9999","-9999","-9999","-9999","-9999","-9999","-9999","-9999","-9999","-9999","-9999","-9999","-9999","-9999","-9999","-9999","-9999","-9999","-9999","5","-9999","-9999","-9999","-9999","-9999","-9999","-9999","-9999","-9999","-9999","-9999","-9999","26","-9999","-9999","-9999","-9999","-9999","-9999","-9999","-9999","-9999","-9999","-9999","-9999","-9999","-9999","-9999","-9999","-9999","-9999","-9999","-9999","-9999","-9999","-9999","-9999","-9999","-9999","-9999","-9999","-9999","-9999","-9999","-9999","-9999","-9999","-9999","-9999","-9999","-9999","-9999","-9999","-9999","-9999","-9999","-9999","-9999","-9999","-9999","-9999","-9999","-9999","-9999","-9999","-9999","-9999","-9999","-9999","-9999","265","-9999","-9999","-9999","-9999","-9999","-9999","-9999","-9999","-9999","-9999","-9999","-9999","-9999","-9999","-9999","-9999","-9999","-9999","-9999","-9999","-9999","-9999","-9999","-9999","-9999","-9999","-9999","-9999","-9999","-9999","-9999","-9999","-9999","-9999","-9999","-9999","-9999","-9999","-9999","-9999","-9999","Purple Rock Inc.","Alberta Geological Survey"
"72758","MAR_20020002-00042-5841-ICP-0.01pct-2001-11-16-Bondar-Clegg & Company Ltd.-N/A-N/A-","MAR_20020002","42","200134-008","5841","70.58","71.2","-9999","2001-11-16","2001-10-10","Bondar-Clegg & Company Ltd.","BOND-UNSP","Unspecified","0.01pct","Submitted sample","ICP","-9999","-9999","-9999","-9999","-9999","-9999","-9999","-9999","4.93","-9999","-9999","-9999","-9999","-9999","-9999","-9999","-9999","-9999","-9999","-9999","-9999","-9999","-9999","-9999","-9999","-9999","-9999","-9999","-9999","-9999","-9999","-9999","-9999","-9999",">10.00","-9999","-9999","-9999","-9999","-9999","-9999","-9999","-9999","-9999","-9999","-9999","-9999","-9999","-9999","-9999","-9999","-9999","-9999","-9999","-9999","-9999","-9999","-9999","-9999","-9999","-9999","-9999","-9999","-9999","-9999","-9999","-9999","-9999","-9999","-9999","-9999","-9999","4.04","-9999","-9999","-9999","-9999","-9999","-9999","-9999","-9999","-9999","-9999","-9999","-9999","-9999","-9999","-9999","-9999","-9999","-9999","-9999","-9999","2.01","-9999","-9999","-9999","-9999","-9999","-9999","-9999","-9999","-9999","-9999","-9999","-9999","-9999","-9999","-9999","1.58","-9999","-9999","-9999","-9999","-9999","-9999","-9999","-9999","-9999","-9999","-9999","-9999","-9999","-9999","0.1","-9999","-9999","-9999","-9999","-9999","-9999","-9999","-9999","-9999","-9999","-9999","-9999","-9999","-9999","-9999","-9999","-9999","-9999","-9999","-9999","-9999","-9999","-9999","-9999","-9999","-9999","-9999","-9999","-9999","-9999","-9999","-9999","-9999","-9999","-9999","-9999","-9999","-9999","-9999","-9999","-9999","-9999","-9999","-9999","-9999","-9999","-9999","-9999","-9999","-9999","-9999","-9999","-9999","-9999","-9999","-9999","-9999","-9999","-9999","-9999","-9999","-9999","-9999","-9999","-9999","-9999","-9999","-9999","-9999","-9999","-9999","-9999","-9999","-9999","-9999","-9999","-9999","-9999","-9999","0.27","-9999","-9999","-9999","-9999","-9999","-9999","-9999","-9999","-9999","-9999","-9999","-9999","-9999","-9999","-9999","-9999","-9999","-9999","-9999","-9999","-9999","-9999","-9999","-9999","-9999","-9999","-9999","-9999","-9999","Purple Rock Inc.","Alberta Geological Survey"
"72759","MAR_20020002-00042-5841-ICP-2.0ppm-2001-11-16-Bondar-Clegg & Company Ltd.-N/A-N/A-","MAR_20020002","42","200134-008","5841","70.58","71.2","-9999","2001-11-16","2001-10-10","Bondar-Clegg & Company Ltd.","BOND-UNSP","Unspecified","2.0ppm","Submitted sample","ICP","-9999","-9999","-9999","-9999","-9999","-9999","-9999","-9999","-9999","-9999","-9999","-9999","-9999","-9999","-9999","-9999","-9999","-9999","-9999","-9999","-9999","-9999","-9999","-9999","-9999","-9999","-9999","-9999","-9999","-9999","-9999","-9999","-9999","-9999","-9999","-9999","-9999","-9999","-9999","-9999","-9999","-9999","-9999","-9999","-9999","-9999","-9999","-9999","-9999","-9999","-9999","-9999","-9999","77","-9999","-9999","-9999","-9999","-9999","-9999","-9999","-9999","-9999","-9999","-9999","-9999","-9999","-9999","-9999","-9999","-9999","-9999","-9999","-9999","-9999","-9999","-9999","-9999","-9999","-9999","-9999","-9999","-9999","-9999","-9999","-9999","-9999","-9999","-9999","-9999","-9999","-9999","-9999","-9999","-9999","-9999","-9999","-9999","-9999","-9999","-9999","-9999","-9999","32","-9999","-9999","-9999","-9999","-9999","-9999","-9999","-9999","-9999","-9999","-9999","-9999","-9999","-9999","-9999","-9999","-9999","-9999","-9999","-9999","-9999","-9999","-9999","-9999","-9999","-9999","-9999","-9999","-9999","-9999","-9999","-9999","-9999","-9999","-9999","-9999","-9999","-9999","-9999","-9999","-9999","<2","-9999","-9999","-9999","-9999","-9999","-9999","-9999","-9999","-9999","-9999","-9999","-9999","-9999","-9999","-9999","-9999","-9999","-9999","-9999","-9999","-9999","-9999","-9999","-9999","-9999","-9999","-9999","-9999","-9999","-9999","-9999","-9999","-9999","-9999","-9999","-9999","-9999","-9999","-9999","-9999","-9999","-9999","-9999","-9999","-9999","-9999","-9999","-9999","-9999","-9999","-9999","-9999","-9999","-9999","-9999","-9999","-9999","-9999","-9999","-9999","-9999","-9999","-9999","-9999","-9999","-9999","-9999","-9999","-9999","-9999","62","-9999","-9999","-9999","-9999","-9999","-9999","-9999","-9999","-9999","-9999","47","-9999","-9999","-9999","-9999","-9999","-9999","Purple Rock Inc.","Alberta Geological Survey"
"72760","MAR_20020002-00042-5841-ICP-10.0pct-2001-11-16-Bondar-Clegg & Company Ltd.-N/A-N/A-","MAR_20020002","42","200134-008","5841","70.58","71.2","-9999","2001-11-16","2001-10-10","Bondar-Clegg & Company Ltd.","BOND-UNSP","Unspecified","10.0pct","Submitted sample","ICP","-9999","-9999","-9999","-9999","-9999","-9999","-9999","-9999","-9999","-9999","-9999","-9999","-9999","-9999","-9999","-9999","-9999","-9999","-9999","-9999","-9999","-9999","-9999","-9999","-9999","-9999","-9999","-9999","-9999","-9999","-9999","-9999","-9999","13.9","-9999","-9999","-9999","-9999","-9999","-9999","-9999","-9999","-9999","-9999","-9999","-9999","-9999","-9999","-9999","-9999","-9999","-9999","-9999","-9999","-9999","-9999","-9999","-9999","-9999","-9999","-9999","-9999","-9999","-9999","-9999","-9999","-9999","-9999","-9999","-9999","-9999","-9999","-9999","-9999","-9999","-9999","-9999","-9999","-9999","-9999","-9999","-9999","-9999","-9999","-9999","-9999","-9999","-9999","-9999","-9999","-9999","-9999","-9999","-9999","-9999","-9999","-9999","-9999","-9999","-9999","-9999","-9999","-9999","-9999","-9999","-9999","-9999","-9999","-9999","-9999","-9999","-9999","-9999","-9999","-9999","-9999","-9999","-9999","-9999","-9999","-9999","-9999","-9999","-9999","-9999","-9999","-9999","-9999","-9999","-9999","-9999","-9999","-9999","-9999","-9999","-9999","-9999","-9999","-9999","-9999","-9999","-9999","-9999","-9999","-9999","-9999","-9999","-9999","-9999","-9999","-9999","-9999","-9999","-9999","-9999","-9999","-9999","-9999","-9999","-9999","-9999","-9999","-9999","-9999","-9999","-9999","-9999","-9999","-9999","-9999","-9999","-9999","-9999","-9999","-9999","-9999","-9999","-9999","-9999","-9999","-9999","-9999","-9999","-9999","-9999","-9999","-9999","-9999","-9999","-9999","-9999","-9999","-9999","-9999","-9999","-9999","-9999","-9999","-9999","-9999","-9999","-9999","-9999","-9999","-9999","-9999","-9999","-9999","-9999","-9999","-9999","-9999","-9999","-9999","-9999","-9999","-9999","-9999","-9999","-9999","-9999","-9999","-9999","-9999","-9999","-9999","-9999","-9999","-9999","-9999","-9999","-9999","-9999","-9999","Purple Rock Inc.","Alberta Geological Survey"
"72761","MAR_20020002-00042-5841-ICP-0.002pct-2001-11-16-Bondar-Clegg & Company Ltd.-N/A-N/A-","MAR_20020002","42","200134-008","5841","70.58","71.2","-9999","2001-11-16","2001-10-10","Bondar-Clegg & Company Ltd.","BOND-UNSP","Unspecified","0.002pct","Submitted sample","ICP","-9999","-9999","-9999","-9999","-9999","-9999","-9999","-9999","-9999","-9999","-9999","-9999","-9999","-9999","-9999","-9999","-9999","-9999","-9999","-9999","-9999","-9999","-9999","-9999","-9999","-9999","-9999","-9999","-9999","-9999","-9999","-9999","-9999","-9999","-9999","-9999","-9999","-9999","-9999","-9999","-9999","-9999","-9999","-9999","-9999","-9999","-9999","-9999","-9999","-9999","-9999","-9999","-9999","-9999","-9999","-9999","-9999","-9999","-9999","-9999","-9999","-9999","-9999","-9999","-9999","-9999","-9999","-9999","-9999","-9999","-9999","-9999","-9999","-9999","-9999","-9999","-9999","-9999","-9999","-9999","-9999","-9999","-9999","-9999","-9999","-9999","-9999","-9999","-9999","-9999","-9999","-9999","-9999","-9999","-9999","-9999","-9999","-9999","-9999","-9999","-9999","-9999","-9999","-9999","-9999","-9999","-9999","-9999","-9999","-9999","-9999","-9999","-9999","-9999","-9999","-9999","-9999","-9999","-9999","-9999","-9999","-9999","-9999","-9999","-9999","-9999","-9999","-9999","-9999","-9999","-9999","-9999","-9999","-9999","-9999","-9999","-9999","-9999","-9999","-9999","-9999","-9999","-9999","-9999","-9999","-9999","-9999","-9999","-9999","-9999","-9999","-9999","-9999","-9999","-9999","-9999","-9999","-9999","-9999","-9999","-9999","-9999","-9999","-9999","-9999","-9999","-9999","-9999","-9999","-9999","-9999","2.352","-9999","-9999","-9999","-9999","-9999","-9999","-9999","-9999","-9999","-9999","-9999","-9999","-9999","-9999","-9999","-9999","-9999","-9999","-9999","-9999","-9999","-9999","-9999","-9999","-9999","-9999","-9999","-9999","-9999","-9999","-9999","-9999","-9999","-9999","-9999","-9999","-9999","-9999","-9999","-9999","-9999","-9999","-9999","-9999","-9999","-9999","-9999","-9999","-9999","-9999","-9999","-9999","-9999","-9999","-9999","-9999","-9999","-9999","-9999","-9999","-9999","-9999","Purple Rock Inc.","Alberta Geological Survey"
"72762","MAR_20020002-00042-5841-ICP-25.0ppm-2001-11-16-Bondar-Clegg & Company Ltd.-N/A-N/A-","MAR_20020002","42","200134-008","5841","70.58","71.2","-9999","2001-11-16","2001-10-10","Bondar-Clegg & Company Ltd.","BOND-UNSP","Unspecified","25.0ppm","Submitted sample","ICP","-9999","-9999","-9999","-9999","-9999","-9999","-9999","-9999","-9999","-9999","-9999","-9999","-9999","-9999","-9999","-9999","-9999","-9999","-9999","-9999","-9999","-9999","-9999","-9999","-9999","-9999","-9999","-9999","-9999","-9999","-9999","-9999","-9999","-9999","-9999","-9999","-9999","-9999","-9999","-9999","-9999","-9999","-9999","-9999","-9999","-9999","-9999","-9999","-9999","-9999","-9999","-9999","-9999","-9999","-9999","-9999","-9999","-9999","-9999","-9999","-9999","-9999","-9999","-9999","-9999","-9999","-9999","-9999","-9999","-9999","-9999","-9999","-9999","-9999","-9999","-9999","-9999","-9999","-9999","-9999","-9999","-9999","-9999","-9999","-9999","-9999","-9999","-9999","-9999","-9999","-9999","-9999","-9999","-9999","-9999","-9999","-9999","-9999","-9999","-9999","-9999","-9999","-9999","-9999","-9999","-9999","-9999","-9999","-9999","-9999","-9999","-9999","-9999","-9999","-9999","-9999","-9999","-9999","-9999","-9999","-9999","-9999","-9999","-9999","-9999","-9999","-9999","-9999","-9999","-9999","-9999","-9999","-9999","-9999","-9999","-9999","-9999","-9999","-9999","-9999","-9999","-9999","-9999","-9999","-9999","-9999","-9999","-9999","-9999","-9999","-9999","-9999","-9999","-9999","-9999","-9999","-9999","-9999","-9999","-9999","-9999","-9999","-9999","-9999","-9999","-9999","-9999","-9999","-9999","-9999","-9999","-9999","-9999","-9999","-9999","-9999","-9999","-9999","-9999","-9999","-9999","-9999","-9999","-9999","-9999","-9999","-9999","-9999","-9999","-9999","-9999","-9999","-9999","-9999","-9999","-9999","-9999","-9999","-9999","-9999","-9999","<25","-9999","-9999","-9999","-9999","-9999","-9999","-9999","-9999","-9999","-9999","-9999","-9999","-9999","-9999","-9999","-9999","-9999","-9999","-9999","-9999","-9999","-9999","-9999","-9999","-9999","-9999","-9999","-9999","-9999","-9999","-9999","-9999","Purple Rock Inc.","Alberta Geological Survey"
"72763","MAR_20020002-00042-5841-XRF-0.01pct-2001-11-16-Bondar-Clegg & Company Ltd.-N/A-N/A-","MAR_20020002","42","200134-008","5841","70.58","71.2","-9999","2001-11-16","2001-10-10","Bondar-Clegg & Company Ltd.","BOND-UNSP","Unspecified","0.01pct","Submitted sample","XRF","-9999","-9999","-9999","-9999","-9999","-9999","-9999","-9999","-9999","-9999","-9999","-9999","-9999","-9999","-9999","-9999","-9999","-9999","-9999","-9999","-9999","-9999","0.39","-9999","-9999","-9999","-9999","-9999","-9999","-9999","-9999","-9999","-9999","-9999","-9999","-9999","-9999","-9999","-9999","-9999","-9999","-9999","-9999","-9999","-9999","-9999","-9999","-9999","-9999","-9999","-9999","-9999","-9999","-9999","-9999","-9999","-9999","-9999","-9999","-9999","-9999","-9999","-9999","-9999","-9999","-9999","-9999","-9999","-9999","-9999","-9999","-9999","-9999","-9999","-9999","-9999","-9999","-9999","-9999","-9999","-9999","-9999","-9999","-9999","-9999","-9999","-9999","-9999","-9999","-9999","-9999","-9999","-9999","-9999","-9999","-9999","-9999","-9999","-9999","-9999","-9999","-9999","-9999","-9999","-9999","-9999","-9999","-9999","-9999","-9999","-9999","-9999","-9999","-9999","-9999","-9999","-9999","-9999","-9999","-9999","-9999","-9999","-9999","-9999","-9999","-9999","-9999","-9999","-9999","-9999","-9999","-9999","-9999","-9999","-9999","-9999","-9999","-9999","-9999","-9999","-9999","-9999","-9999","-9999","-9999","-9999","-9999","-9999","-9999","-9999","-9999","-9999","-9999","-9999","-9999","-9999","-9999","-9999","-9999","-9999","-9999","-9999","-9999","-9999","-9999","-9999","-9999","-9999","-9999","-9999","-9999","-9999","-9999","-9999","-9999","-9999","-9999","-9999","-9999","-9999","-9999","-9999","-9999","-9999","-9999","-9999","-9999","-9999","-9999","-9999","-9999","-9999","-9999","-9999","-9999","-9999","-9999","-9999","-9999","-9999","-9999","-9999","-9999","-9999","-9999","-9999","-9999","-9999","-9999","-9999","-9999","-9999","-9999","-9999","-9999","-9999","-9999","-9999","-9999","-9999","-9999","-9999","-9999","-9999","-9999","-9999","-9999","-9999","-9999","-9999","-9999","-9999","-9999","-9999","Purple Rock Inc.","Alberta Geological Survey"
"72764","MAR_20020002-00042-5841-ICP-5.0ppm-2001-11-16-Bondar-Clegg & Company Ltd.-N/A-N/A-","MAR_20020002","42","200134-008","5841","70.58","71.2","-9999","2001-11-16","2001-10-10","Bondar-Clegg & Company Ltd.","BOND-UNSP","Unspecified","5.0ppm","Submitted sample","ICP","-9999","-9999","-9999","-9999","-9999","-9999","-9999","-9999","-9999","-9999","-9999","-9999","<5","-9999","-9999","-9999","-9999","-9999","-9999","-9999","-9999","-9999","-9999",">2000","-9999","-9999","-9999","-9999","<5","-9999","-9999","-9999","-9999","-9999","-9999","-9999","-9999","-9999","-9999","-9999","-9999","-9999","-9999","-9999","-9999","-9999","-9999","-9999","-9999","-9999","-9999","-9999","-9999","-9999","-9999","-9999","-9999","-9999","-9999","-9999","-9999","-9999","-9999","-9999","-9999","-9999","-9999","-9999","-9999","-9999","-9999","-9999","-9999","-9999","-9999","-9999","-9999","-9999","-9999","-9999","-9999","-9999","-9999","-9999","-9999","-9999","-9999","-9999","-9999","-9999","-9999","-9999","-9999","-9999","-9999","-9999","-9999","-9999","-9999","-9999","-9999","19","-9999","-9999","-9999","-9999","-9999","-9999","-9999","-9999","-9999","-9999","-9999","-9999","-9999","-9999","-9999","919","-9999","-9999","-9999","-9999","-9999","-9999","-9999","-9999","-9999","-9999","-9999","11","-9999","-9999","-9999","-9999","-9999","-9999","-9999","-9999","-9999","-9999","-9999","-9999","-9999","-9999","-9999","-9999","-9999","-9999","-9999","-9999","-9999","-9999","-9999","-9999","-9999","-9999","-9999","-9999","-9999","-9999","-9999","-9999","-9999","-9999","-9999","-9999","-9999","-9999","-9999","-9999","-9999","-9999","-9999","-9999","<5","-9999","8","-9999","-9999","-9999","-9999","-9999","-9999","-9999","-9999","-9999","-9999","-9999","-9999","-9999","-9999","-9999","-9999","-9999","-9999","-9999","<5","-9999","-9999","-9999","-9999","-9999","-9999","-9999","-9999","-9999","-9999","-9999","-9999","-9999","-9999","-9999","-9999","-9999","-9999","-9999","-9999","-9999","-9999","-9999","-9999","13","-9999","-9999","-9999","-9999","-9999","-9999","-9999","-9999","-9999","69","-9999","-9999","Purple Rock Inc.","Alberta Geological Survey"
"72765","MAR_20020002-00042-5841-ICP-20.0ppm-2001-11-16-Bondar-Clegg & Company Ltd.-N/A-N/A-","MAR_20020002","42","200134-008","5841","70.58","71.2","-9999","2001-11-16","2001-10-10","Bondar-Clegg & Company Ltd.","BOND-UNSP","Unspecified","20.0ppm","Submitted sample","ICP","-9999","-9999","-9999","-9999","-9999","-9999","-9999","-9999","-9999","-9999","-9999","-9999","-9999","-9999","-9999","-9999","-9999","-9999","-9999","-9999","-9999","-9999","-9999","-9999","-9999","-9999","-9999","-9999","-9999","-9999","-9999","-9999","-9999","-9999","-9999","-9999","-9999","-9999","-9999","-9999","-9999","-9999","-9999","-9999","-9999","-9999","-9999","-9999","-9999","-9999","-9999","-9999","-9999","-9999","-9999","-9999","-9999","-9999","-9999","-9999","-9999","-9999","-9999","-9999","-9999","-9999","-9999","-9999","-9999","-9999","-9999","-9999","-9999","-9999","-9999","-9999","-9999","-9999","-9999","-9999","-9999","-9999","-9999","-9999","-9999","-9999","-9999","-9999","-9999","-9999","-9999","-9999","-9999","-9999","-9999","-9999","-9999","-9999","-9999","-9999","-9999","-9999","-9999","-9999","-9999","-9999","-9999","-9999","-9999","-9999","-9999","-9999","-9999","-9999","-9999","-9999","-9999","-9999","-9999","-9999","-9999","-9999","-9999","-9999","-9999","-9999","-9999","-9999","-9999","-9999","-9999","-9999","-9999","-9999","-9999","-9999","-9999","-9999","-9999","-9999","-9999","-9999","-9999","-9999","-9999","-9999","-9999","-9999","-9999","-9999","-9999","-9999","-9999","-9999","-9999","-9999","-9999","-9999","-9999","-9999","-9999","-9999","-9999","-9999","-9999","-9999","-9999","-9999","-9999","-9999","-9999","-9999","-9999","-9999","-9999","-9999","-9999","-9999","-9999","-9999","-9999","-9999","-9999","-9999","-9999","-9999","-9999","<20","-9999","-9999","-9999","-9999","-9999","-9999","-9999","-9999","-9999","-9999","-9999","-9999","-9999","-9999","-9999","-9999","-9999","-9999","-9999","-9999","-9999","-9999","-9999","-9999","-9999","-9999","-9999","-9999","-9999","-9999","-9999","<20","-9999","-9999","-9999","-9999","-9999","-9999","-9999","-9999","-9999","-9999","-9999","-9999","-9999","-9999","Purple Rock Inc.","Alberta Geological Survey"
"72910","MAR_20020002-00043-5843-ICP-10.0pct-2001-11-16-Bondar-Clegg & Company Ltd.-N/A-N/A-","MAR_20020002","43","200134-008","5843","72.45","73.3","-9999","2001-11-16","2001-10-10","Bondar-Clegg & Company Ltd.","BOND-UNSP","Unspecified","10.0pct","Submitted sample","ICP","-9999","-9999","-9999","-9999","-9999","-9999","-9999","-9999","-9999","-9999","-9999","-9999","-9999","-9999","-9999","-9999","-9999","-9999","-9999","-9999","-9999","-9999","-9999","-9999","-9999","-9999","-9999","-9999","-9999","-9999","-9999","-9999","-9999","17.1","-9999","-9999","-9999","-9999","-9999","-9999","-9999","-9999","-9999","-9999","-9999","-9999","-9999","-9999","-9999","-9999","-9999","-9999","-9999","-9999","-9999","-9999","-9999","-9999","-9999","-9999","-9999","-9999","-9999","-9999","-9999","-9999","-9999","-9999","-9999","-9999","-9999","-9999","-9999","-9999","-9999","-9999","-9999","-9999","-9999","-9999","-9999","-9999","-9999","-9999","-9999","-9999","-9999","-9999","-9999","-9999","-9999","-9999","-9999","-9999","-9999","-9999","-9999","-9999","-9999","-9999","-9999","-9999","-9999","-9999","-9999","-9999","-9999","-9999","-9999","-9999","-9999","-9999","-9999","-9999","-9999","-9999","-9999","-9999","-9999","-9999","-9999","-9999","-9999","-9999","-9999","-9999","-9999","-9999","-9999","-9999","-9999","-9999","-9999","-9999","-9999","-9999","-9999","-9999","-9999","-9999","-9999","-9999","-9999","-9999","-9999","-9999","-9999","-9999","-9999","-9999","-9999","-9999","-9999","-9999","-9999","-9999","-9999","-9999","-9999","-9999","-9999","-9999","-9999","-9999","-9999","-9999","-9999","-9999","-9999","-9999","-9999","-9999","-9999","-9999","-9999","-9999","-9999","-9999","-9999","-9999","-9999","-9999","-9999","-9999","-9999","-9999","-9999","-9999","-9999","-9999","-9999","-9999","-9999","-9999","-9999","-9999","-9999","-9999","-9999","-9999","-9999","-9999","-9999","-9999","-9999","-9999","-9999","-9999","-9999","-9999","-9999","-9999","-9999","-9999","-9999","-9999","-9999","-9999","-9999","-9999","-9999","-9999","-9999","-9999","-9999","-9999","-9999","-9999","-9999","-9999","-9999","-9999","-9999","-9999","Purple Rock Inc.","Alberta Geological Survey"
"72911","MAR_20020002-00043-5843-ICP-0.5ppm-2001-11-16-Bondar-Clegg & Company Ltd.-N/A-N/A-","MAR_20020002","43","200134-008","5843","72.45","73.3","-9999","2001-11-16","2001-10-10","Bondar-Clegg & Company Ltd.","BOND-UNSP","Unspecified","0.5ppm","Submitted sample","ICP","-9999","-9999","-9999","-9999","-9999","<0.5","-9999","-9999","-9999","-9999","-9999","-9999","-9999","-9999","-9999","-9999","-9999","-9999","-9999","-9999","-9999","-9999","-9999","-9999","-9999","-9999","-9999","-9999","-9999","-9999","-9999","-9999","-9999","-9999","-9999","-9999","-9999","-9999","-9999","-9999","-9999","-9999","-9999","-9999","-9999","-9999","-9999","-9999","-9999","-9999","-9999","-9999","-9999","-9999","-9999","-9999","-9999","-9999","-9999","-9999","-9999","-9999","-9999","-9999","-9999","-9999","-9999","-9999","-9999","-9999","-9999","-9999","-9999","-9999","-9999","-9999","-9999","-9999","-9999","-9999","-9999","-9999","-9999","-9999","-9999","-9999","-9999","-9999","-9999","-9999","-9999","-9999","-9999","-9999","-9999","-9999","-9999","-9999","-9999","-9999","-9999","-9999","-9999","-9999","-9999","-9999","-9999","-9999","-9999","-9999","-9999","-9999","-9999","-9999","-9999","-9999","-9999","-9999","-9999","-9999","-9999","-9999","-9999","-9999","-9999","-9999","-9999","-9999","-9999","-9999","-9999","-9999","-9999","-9999","-9999","-9999","-9999","-9999","-9999","-9999","-9999","-9999","-9999","-9999","-9999","-9999","-9999","-9999","-9999","-9999","-9999","-9999","-9999","-9999","-9999","-9999","-9999","-9999","-9999","-9999","-9999","-9999","-9999","-9999","-9999","-9999","-9999","-9999","-9999","-9999","-9999","-9999","-9999","-9999","-9999","-9999","-9999","-9999","-9999","-9999","-9999","-9999","-9999","-9999","-9999","-9999","-9999","-9999","-9999","-9999","-9999","-9999","-9999","-9999","-9999","-9999","-9999","-9999","-9999","-9999","-9999","-9999","-9999","-9999","-9999","-9999","-9999","-9999","-9999","-9999","-9999","-9999","-9999","-9999","-9999","-9999","-9999","-9999","-9999","-9999","-9999","-9999","-9999","-9999","-9999","-9999","-9999","-9999","-9999","-9999","-9999","-9999","-9999","-9999","Purple Rock Inc.","Alberta Geological Survey"
"72912","MAR_20020002-00043-5843-ICP-5.0ppm-2001-11-16-Bondar-Clegg & Company Ltd.-N/A-N/A-","MAR_20020002","43","200134-008","5843","72.45","73.3","-9999","2001-11-16","2001-10-10","Bondar-Clegg & Company Ltd.","BOND-UNSP","Unspecified","5.0ppm","Submitted sample","ICP","-9999","-9999","-9999","-9999","-9999","-9999","-9999","-9999","-9999","-9999","-9999","-9999","<5","-9999","-9999","-9999","-9999","-9999","-9999","-9999","-9999","-9999","-9999","535","-9999","-9999","-9999","-9999","<5","-9999","-9999","-9999","-9999","-9999","-9999","-9999","-9999","-9999","-9999","-9999","-9999","-9999","-9999","-9999","-9999","-9999","-9999","-9999","-9999","-9999","-9999","-9999","-9999","-9999","-9999","-9999","-9999","-9999","-9999","-9999","-9999","-9999","-9999","-9999","-9999","-9999","-9999","-9999","-9999","-9999","-9999","-9999","-9999","-9999","-9999","-9999","-9999","-9999","-9999","-9999","-9999","-9999","-9999","-9999","-9999","-9999","-9999","-9999","-9999","-9999","-9999","-9999","-9999","-9999","-9999","-9999","-9999","-9999","-9999","-9999","-9999","17","-9999","-9999","-9999","-9999","-9999","-9999","-9999","-9999","-9999","-9999","-9999","-9999","-9999","-9999","-9999","778","-9999","-9999","-9999","-9999","-9999","-9999","-9999","-9999","-9999","-9999","-9999","10","-9999","-9999","-9999","-9999","-9999","-9999","-9999","-9999","-9999","-9999","-9999","-9999","-9999","-9999","-9999","-9999","-9999","-9999","-9999","-9999","-9999","-9999","-9999","-9999","-9999","-9999","-9999","-9999","-9999","-9999","-9999","-9999","-9999","-9999","-9999","-9999","-9999","-9999","-9999","-9999","-9999","-9999","-9999","-9999","<5","-9999","6","-9999","-9999","-9999","-9999","-9999","-9999","-9999","-9999","-9999","-9999","-9999","-9999","-9999","-9999","-9999","-9999","-9999","-9999","-9999","<5","-9999","-9999","-9999","-9999","-9999","-9999","-9999","-9999","-9999","-9999","-9999","-9999","-9999","-9999","-9999","-9999","-9999","-9999","-9999","-9999","-9999","-9999","-9999","-9999","13","-9999","-9999","-9999","-9999","-9999","-9999","-9999","-9999","-9999","60","-9999","-9999","Purple Rock Inc.","Alberta Geological Survey"
"72913","MAR_20020002-00043-5843-ICP-2.0ppm-2001-11-16-Bondar-Clegg & Company Ltd.-N/A-N/A-","MAR_20020002","43","200134-008","5843","72.45","73.3","-9999","2001-11-16","2001-10-10","Bondar-Clegg & Company Ltd.","BOND-UNSP","Unspecified","2.0ppm","Submitted sample","ICP","-9999","-9999","-9999","-9999","-9999","-9999","-9999","-9999","-9999","-9999","-9999","-9999","-9999","-9999","-9999","-9999","-9999","-9999","-9999","-9999","-9999","-9999","-9999","-9999","-9999","-9999","-9999","-9999","-9999","-9999","-9999","-9999","-9999","-9999","-9999","-9999","-9999","-9999","-9999","-9999","-9999","-9999","-9999","-9999","-9999","-9999","-9999","-9999","-9999","-9999","-9999","-9999","-9999","48","-9999","-9999","-9999","-9999","-9999","-9999","-9999","-9999","-9999","-9999","-9999","-9999","-9999","-9999","-9999","-9999","-9999","-9999","-9999","-9999","-9999","-9999","-9999","-9999","-9999","-9999","-9999","-9999","-9999","-9999","-9999","-9999","-9999","-9999","-9999","-9999","-9999","-9999","-9999","-9999","-9999","-9999","-9999","-9999","-9999","-9999","-9999","-9999","-9999","25","-9999","-9999","-9999","-9999","-9999","-9999","-9999","-9999","-9999","-9999","-9999","-9999","-9999","-9999","-9999","-9999","-9999","-9999","-9999","-9999","-9999","-9999","-9999","-9999","-9999","-9999","-9999","-9999","-9999","-9999","-9999","-9999","-9999","-9999","-9999","-9999","-9999","-9999","-9999","-9999","-9999","6","-9999","-9999","-9999","-9999","-9999","-9999","-9999","-9999","-9999","-9999","-9999","-9999","-9999","-9999","-9999","-9999","-9999","-9999","-9999","-9999","-9999","-9999","-9999","-9999","-9999","-9999","-9999","-9999","-9999","-9999","-9999","-9999","-9999","-9999","-9999","-9999","-9999","-9999","-9999","-9999","-9999","-9999","-9999","-9999","-9999","-9999","-9999","-9999","-9999","-9999","-9999","-9999","-9999","-9999","-9999","-9999","-9999","-9999","-9999","-9999","-9999","-9999","-9999","-9999","-9999","-9999","-9999","-9999","-9999","-9999","51","-9999","-9999","-9999","-9999","-9999","-9999","-9999","-9999","-9999","-9999","36","-9999","-9999","-9999","-9999","-9999","-9999","Purple Rock Inc.","Alberta Geological Survey"
"72914","MAR_20020002-00043-5843-ICP-0.01pct-2001-11-16-Bondar-Clegg & Company Ltd.-N/A-N/A-","MAR_20020002","43","200134-008","5843","72.45","73.3","-9999","2001-11-16","2001-10-10","Bondar-Clegg & Company Ltd.","BOND-UNSP","Unspecified","0.01pct","Submitted sample","ICP","-9999","-9999","-9999","-9999","-9999","-9999","-9999","-9999","3.89","-9999","-9999","-9999","-9999","-9999","-9999","-9999","-9999","-9999","-9999","-9999","-9999","-9999","-9999","-9999","-9999","-9999","-9999","-9999","-9999","-9999","-9999","-9999","-9999","-9999",">10.00","-9999","-9999","-9999","-9999","-9999","-9999","-9999","-9999","-9999","-9999","-9999","-9999","-9999","-9999","-9999","-9999","-9999","-9999","-9999","-9999","-9999","-9999","-9999","-9999","-9999","-9999","-9999","-9999","-9999","-9999","-9999","-9999","-9999","-9999","-9999","-9999","-9999","2.68","-9999","-9999","-9999","-9999","-9999","-9999","-9999","-9999","-9999","-9999","-9999","-9999","-9999","-9999","-9999","-9999","-9999","-9999","-9999","-9999","1.5","-9999","-9999","-9999","-9999","-9999","-9999","-9999","-9999","-9999","-9999","-9999","-9999","-9999","-9999","-9999","1.60","-9999","-9999","-9999","-9999","-9999","-9999","-9999","-9999","-9999","-9999","-9999","-9999","-9999","-9999","0.08","-9999","-9999","-9999","-9999","-9999","-9999","-9999","-9999","-9999","-9999","-9999","-9999","-9999","-9999","-9999","-9999","-9999","-9999","-9999","-9999","-9999","-9999","-9999","-9999","-9999","-9999","-9999","-9999","-9999","-9999","-9999","-9999","-9999","-9999","-9999","-9999","-9999","-9999","-9999","-9999","-9999","-9999","-9999","-9999","-9999","-9999","-9999","-9999","-9999","-9999","-9999","-9999","-9999","-9999","-9999","-9999","-9999","-9999","-9999","-9999","-9999","-9999","-9999","-9999","-9999","-9999","-9999","-9999","-9999","-9999","-9999","-9999","-9999","-9999","-9999","-9999","-9999","-9999","-9999","0.23","-9999","-9999","-9999","-9999","-9999","-9999","-9999","-9999","-9999","-9999","-9999","-9999","-9999","-9999","-9999","-9999","-9999","-9999","-9999","-9999","-9999","-9999","-9999","-9999","-9999","-9999","-9999","-9999","-9999","Purple Rock Inc.","Alberta Geological Survey"
"72915","MAR_20020002-00043-5843-ICP-1.0ppm-2001-11-16-Bondar-Clegg & Company Ltd.-N/A-N/A-","MAR_20020002","43","200134-008","5843","72.45","73.3","-9999","2001-11-16","2001-10-10","Bondar-Clegg & Company Ltd.","BOND-UNSP","Unspecified","1.0ppm","Submitted sample","ICP","-9999","-9999","-9999","-9999","-9999","-9999","-9999","-9999","-9999","-9999","-9999","-9999","-9999","-9999","-9999","-9999","-9999","-9999","-9999","-9999","-9999","-9999","-9999","-9999","-9999","-9999","-9999","-9999","-9999","-9999","-9999","-9999","-9999","-9999","-9999","-9999","-9999","-9999","-9999","-9999","-9999","-9999","<1.0","-9999","-9999","-9999","-9999","-9999","-9999","15","-9999","-9999","-9999","-9999","-9999","-9999","-9999","8","-9999","-9999","-9999","-9999","-9999","-9999","-9999","-9999","-9999","-9999","-9999","-9999","-9999","-9999","-9999","-9999","-9999","-9999","-9999","-9999","-9999","-9999","-9999","-9999","-9999","-9999","-9999","-9999","-9999","-9999","-9999","-9999","-9999","-9999","-9999","-9999","-9999","-9999","-9999","-9999","-9999","-9999","-9999","-9999","-9999","-9999","-9999","-9999","-9999","-9999","-9999","-9999","-9999","-9999","-9999","-9999","-9999","-9999","-9999","-9999","-9999","-9999","-9999","6","-9999","-9999","-9999","-9999","-9999","-9999","-9999","-9999","-9999","-9999","-9999","-9999","25","-9999","-9999","-9999","-9999","-9999","-9999","-9999","-9999","-9999","-9999","-9999","-9999","-9999","-9999","-9999","-9999","-9999","-9999","-9999","-9999","-9999","-9999","-9999","-9999","-9999","-9999","-9999","-9999","-9999","-9999","-9999","-9999","-9999","-9999","-9999","-9999","-9999","-9999","-9999","-9999","-9999","-9999","-9999","-9999","-9999","-9999","-9999","-9999","-9999","-9999","-9999","-9999","-9999","-9999","-9999","-9999","-9999","283","-9999","-9999","-9999","-9999","-9999","-9999","-9999","-9999","-9999","-9999","-9999","-9999","-9999","-9999","-9999","-9999","-9999","-9999","-9999","-9999","-9999","-9999","-9999","-9999","-9999","-9999","-9999","-9999","-9999","-9999","-9999","-9999","-9999","-9999","-9999","-9999","-9999","-9999","-9999","-9999","-9999","Purple Rock Inc.","Alberta Geological Survey"
"72916","MAR_20020002-00043-5843-ICP-0.002pct-2001-11-16-Bondar-Clegg & Company Ltd.-N/A-N/A-","MAR_20020002","43","200134-008","5843","72.45","73.3","-9999","2001-11-16","2001-10-10","Bondar-Clegg & Company Ltd.","BOND-UNSP","Unspecified","0.002pct","Submitted sample","ICP","-9999","-9999","-9999","-9999","-9999","-9999","-9999","-9999","-9999","-9999","-9999","-9999","-9999","-9999","-9999","-9999","-9999","-9999","-9999","-9999","-9999","-9999","-9999","-9999","-9999","-9999","-9999","-9999","-9999","-9999","-9999","-9999","-9999","-9999","-9999","-9999","-9999","-9999","-9999","-9999","-9999","-9999","-9999","-9999","-9999","-9999","-9999","-9999","-9999","-9999","-9999","-9999","-9999","-9999","-9999","-9999","-9999","-9999","-9999","-9999","-9999","-9999","-9999","-9999","-9999","-9999","-9999","-9999","-9999","-9999","-9999","-9999","-9999","-9999","-9999","-9999","-9999","-9999","-9999","-9999","-9999","-9999","-9999","-9999","-9999","-9999","-9999","-9999","-9999","-9999","-9999","-9999","-9999","-9999","-9999","-9999","-9999","-9999","-9999","-9999","-9999","-9999","-9999","-9999","-9999","-9999","-9999","-9999","-9999","-9999","-9999","-9999","-9999","-9999","-9999","-9999","-9999","-9999","-9999","-9999","-9999","-9999","-9999","-9999","-9999","-9999","-9999","-9999","-9999","-9999","-9999","-9999","-9999","-9999","-9999","-9999","-9999","-9999","-9999","-9999","-9999","-9999","-9999","-9999","-9999","-9999","-9999","-9999","-9999","-9999","-9999","-9999","-9999","-9999","-9999","-9999","-9999","-9999","-9999","-9999","-9999","-9999","-9999","-9999","-9999","-9999","-9999","-9999","-9999","-9999","-9999","1.191","-9999","-9999","-9999","-9999","-9999","-9999","-9999","-9999","-9999","-9999","-9999","-9999","-9999","-9999","-9999","-9999","-9999","-9999","-9999","-9999","-9999","-9999","-9999","-9999","-9999","-9999","-9999","-9999","-9999","-9999","-9999","-9999","-9999","-9999","-9999","-9999","-9999","-9999","-9999","-9999","-9999","-9999","-9999","-9999","-9999","-9999","-9999","-9999","-9999","-9999","-9999","-9999","-9999","-9999","-9999","-9999","-9999","-9999","-9999","-9999","-9999","-9999","Purple Rock Inc.","Alberta Geological Survey"
"72917","MAR_20020002-00043-5843-ICP-20.0ppm-2001-11-16-Bondar-Clegg & Company Ltd.-N/A-N/A-","MAR_20020002","43","200134-008","5843","72.45","73.3","-9999","2001-11-16","2001-10-10","Bondar-Clegg & Company Ltd.","BOND-UNSP","Unspecified","20.0ppm","Submitted sample","ICP","-9999","-9999","-9999","-9999","-9999","-9999","-9999","-9999","-9999","-9999","-9999","-9999","-9999","-9999","-9999","-9999","-9999","-9999","-9999","-9999","-9999","-9999","-9999","-9999","-9999","-9999","-9999","-9999","-9999","-9999","-9999","-9999","-9999","-9999","-9999","-9999","-9999","-9999","-9999","-9999","-9999","-9999","-9999","-9999","-9999","-9999","-9999","-9999","-9999","-9999","-9999","-9999","-9999","-9999","-9999","-9999","-9999","-9999","-9999","-9999","-9999","-9999","-9999","-9999","-9999","-9999","-9999","-9999","-9999","-9999","-9999","-9999","-9999","-9999","-9999","-9999","-9999","-9999","-9999","-9999","-9999","-9999","-9999","-9999","-9999","-9999","-9999","-9999","-9999","-9999","-9999","-9999","-9999","-9999","-9999","-9999","-9999","-9999","-9999","-9999","-9999","-9999","-9999","-9999","-9999","-9999","-9999","-9999","-9999","-9999","-9999","-9999","-9999","-9999","-9999","-9999","-9999","-9999","-9999","-9999","-9999","-9999","-9999","-9999","-9999","-9999","-9999","-9999","-9999","-9999","-9999","-9999","-9999","-9999","-9999","-9999","-9999","-9999","-9999","-9999","-9999","-9999","-9999","-9999","-9999","-9999","-9999","-9999","-9999","-9999","-9999","-9999","-9999","-9999","-9999","-9999","-9999","-9999","-9999","-9999","-9999","-9999","-9999","-9999","-9999","-9999","-9999","-9999","-9999","-9999","-9999","-9999","-9999","-9999","-9999","-9999","-9999","-9999","-9999","-9999","-9999","-9999","-9999","-9999","-9999","-9999","-9999","<20","-9999","-9999","-9999","-9999","-9999","-9999","-9999","-9999","-9999","-9999","-9999","-9999","-9999","-9999","-9999","-9999","-9999","-9999","-9999","-9999","-9999","-9999","-9999","-9999","-9999","-9999","-9999","-9999","-9999","-9999","-9999","<20","-9999","-9999","-9999","-9999","-9999","-9999","-9999","-9999","-9999","-9999","-9999","-9999","-9999","-9999","Purple Rock Inc.","Alberta Geological Survey"
"72918","MAR_20020002-00043-5843-ICP-10.0ppm-2001-11-16-Bondar-Clegg & Company Ltd.-N/A-N/A-","MAR_20020002","43","200134-008","5843","72.45","73.3","-9999","2001-11-16","2001-10-10","Bondar-Clegg & Company Ltd.","BOND-UNSP","Unspecified","10.0ppm","Submitted sample","ICP","-9999","-9999","-9999","-9999","-9999","-9999","-9999","-9999","-9999","-9999","-9999","-9999","-9999","-9999","-9999","-9999","-9999","-9999","-9999","-9999","-9999","-9999","-9999","-9999","-9999","-9999","-9999","-9999","-9999","-9999","-9999","-9999","-9999","-9999","-9999","-9999","-9999","-9999","-9999","-9999","-9999","-9999","-9999","-9999","-9999","-9999","-9999","-9999","-9999","-9999","-9999","-9999","-9999","-9999","-9999","-9999","-9999","-9999","-9999","-9999","-9999","-9999","-9999","-9999","-9999","-9999","-9999","-9999","-9999","-9999","-9999","-9999","-9999","-9999","-9999","-9999","<10","-9999","-9999","-9999","-9999","-9999","-9999","-9999","-9999","-9999","-9999","-9999","-9999","-9999","-9999","-9999","-9999","-9999","-9999","-9999","-9999","-9999","-9999","-9999","-9999","-9999","-9999","-9999","-9999","-9999","-9999","-9999","-9999","-9999","-9999","-9999","-9999","-9999","-9999","-9999","-9999","-9999","-9999","-9999","-9999","-9999","-9999","-9999","-9999","-9999","-9999","-9999","-9999","-9999","-9999","-9999","-9999","-9999","-9999","-9999","-9999","-9999","-9999","-9999","-9999","-9999","-9999","-9999","-9999","-9999","-9999","-9999","-9999","-9999","-9999","-9999","-9999","-9999","-9999","-9999","-9999","-9999","-9999","-9999","-9999","-9999","-9999","-9999","-9999","-9999","-9999","-9999","-9999","-9999","-9999","-9999","-9999","-9999","-9999","-9999","-9999","-9999","-9999","-9999","-9999","-9999","-9999","-9999","-9999","-9999","-9999","-9999","-9999","-9999","-9999","-9999","-9999","-9999","-9999","-9999","-9999","-9999","-9999","-9999","-9999","-9999","-9999","-9999","-9999","-9999","-9999","-9999","-9999","-9999","-9999","-9999","-9999","-9999","-9999","-9999","-9999","-9999","-9999","-9999","-9999","-9999","-9999","-9999","-9999","-9999","-9999","-9999","-9999","-9999","-9999","-9999","-9999","-9999","Purple Rock Inc.","Alberta Geological Survey"
"72919","MAR_20020002-00043-5843-ICP-25.0ppm-2001-11-16-Bondar-Clegg & Company Ltd.-N/A-N/A-","MAR_20020002","43","200134-008","5843","72.45","73.3","-9999","2001-11-16","2001-10-10","Bondar-Clegg & Company Ltd.","BOND-UNSP","Unspecified","25.0ppm","Submitted sample","ICP","-9999","-9999","-9999","-9999","-9999","-9999","-9999","-9999","-9999","-9999","-9999","-9999","-9999","-9999","-9999","-9999","-9999","-9999","-9999","-9999","-9999","-9999","-9999","-9999","-9999","-9999","-9999","-9999","-9999","-9999","-9999","-9999","-9999","-9999","-9999","-9999","-9999","-9999","-9999","-9999","-9999","-9999","-9999","-9999","-9999","-9999","-9999","-9999","-9999","-9999","-9999","-9999","-9999","-9999","-9999","-9999","-9999","-9999","-9999","-9999","-9999","-9999","-9999","-9999","-9999","-9999","-9999","-9999","-9999","-9999","-9999","-9999","-9999","-9999","-9999","-9999","-9999","-9999","-9999","-9999","-9999","-9999","-9999","-9999","-9999","-9999","-9999","-9999","-9999","-9999","-9999","-9999","-9999","-9999","-9999","-9999","-9999","-9999","-9999","-9999","-9999","-9999","-9999","-9999","-9999","-9999","-9999","-9999","-9999","-9999","-9999","-9999","-9999","-9999","-9999","-9999","-9999","-9999","-9999","-9999","-9999","-9999","-9999","-9999","-9999","-9999","-9999","-9999","-9999","-9999","-9999","-9999","-9999","-9999","-9999","-9999","-9999","-9999","-9999","-9999","-9999","-9999","-9999","-9999","-9999","-9999","-9999","-9999","-9999","-9999","-9999","-9999","-9999","-9999","-9999","-9999","-9999","-9999","-9999","-9999","-9999","-9999","-9999","-9999","-9999","-9999","-9999","-9999","-9999","-9999","-9999","-9999","-9999","-9999","-9999","-9999","-9999","-9999","-9999","-9999","-9999","-9999","-9999","-9999","-9999","-9999","-9999","-9999","-9999","-9999","-9999","-9999","-9999","-9999","-9999","-9999","-9999","-9999","-9999","-9999","-9999","<25","-9999","-9999","-9999","-9999","-9999","-9999","-9999","-9999","-9999","-9999","-9999","-9999","-9999","-9999","-9999","-9999","-9999","-9999","-9999","-9999","-9999","-9999","-9999","-9999","-9999","-9999","-9999","-9999","-9999","-9999","-9999","-9999","Purple Rock Inc.","Alberta Geological Survey"
"75570","MAR_20020002-00084-5691-ICP-10.0ppm-2001-11-21-Bondar-Clegg & Company Ltd.-N/A-N/A-","MAR_20020002","84","200110-128","5691","154.2","155.37","-9999","2001-11-21","2001-09-28","Bondar-Clegg & Company Ltd.","BOND-UNSP","Unspecified","10.0ppm","Submitted sample","ICP","-9999","-9999","-9999","-9999","-9999","-9999","-9999","-9999","-9999","-9999","-9999","-9999","-9999","-9999","-9999","-9999","-9999","-9999","-9999","-9999","-9999","-9999","-9999","-9999","-9999","-9999","-9999","-9999","-9999","-9999","-9999","-9999","-9999","-9999","-9999","-9999","-9999","-9999","-9999","-9999","-9999","-9999","-9999","-9999","-9999","-9999","-9999","-9999","-9999","-9999","-9999","-9999","-9999","-9999","-9999","-9999","-9999","-9999","-9999","-9999","-9999","-9999","-9999","-9999","-9999","-9999","-9999","-9999","-9999","-9999","-9999","-9999","-9999","-9999","-9999","-9999","<10","-9999","-9999","-9999","-9999","-9999","-9999","-9999","-9999","-9999","-9999","-9999","-9999","-9999","-9999","-9999","-9999","-9999","-9999","-9999","-9999","-9999","-9999","-9999","-9999","-9999","-9999","-9999","-9999","-9999","-9999","-9999","-9999","-9999","-9999","-9999","-9999","-9999","-9999","-9999","-9999","-9999","-9999","-9999","-9999","-9999","-9999","-9999","-9999","-9999","-9999","-9999","-9999","-9999","-9999","-9999","-9999","-9999","-9999","-9999","-9999","-9999","-9999","-9999","-9999","-9999","-9999","-9999","-9999","-9999","-9999","-9999","-9999","-9999","-9999","-9999","-9999","-9999","-9999","-9999","-9999","-9999","-9999","-9999","-9999","-9999","-9999","-9999","-9999","-9999","-9999","-9999","-9999","-9999","-9999","-9999","-9999","-9999","-9999","-9999","-9999","-9999","-9999","-9999","-9999","-9999","-9999","-9999","-9999","-9999","-9999","-9999","-9999","-9999","-9999","-9999","-9999","-9999","-9999","-9999","-9999","-9999","-9999","-9999","-9999","-9999","-9999","-9999","-9999","-9999","-9999","-9999","-9999","-9999","-9999","-9999","-9999","-9999","-9999","-9999","-9999","-9999","-9999","-9999","-9999","-9999","-9999","-9999","-9999","-9999","-9999","-9999","-9999","-9999","-9999","-9999","-9999","-9999","Purple Rock Inc.","Alberta Geological Survey"
"75571","MAR_20020002-00084-5691-ICP-20.0ppm-2001-11-21-Bondar-Clegg & Company Ltd.-N/A-N/A-","MAR_20020002","84","200110-128","5691","154.2","155.37","-9999","2001-11-21","2001-09-28","Bondar-Clegg & Company Ltd.","BOND-UNSP","Unspecified","20.0ppm","Submitted sample","ICP","-9999","-9999","-9999","-9999","-9999","-9999","-9999","-9999","-9999","-9999","-9999","-9999","-9999","-9999","-9999","-9999","-9999","-9999","-9999","-9999","-9999","-9999","-9999","-9999","-9999","-9999","-9999","-9999","-9999","-9999","-9999","-9999","-9999","-9999","-9999","-9999","-9999","-9999","-9999","-9999","-9999","-9999","-9999","-9999","-9999","-9999","-9999","-9999","-9999","-9999","-9999","-9999","-9999","-9999","-9999","-9999","-9999","-9999","-9999","-9999","-9999","-9999","-9999","-9999","-9999","-9999","-9999","-9999","-9999","-9999","-9999","-9999","-9999","-9999","-9999","-9999","-9999","-9999","-9999","-9999","-9999","-9999","-9999","-9999","-9999","-9999","-9999","-9999","-9999","-9999","-9999","-9999","-9999","-9999","-9999","-9999","-9999","-9999","-9999","-9999","-9999","-9999","-9999","-9999","-9999","-9999","-9999","-9999","-9999","-9999","-9999","-9999","-9999","-9999","-9999","-9999","-9999","-9999","-9999","-9999","-9999","-9999","-9999","-9999","-9999","-9999","-9999","-9999","-9999","-9999","-9999","-9999","-9999","-9999","-9999","-9999","-9999","-9999","-9999","-9999","-9999","-9999","-9999","-9999","-9999","-9999","-9999","-9999","-9999","-9999","-9999","-9999","-9999","-9999","-9999","-9999","-9999","-9999","-9999","-9999","-9999","-9999","-9999","-9999","-9999","-9999","-9999","-9999","-9999","-9999","-9999","-9999","-9999","-9999","-9999","-9999","-9999","-9999","-9999","-9999","-9999","-9999","-9999","-9999","-9999","-9999","-9999","<20","-9999","-9999","-9999","-9999","-9999","-9999","-9999","-9999","-9999","-9999","-9999","-9999","-9999","-9999","-9999","-9999","-9999","-9999","-9999","-9999","-9999","-9999","-9999","-9999","-9999","-9999","-9999","-9999","-9999","-9999","-9999","<20","-9999","-9999","-9999","-9999","-9999","-9999","-9999","-9999","-9999","-9999","-9999","-9999","-9999","-9999","Purple Rock Inc.","Alberta Geological Survey"
"75572","MAR_20020002-00084-5691-ICP-1.0ppm-2001-11-21-Bondar-Clegg & Company Ltd.-N/A-N/A-","MAR_20020002","84","200110-128","5691","154.2","155.37","-9999","2001-11-21","2001-09-28","Bondar-Clegg & Company Ltd.","BOND-UNSP","Unspecified","1.0ppm","Submitted sample","ICP","-9999","-9999","-9999","-9999","-9999","-9999","-9999","-9999","-9999","-9999","-9999","-9999","-9999","-9999","-9999","-9999","-9999","-9999","-9999","-9999","-9999","-9999","-9999","-9999","-9999","-9999","-9999","-9999","-9999","-9999","-9999","-9999","-9999","-9999","-9999","-9999","-9999","-9999","-9999","-9999","-9999","-9999","<1.0","-9999","-9999","-9999","-9999","-9999","-9999","26","-9999","-9999","-9999","-9999","-9999","-9999","-9999","19","-9999","-9999","-9999","-9999","-9999","-9999","-9999","-9999","-9999","-9999","-9999","-9999","-9999","-9999","-9999","-9999","-9999","-9999","-9999","-9999","-9999","-9999","-9999","-9999","-9999","-9999","-9999","-9999","-9999","-9999","-9999","-9999","-9999","-9999","-9999","-9999","-9999","-9999","-9999","-9999","-9999","-9999","-9999","-9999","-9999","-9999","-9999","-9999","-9999","-9999","-9999","-9999","-9999","-9999","-9999","-9999","-9999","-9999","-9999","-9999","-9999","-9999","-9999","<1","-9999","-9999","-9999","-9999","-9999","-9999","-9999","-9999","-9999","-9999","-9999","-9999","44","-9999","-9999","-9999","-9999","-9999","-9999","-9999","-9999","-9999","-9999","-9999","-9999","-9999","-9999","-9999","-9999","-9999","-9999","-9999","-9999","-9999","-9999","-9999","-9999","-9999","-9999","-9999","-9999","-9999","-9999","-9999","-9999","-9999","-9999","-9999","-9999","-9999","-9999","-9999","-9999","-9999","-9999","-9999","-9999","-9999","-9999","-9999","-9999","-9999","-9999","-9999","-9999","-9999","-9999","-9999","-9999","-9999","197","-9999","-9999","-9999","-9999","-9999","-9999","-9999","-9999","-9999","-9999","-9999","-9999","-9999","-9999","-9999","-9999","-9999","-9999","-9999","-9999","-9999","-9999","-9999","-9999","-9999","-9999","-9999","-9999","-9999","-9999","-9999","-9999","-9999","-9999","-9999","-9999","-9999","-9999","-9999","-9999","-9999","Purple Rock Inc.","Alberta Geological Survey"
"75573","MAR_20020002-00084-5691-ICP-0.5ppm-2001-11-21-Bondar-Clegg & Company Ltd.-N/A-N/A-","MAR_20020002","84","200110-128","5691","154.2","155.37","-9999","2001-11-21","2001-09-28","Bondar-Clegg & Company Ltd.","BOND-UNSP","Unspecified","0.5ppm","Submitted sample","ICP","-9999","-9999","-9999","-9999","-9999","<0.5","-9999","-9999","-9999","-9999","-9999","-9999","-9999","-9999","-9999","-9999","-9999","-9999","-9999","-9999","-9999","-9999","-9999","-9999","-9999","-9999","-9999","-9999","-9999","-9999","-9999","-9999","-9999","-9999","-9999","-9999","-9999","-9999","-9999","-9999","-9999","-9999","-9999","-9999","-9999","-9999","-9999","-9999","-9999","-9999","-9999","-9999","-9999","-9999","-9999","-9999","-9999","-9999","-9999","-9999","-9999","-9999","-9999","-9999","-9999","-9999","-9999","-9999","-9999","-9999","-9999","-9999","-9999","-9999","-9999","-9999","-9999","-9999","-9999","-9999","-9999","-9999","-9999","-9999","-9999","-9999","-9999","-9999","-9999","-9999","-9999","-9999","-9999","-9999","-9999","-9999","-9999","-9999","-9999","-9999","-9999","-9999","-9999","-9999","-9999","-9999","-9999","-9999","-9999","-9999","-9999","-9999","-9999","-9999","-9999","-9999","-9999","-9999","-9999","-9999","-9999","-9999","-9999","-9999","-9999","-9999","-9999","-9999","-9999","-9999","-9999","-9999","-9999","-9999","-9999","-9999","-9999","-9999","-9999","-9999","-9999","-9999","-9999","-9999","-9999","-9999","-9999","-9999","-9999","-9999","-9999","-9999","-9999","-9999","-9999","-9999","-9999","-9999","-9999","-9999","-9999","-9999","-9999","-9999","-9999","-9999","-9999","-9999","-9999","-9999","-9999","-9999","-9999","-9999","-9999","-9999","-9999","-9999","-9999","-9999","-9999","-9999","-9999","-9999","-9999","-9999","-9999","-9999","-9999","-9999","-9999","-9999","-9999","-9999","-9999","-9999","-9999","-9999","-9999","-9999","-9999","-9999","-9999","-9999","-9999","-9999","-9999","-9999","-9999","-9999","-9999","-9999","-9999","-9999","-9999","-9999","-9999","-9999","-9999","-9999","-9999","-9999","-9999","-9999","-9999","-9999","-9999","-9999","-9999","-9999","-9999","-9999","-9999","-9999","Purple Rock Inc.","Alberta Geological Survey"
"75574","MAR_20020002-00084-5691-ICP-2.0ppm-2001-11-21-Bondar-Clegg & Company Ltd.-N/A-N/A-","MAR_20020002","84","200110-128","5691","154.2","155.37","-9999","2001-11-21","2001-09-28","Bondar-Clegg & Company Ltd.","BOND-UNSP","Unspecified","2.0ppm","Submitted sample","ICP","-9999","-9999","-9999","-9999","-9999","-9999","-9999","-9999","-9999","-9999","-9999","-9999","-9999","-9999","-9999","-9999","-9999","-9999","-9999","-9999","-9999","-9999","-9999","-9999","-9999","-9999","-9999","-9999","-9999","-9999","-9999","-9999","-9999","-9999","-9999","-9999","-9999","-9999","-9999","-9999","-9999","-9999","-9999","-9999","-9999","-9999","-9999","-9999","-9999","-9999","-9999","-9999","-9999","80","-9999","-9999","-9999","-9999","-9999","-9999","-9999","-9999","-9999","-9999","-9999","-9999","-9999","-9999","-9999","-9999","-9999","-9999","-9999","-9999","-9999","-9999","-9999","-9999","-9999","-9999","-9999","-9999","-9999","-9999","-9999","-9999","-9999","-9999","-9999","-9999","-9999","-9999","-9999","-9999","-9999","-9999","-9999","-9999","-9999","-9999","-9999","-9999","-9999","46","-9999","-9999","-9999","-9999","-9999","-9999","-9999","-9999","-9999","-9999","-9999","-9999","-9999","-9999","-9999","-9999","-9999","-9999","-9999","-9999","-9999","-9999","-9999","-9999","-9999","-9999","-9999","-9999","-9999","-9999","-9999","-9999","-9999","-9999","-9999","-9999","-9999","-9999","-9999","-9999","-9999","<2","-9999","-9999","-9999","-9999","-9999","-9999","-9999","-9999","-9999","-9999","-9999","-9999","-9999","-9999","-9999","-9999","-9999","-9999","-9999","-9999","-9999","-9999","-9999","-9999","-9999","-9999","-9999","-9999","-9999","-9999","-9999","-9999","-9999","-9999","-9999","-9999","-9999","-9999","-9999","-9999","-9999","-9999","-9999","-9999","-9999","-9999","-9999","-9999","-9999","-9999","-9999","-9999","-9999","-9999","-9999","-9999","-9999","-9999","-9999","-9999","-9999","-9999","-9999","-9999","-9999","-9999","-9999","-9999","-9999","-9999","101","-9999","-9999","-9999","-9999","-9999","-9999","-9999","-9999","-9999","-9999","87","-9999","-9999","-9999","-9999","-9999","-9999","Purple Rock Inc.","Alberta Geological Survey"
"75575","MAR_20020002-00084-5691-ICP-0.01pct-2001-11-21-Bondar-Clegg & Company Ltd.-N/A-N/A-","MAR_20020002","84","200110-128","5691","154.2","155.37","-9999","2001-11-21","2001-09-28","Bondar-Clegg & Company Ltd.","BOND-UNSP","Unspecified","0.01pct","Submitted sample","ICP","-9999","-9999","-9999","-9999","-9999","-9999","-9999","-9999","7.67","-9999","-9999","-9999","-9999","-9999","-9999","-9999","-9999","-9999","-9999","-9999","-9999","-9999","-9999","-9999","-9999","-9999","-9999","-9999","-9999","-9999","-9999","-9999","-9999","-9999","1.3","-9999","-9999","-9999","-9999","-9999","-9999","-9999","-9999","-9999","-9999","-9999","-9999","-9999","-9999","-9999","-9999","-9999","-9999","-9999","-9999","-9999","-9999","-9999","-9999","-9999","-9999","-9999","-9999","-9999","-9999","-9999","-9999","-9999","-9999","-9999","-9999","-9999","7.17","-9999","-9999","-9999","-9999","-9999","-9999","-9999","-9999","-9999","-9999","-9999","-9999","-9999","-9999","-9999","-9999","-9999","-9999","-9999","-9999","3.11","-9999","-9999","-9999","-9999","-9999","-9999","-9999","-9999","-9999","-9999","-9999","-9999","-9999","-9999","-9999","0.90","-9999","-9999","-9999","-9999","-9999","-9999","-9999","-9999","-9999","-9999","-9999","-9999","-9999","-9999","0.21","-9999","-9999","-9999","-9999","-9999","-9999","-9999","-9999","-9999","-9999","-9999","-9999","-9999","-9999","-9999","-9999","-9999","-9999","-9999","-9999","-9999","-9999","-9999","-9999","-9999","-9999","-9999","-9999","-9999","-9999","-9999","-9999","-9999","-9999","-9999","-9999","-9999","-9999","-9999","-9999","-9999","-9999","-9999","-9999","-9999","-9999","-9999","-9999","-9999","-9999","-9999","-9999","-9999","-9999","-9999","-9999","-9999","-9999","-9999","-9999","-9999","-9999","-9999","-9999","-9999","-9999","-9999","-9999","-9999","-9999","-9999","-9999","-9999","-9999","-9999","-9999","-9999","-9999","-9999","0.48","-9999","-9999","-9999","-9999","-9999","-9999","-9999","-9999","-9999","-9999","-9999","-9999","-9999","-9999","-9999","-9999","-9999","-9999","-9999","-9999","-9999","-9999","-9999","-9999","-9999","-9999","-9999","-9999","-9999","Purple Rock Inc.","Alberta Geological Survey"
"75576","MAR_20020002-00084-5691-ICP-0.002pct-2001-11-21-Bondar-Clegg & Company Ltd.-N/A-N/A-","MAR_20020002","84","200110-128","5691","154.2","155.37","-9999","2001-11-21","2001-09-28","Bondar-Clegg & Company Ltd.","BOND-UNSP","Unspecified","0.002pct","Submitted sample","ICP","-9999","-9999","-9999","-9999","-9999","-9999","-9999","-9999","-9999","-9999","-9999","-9999","-9999","-9999","-9999","-9999","-9999","-9999","-9999","-9999","-9999","-9999","-9999","-9999","-9999","-9999","-9999","-9999","-9999","-9999","-9999","-9999","-9999","-9999","-9999","-9999","-9999","-9999","-9999","-9999","-9999","-9999","-9999","-9999","-9999","-9999","-9999","-9999","-9999","-9999","-9999","-9999","-9999","-9999","-9999","-9999","-9999","-9999","-9999","-9999","-9999","-9999","-9999","-9999","-9999","-9999","-9999","-9999","-9999","-9999","-9999","-9999","-9999","-9999","-9999","-9999","-9999","-9999","-9999","-9999","-9999","-9999","-9999","-9999","-9999","-9999","-9999","-9999","-9999","-9999","-9999","-9999","-9999","-9999","-9999","-9999","-9999","-9999","-9999","-9999","-9999","-9999","-9999","-9999","-9999","-9999","-9999","-9999","-9999","-9999","-9999","-9999","-9999","-9999","-9999","-9999","-9999","-9999","-9999","-9999","-9999","-9999","-9999","-9999","-9999","-9999","-9999","-9999","-9999","-9999","-9999","-9999","-9999","-9999","-9999","-9999","-9999","-9999","-9999","-9999","-9999","-9999","-9999","-9999","-9999","-9999","-9999","-9999","-9999","-9999","-9999","-9999","-9999","-9999","-9999","-9999","-9999","-9999","-9999","-9999","-9999","-9999","-9999","-9999","-9999","-9999","-9999","-9999","-9999","-9999","-9999","5.655","-9999","-9999","-9999","-9999","-9999","-9999","-9999","-9999","-9999","-9999","-9999","-9999","-9999","-9999","-9999","-9999","-9999","-9999","-9999","-9999","-9999","-9999","-9999","-9999","-9999","-9999","-9999","-9999","-9999","-9999","-9999","-9999","-9999","-9999","-9999","-9999","-9999","-9999","-9999","-9999","-9999","-9999","-9999","-9999","-9999","-9999","-9999","-9999","-9999","-9999","-9999","-9999","-9999","-9999","-9999","-9999","-9999","-9999","-9999","-9999","-9999","-9999","Purple Rock Inc.","Alberta Geological Survey"
"75577","MAR_20020002-00084-5691-ICP-5.0ppm-2001-11-21-Bondar-Clegg & Company Ltd.-N/A-N/A-","MAR_20020002","84","200110-128","5691","154.2","155.37","-9999","2001-11-21","2001-09-28","Bondar-Clegg & Company Ltd.","BOND-UNSP","Unspecified","5.0ppm","Submitted sample","ICP","-9999","-9999","-9999","-9999","-9999","-9999","-9999","-9999","-9999","-9999","-9999","-9999","<5","-9999","-9999","-9999","-9999","-9999","-9999","-9999","-9999","-9999","-9999","392","-9999","-9999","-9999","-9999","<5","-9999","-9999","-9999","-9999","-9999","-9999","-9999","-9999","-9999","-9999","-9999","-9999","-9999","-9999","-9999","-9999","-9999","-9999","-9999","-9999","-9999","-9999","-9999","-9999","-9999","-9999","-9999","-9999","-9999","-9999","-9999","-9999","-9999","-9999","-9999","-9999","-9999","-9999","-9999","-9999","-9999","-9999","-9999","-9999","-9999","-9999","-9999","-9999","-9999","-9999","-9999","-9999","-9999","-9999","-9999","-9999","-9999","-9999","-9999","-9999","-9999","-9999","-9999","-9999","-9999","-9999","-9999","-9999","-9999","-9999","-9999","-9999","34","-9999","-9999","-9999","-9999","-9999","-9999","-9999","-9999","-9999","-9999","-9999","-9999","-9999","-9999","-9999","277","-9999","-9999","-9999","-9999","-9999","-9999","-9999","-9999","-9999","-9999","-9999","15","-9999","-9999","-9999","-9999","-9999","-9999","-9999","-9999","-9999","-9999","-9999","-9999","-9999","-9999","-9999","-9999","-9999","-9999","-9999","-9999","-9999","-9999","-9999","-9999","-9999","-9999","-9999","-9999","-9999","-9999","-9999","-9999","-9999","-9999","-9999","-9999","-9999","-9999","-9999","-9999","-9999","-9999","-9999","-9999","<5","-9999","13","-9999","-9999","-9999","-9999","-9999","-9999","-9999","-9999","-9999","-9999","-9999","-9999","-9999","-9999","-9999","-9999","-9999","-9999","-9999","<5","-9999","-9999","-9999","-9999","-9999","-9999","-9999","-9999","-9999","-9999","-9999","-9999","-9999","-9999","-9999","-9999","-9999","-9999","-9999","-9999","-9999","-9999","-9999","-9999","23","-9999","-9999","-9999","-9999","-9999","-9999","-9999","-9999","-9999","116","-9999","-9999","Purple Rock Inc.","Alberta Geological Survey"
"75578","MAR_20020002-00084-5691-ICP-25.0ppm-2001-11-21-Bondar-Clegg & Company Ltd.-N/A-N/A-","MAR_20020002","84","200110-128","5691","154.2","155.37","-9999","2001-11-21","2001-09-28","Bondar-Clegg & Company Ltd.","BOND-UNSP","Unspecified","25.0ppm","Submitted sample","ICP","-9999","-9999","-9999","-9999","-9999","-9999","-9999","-9999","-9999","-9999","-9999","-9999","-9999","-9999","-9999","-9999","-9999","-9999","-9999","-9999","-9999","-9999","-9999","-9999","-9999","-9999","-9999","-9999","-9999","-9999","-9999","-9999","-9999","-9999","-9999","-9999","-9999","-9999","-9999","-9999","-9999","-9999","-9999","-9999","-9999","-9999","-9999","-9999","-9999","-9999","-9999","-9999","-9999","-9999","-9999","-9999","-9999","-9999","-9999","-9999","-9999","-9999","-9999","-9999","-9999","-9999","-9999","-9999","-9999","-9999","-9999","-9999","-9999","-9999","-9999","-9999","-9999","-9999","-9999","-9999","-9999","-9999","-9999","-9999","-9999","-9999","-9999","-9999","-9999","-9999","-9999","-9999","-9999","-9999","-9999","-9999","-9999","-9999","-9999","-9999","-9999","-9999","-9999","-9999","-9999","-9999","-9999","-9999","-9999","-9999","-9999","-9999","-9999","-9999","-9999","-9999","-9999","-9999","-9999","-9999","-9999","-9999","-9999","-9999","-9999","-9999","-9999","-9999","-9999","-9999","-9999","-9999","-9999","-9999","-9999","-9999","-9999","-9999","-9999","-9999","-9999","-9999","-9999","-9999","-9999","-9999","-9999","-9999","-9999","-9999","-9999","-9999","-9999","-9999","-9999","-9999","-9999","-9999","-9999","-9999","-9999","-9999","-9999","-9999","-9999","-9999","-9999","-9999","-9999","-9999","-9999","-9999","-9999","-9999","-9999","-9999","-9999","-9999","-9999","-9999","-9999","-9999","-9999","-9999","-9999","-9999","-9999","-9999","-9999","-9999","-9999","-9999","-9999","-9999","-9999","-9999","-9999","-9999","-9999","-9999","-9999","<25","-9999","-9999","-9999","-9999","-9999","-9999","-9999","-9999","-9999","-9999","-9999","-9999","-9999","-9999","-9999","-9999","-9999","-9999","-9999","-9999","-9999","-9999","-9999","-9999","-9999","-9999","-9999","-9999","-9999","-9999","-9999","-9999","Purple Rock Inc.","Alberta Geological Survey"
"75628","MAR_20020002-00085-5692-ICP-0.01pct-2001-11-21-Bondar-Clegg & Company Ltd.-N/A-N/A-","MAR_20020002","85","200110-128","5692","155.37","156.37","-9999","2001-11-21","2001-09-28","Bondar-Clegg & Company Ltd.","BOND-UNSP","Unspecified","0.01pct","Submitted sample","ICP","-9999","-9999","-9999","-9999","-9999","-9999","-9999","-9999","7.07","-9999","-9999","-9999","-9999","-9999","-9999","-9999","-9999","-9999","-9999","-9999","-9999","-9999","-9999","-9999","-9999","-9999","-9999","-9999","-9999","-9999","-9999","-9999","-9999","-9999","8.46","-9999","-9999","-9999","-9999","-9999","-9999","-9999","-9999","-9999","-9999","-9999","-9999","-9999","-9999","-9999","-9999","-9999","-9999","-9999","-9999","-9999","-9999","-9999","-9999","-9999","-9999","-9999","-9999","-9999","-9999","-9999","-9999","-9999","-9999","-9999","-9999","-9999","4.18","-9999","-9999","-9999","-9999","-9999","-9999","-9999","-9999","-9999","-9999","-9999","-9999","-9999","-9999","-9999","-9999","-9999","-9999","-9999","-9999","2.56","-9999","-9999","-9999","-9999","-9999","-9999","-9999","-9999","-9999","-9999","-9999","-9999","-9999","-9999","-9999","2.37","-9999","-9999","-9999","-9999","-9999","-9999","-9999","-9999","-9999","-9999","-9999","-9999","-9999","-9999","0.13","-9999","-9999","-9999","-9999","-9999","-9999","-9999","-9999","-9999","-9999","-9999","-9999","-9999","-9999","-9999","-9999","-9999","-9999","-9999","-9999","-9999","-9999","-9999","-9999","-9999","-9999","-9999","-9999","-9999","-9999","-9999","-9999","-9999","-9999","-9999","-9999","-9999","-9999","-9999","-9999","-9999","-9999","-9999","-9999","-9999","-9999","-9999","-9999","-9999","-9999","-9999","-9999","-9999","-9999","-9999","-9999","-9999","-9999","-9999","-9999","-9999","-9999","-9999","-9999","-9999","-9999","-9999","-9999","-9999","-9999","-9999","-9999","-9999","-9999","-9999","-9999","-9999","-9999","-9999","0.36","-9999","-9999","-9999","-9999","-9999","-9999","-9999","-9999","-9999","-9999","-9999","-9999","-9999","-9999","-9999","-9999","-9999","-9999","-9999","-9999","-9999","-9999","-9999","-9999","-9999","-9999","-9999","-9999","-9999","Purple Rock Inc.","Alberta Geological Survey"
"75629","MAR_20020002-00085-5692-ICP-20.0ppm-2001-11-21-Bondar-Clegg & Company Ltd.-N/A-N/A-","MAR_20020002","85","200110-128","5692","155.37","156.37","-9999","2001-11-21","2001-09-28","Bondar-Clegg & Company Ltd.","BOND-UNSP","Unspecified","20.0ppm","Submitted sample","ICP","-9999","-9999","-9999","-9999","-9999","-9999","-9999","-9999","-9999","-9999","-9999","-9999","-9999","-9999","-9999","-9999","-9999","-9999","-9999","-9999","-9999","-9999","-9999","-9999","-9999","-9999","-9999","-9999","-9999","-9999","-9999","-9999","-9999","-9999","-9999","-9999","-9999","-9999","-9999","-9999","-9999","-9999","-9999","-9999","-9999","-9999","-9999","-9999","-9999","-9999","-9999","-9999","-9999","-9999","-9999","-9999","-9999","-9999","-9999","-9999","-9999","-9999","-9999","-9999","-9999","-9999","-9999","-9999","-9999","-9999","-9999","-9999","-9999","-9999","-9999","-9999","-9999","-9999","-9999","-9999","-9999","-9999","-9999","-9999","-9999","-9999","-9999","-9999","-9999","-9999","-9999","-9999","-9999","-9999","-9999","-9999","-9999","-9999","-9999","-9999","-9999","-9999","-9999","-9999","-9999","-9999","-9999","-9999","-9999","-9999","-9999","-9999","-9999","-9999","-9999","-9999","-9999","-9999","-9999","-9999","-9999","-9999","-9999","-9999","-9999","-9999","-9999","-9999","-9999","-9999","-9999","-9999","-9999","-9999","-9999","-9999","-9999","-9999","-9999","-9999","-9999","-9999","-9999","-9999","-9999","-9999","-9999","-9999","-9999","-9999","-9999","-9999","-9999","-9999","-9999","-9999","-9999","-9999","-9999","-9999","-9999","-9999","-9999","-9999","-9999","-9999","-9999","-9999","-9999","-9999","-9999","-9999","-9999","-9999","-9999","-9999","-9999","-9999","-9999","-9999","-9999","-9999","-9999","-9999","-9999","-9999","-9999","<20","-9999","-9999","-9999","-9999","-9999","-9999","-9999","-9999","-9999","-9999","-9999","-9999","-9999","-9999","-9999","-9999","-9999","-9999","-9999","-9999","-9999","-9999","-9999","-9999","-9999","-9999","-9999","-9999","-9999","-9999","-9999","<20","-9999","-9999","-9999","-9999","-9999","-9999","-9999","-9999","-9999","-9999","-9999","-9999","-9999","-9999","Purple Rock Inc.","Alberta Geological Survey"
"75630","MAR_20020002-00085-5692-ICP-5.0ppm-2001-11-21-Bondar-Clegg & Company Ltd.-N/A-N/A-","MAR_20020002","85","200110-128","5692","155.37","156.37","-9999","2001-11-21","2001-09-28","Bondar-Clegg & Company Ltd.","BOND-UNSP","Unspecified","5.0ppm","Submitted sample","ICP","-9999","-9999","-9999","-9999","-9999","-9999","-9999","-9999","-9999","-9999","-9999","-9999","<5","-9999","-9999","-9999","-9999","-9999","-9999","-9999","-9999","-9999","-9999","339","-9999","-9999","-9999","-9999","<5","-9999","-9999","-9999","-9999","-9999","-9999","-9999","-9999","-9999","-9999","-9999","-9999","-9999","-9999","-9999","-9999","-9999","-9999","-9999","-9999","-9999","-9999","-9999","-9999","-9999","-9999","-9999","-9999","-9999","-9999","-9999","-9999","-9999","-9999","-9999","-9999","-9999","-9999","-9999","-9999","-9999","-9999","-9999","-9999","-9999","-9999","-9999","-9999","-9999","-9999","-9999","-9999","-9999","-9999","-9999","-9999","-9999","-9999","-9999","-9999","-9999","-9999","-9999","-9999","-9999","-9999","-9999","-9999","-9999","-9999","-9999","-9999","26","-9999","-9999","-9999","-9999","-9999","-9999","-9999","-9999","-9999","-9999","-9999","-9999","-9999","-9999","-9999","1774","-9999","-9999","-9999","-9999","-9999","-9999","-9999","-9999","-9999","-9999","-9999","11","-9999","-9999","-9999","-9999","-9999","-9999","-9999","-9999","-9999","-9999","-9999","-9999","-9999","-9999","-9999","-9999","-9999","-9999","-9999","-9999","-9999","-9999","-9999","-9999","-9999","-9999","-9999","-9999","-9999","-9999","-9999","-9999","-9999","-9999","-9999","-9999","-9999","-9999","-9999","-9999","-9999","-9999","-9999","-9999","<5","-9999","11","-9999","-9999","-9999","-9999","-9999","-9999","-9999","-9999","-9999","-9999","-9999","-9999","-9999","-9999","-9999","-9999","-9999","-9999","-9999","<5","-9999","-9999","-9999","-9999","-9999","-9999","-9999","-9999","-9999","-9999","-9999","-9999","-9999","-9999","-9999","-9999","-9999","-9999","-9999","-9999","-9999","-9999","-9999","-9999","16","-9999","-9999","-9999","-9999","-9999","-9999","-9999","-9999","-9999","80","-9999","-9999","Purple Rock Inc.","Alberta Geological Survey"
"75631","MAR_20020002-00085-5692-ICP-0.002pct-2001-11-21-Bondar-Clegg & Company Ltd.-N/A-N/A-","MAR_20020002","85","200110-128","5692","155.37","156.37","-9999","2001-11-21","2001-09-28","Bondar-Clegg & Company Ltd.","BOND-UNSP","Unspecified","0.002pct","Submitted sample","ICP","-9999","-9999","-9999","-9999","-9999","-9999","-9999","-9999","-9999","-9999","-9999","-9999","-9999","-9999","-9999","-9999","-9999","-9999","-9999","-9999","-9999","-9999","-9999","-9999","-9999","-9999","-9999","-9999","-9999","-9999","-9999","-9999","-9999","-9999","-9999","-9999","-9999","-9999","-9999","-9999","-9999","-9999","-9999","-9999","-9999","-9999","-9999","-9999","-9999","-9999","-9999","-9999","-9999","-9999","-9999","-9999","-9999","-9999","-9999","-9999","-9999","-9999","-9999","-9999","-9999","-9999","-9999","-9999","-9999","-9999","-9999","-9999","-9999","-9999","-9999","-9999","-9999","-9999","-9999","-9999","-9999","-9999","-9999","-9999","-9999","-9999","-9999","-9999","-9999","-9999","-9999","-9999","-9999","-9999","-9999","-9999","-9999","-9999","-9999","-9999","-9999","-9999","-9999","-9999","-9999","-9999","-9999","-9999","-9999","-9999","-9999","-9999","-9999","-9999","-9999","-9999","-9999","-9999","-9999","-9999","-9999","-9999","-9999","-9999","-9999","-9999","-9999","-9999","-9999","-9999","-9999","-9999","-9999","-9999","-9999","-9999","-9999","-9999","-9999","-9999","-9999","-9999","-9999","-9999","-9999","-9999","-9999","-9999","-9999","-9999","-9999","-9999","-9999","-9999","-9999","-9999","-9999","-9999","-9999","-9999","-9999","-9999","-9999","-9999","-9999","-9999","-9999","-9999","-9999","-9999","-9999","1.104","-9999","-9999","-9999","-9999","-9999","-9999","-9999","-9999","-9999","-9999","-9999","-9999","-9999","-9999","-9999","-9999","-9999","-9999","-9999","-9999","-9999","-9999","-9999","-9999","-9999","-9999","-9999","-9999","-9999","-9999","-9999","-9999","-9999","-9999","-9999","-9999","-9999","-9999","-9999","-9999","-9999","-9999","-9999","-9999","-9999","-9999","-9999","-9999","-9999","-9999","-9999","-9999","-9999","-9999","-9999","-9999","-9999","-9999","-9999","-9999","-9999","-9999","Purple Rock Inc.","Alberta Geological Survey"
"75632","MAR_20020002-00085-5692-ICP-0.5ppm-2001-11-21-Bondar-Clegg & Company Ltd.-N/A-N/A-","MAR_20020002","85","200110-128","5692","155.37","156.37","-9999","2001-11-21","2001-09-28","Bondar-Clegg & Company Ltd.","BOND-UNSP","Unspecified","0.5ppm","Submitted sample","ICP","-9999","-9999","-9999","-9999","-9999","<0.5","-9999","-9999","-9999","-9999","-9999","-9999","-9999","-9999","-9999","-9999","-9999","-9999","-9999","-9999","-9999","-9999","-9999","-9999","-9999","-9999","-9999","-9999","-9999","-9999","-9999","-9999","-9999","-9999","-9999","-9999","-9999","-9999","-9999","-9999","-9999","-9999","-9999","-9999","-9999","-9999","-9999","-9999","-9999","-9999","-9999","-9999","-9999","-9999","-9999","-9999","-9999","-9999","-9999","-9999","-9999","-9999","-9999","-9999","-9999","-9999","-9999","-9999","-9999","-9999","-9999","-9999","-9999","-9999","-9999","-9999","-9999","-9999","-9999","-9999","-9999","-9999","-9999","-9999","-9999","-9999","-9999","-9999","-9999","-9999","-9999","-9999","-9999","-9999","-9999","-9999","-9999","-9999","-9999","-9999","-9999","-9999","-9999","-9999","-9999","-9999","-9999","-9999","-9999","-9999","-9999","-9999","-9999","-9999","-9999","-9999","-9999","-9999","-9999","-9999","-9999","-9999","-9999","-9999","-9999","-9999","-9999","-9999","-9999","-9999","-9999","-9999","-9999","-9999","-9999","-9999","-9999","-9999","-9999","-9999","-9999","-9999","-9999","-9999","-9999","-9999","-9999","-9999","-9999","-9999","-9999","-9999","-9999","-9999","-9999","-9999","-9999","-9999","-9999","-9999","-9999","-9999","-9999","-9999","-9999","-9999","-9999","-9999","-9999","-9999","-9999","-9999","-9999","-9999","-9999","-9999","-9999","-9999","-9999","-9999","-9999","-9999","-9999","-9999","-9999","-9999","-9999","-9999","-9999","-9999","-9999","-9999","-9999","-9999","-9999","-9999","-9999","-9999","-9999","-9999","-9999","-9999","-9999","-9999","-9999","-9999","-9999","-9999","-9999","-9999","-9999","-9999","-9999","-9999","-9999","-9999","-9999","-9999","-9999","-9999","-9999","-9999","-9999","-9999","-9999","-9999","-9999","-9999","-9999","-9999","-9999","-9999","-9999","-9999","Purple Rock Inc.","Alberta Geological Survey"
"75633","MAR_20020002-00085-5692-ICP-25.0ppm-2001-11-21-Bondar-Clegg & Company Ltd.-N/A-N/A-","MAR_20020002","85","200110-128","5692","155.37","156.37","-9999","2001-11-21","2001-09-28","Bondar-Clegg & Company Ltd.","BOND-UNSP","Unspecified","25.0ppm","Submitted sample","ICP","-9999","-9999","-9999","-9999","-9999","-9999","-9999","-9999","-9999","-9999","-9999","-9999","-9999","-9999","-9999","-9999","-9999","-9999","-9999","-9999","-9999","-9999","-9999","-9999","-9999","-9999","-9999","-9999","-9999","-9999","-9999","-9999","-9999","-9999","-9999","-9999","-9999","-9999","-9999","-9999","-9999","-9999","-9999","-9999","-9999","-9999","-9999","-9999","-9999","-9999","-9999","-9999","-9999","-9999","-9999","-9999","-9999","-9999","-9999","-9999","-9999","-9999","-9999","-9999","-9999","-9999","-9999","-9999","-9999","-9999","-9999","-9999","-9999","-9999","-9999","-9999","-9999","-9999","-9999","-9999","-9999","-9999","-9999","-9999","-9999","-9999","-9999","-9999","-9999","-9999","-9999","-9999","-9999","-9999","-9999","-9999","-9999","-9999","-9999","-9999","-9999","-9999","-9999","-9999","-9999","-9999","-9999","-9999","-9999","-9999","-9999","-9999","-9999","-9999","-9999","-9999","-9999","-9999","-9999","-9999","-9999","-9999","-9999","-9999","-9999","-9999","-9999","-9999","-9999","-9999","-9999","-9999","-9999","-9999","-9999","-9999","-9999","-9999","-9999","-9999","-9999","-9999","-9999","-9999","-9999","-9999","-9999","-9999","-9999","-9999","-9999","-9999","-9999","-9999","-9999","-9999","-9999","-9999","-9999","-9999","-9999","-9999","-9999","-9999","-9999","-9999","-9999","-9999","-9999","-9999","-9999","-9999","-9999","-9999","-9999","-9999","-9999","-9999","-9999","-9999","-9999","-9999","-9999","-9999","-9999","-9999","-9999","-9999","-9999","-9999","-9999","-9999","-9999","-9999","-9999","-9999","-9999","-9999","-9999","-9999","-9999","<25","-9999","-9999","-9999","-9999","-9999","-9999","-9999","-9999","-9999","-9999","-9999","-9999","-9999","-9999","-9999","-9999","-9999","-9999","-9999","-9999","-9999","-9999","-9999","-9999","-9999","-9999","-9999","-9999","-9999","-9999","-9999","-9999","Purple Rock Inc.","Alberta Geological Survey"
"75634","MAR_20020002-00085-5692-ICP-10.0ppm-2001-11-21-Bondar-Clegg & Company Ltd.-N/A-N/A-","MAR_20020002","85","200110-128","5692","155.37","156.37","-9999","2001-11-21","2001-09-28","Bondar-Clegg & Company Ltd.","BOND-UNSP","Unspecified","10.0ppm","Submitted sample","ICP","-9999","-9999","-9999","-9999","-9999","-9999","-9999","-9999","-9999","-9999","-9999","-9999","-9999","-9999","-9999","-9999","-9999","-9999","-9999","-9999","-9999","-9999","-9999","-9999","-9999","-9999","-9999","-9999","-9999","-9999","-9999","-9999","-9999","-9999","-9999","-9999","-9999","-9999","-9999","-9999","-9999","-9999","-9999","-9999","-9999","-9999","-9999","-9999","-9999","-9999","-9999","-9999","-9999","-9999","-9999","-9999","-9999","-9999","-9999","-9999","-9999","-9999","-9999","-9999","-9999","-9999","-9999","-9999","-9999","-9999","-9999","-9999","-9999","-9999","-9999","-9999","<10","-9999","-9999","-9999","-9999","-9999","-9999","-9999","-9999","-9999","-9999","-9999","-9999","-9999","-9999","-9999","-9999","-9999","-9999","-9999","-9999","-9999","-9999","-9999","-9999","-9999","-9999","-9999","-9999","-9999","-9999","-9999","-9999","-9999","-9999","-9999","-9999","-9999","-9999","-9999","-9999","-9999","-9999","-9999","-9999","-9999","-9999","-9999","-9999","-9999","-9999","-9999","-9999","-9999","-9999","-9999","-9999","-9999","-9999","-9999","-9999","-9999","-9999","-9999","-9999","-9999","-9999","-9999","-9999","-9999","-9999","-9999","-9999","-9999","-9999","-9999","-9999","-9999","-9999","-9999","-9999","-9999","-9999","-9999","-9999","-9999","-9999","-9999","-9999","-9999","-9999","-9999","-9999","-9999","-9999","-9999","-9999","-9999","-9999","-9999","-9999","-9999","-9999","-9999","-9999","-9999","-9999","-9999","-9999","-9999","-9999","-9999","-9999","-9999","-9999","-9999","-9999","-9999","-9999","-9999","-9999","-9999","-9999","-9999","-9999","-9999","-9999","-9999","-9999","-9999","-9999","-9999","-9999","-9999","-9999","-9999","-9999","-9999","-9999","-9999","-9999","-9999","-9999","-9999","-9999","-9999","-9999","-9999","-9999","-9999","-9999","-9999","-9999","-9999","-9999","-9999","-9999","-9999","Purple Rock Inc.","Alberta Geological Survey"
"75635","MAR_20020002-00085-5692-ICP-1.0ppm-2001-11-21-Bondar-Clegg & Company Ltd.-N/A-N/A-","MAR_20020002","85","200110-128","5692","155.37","156.37","-9999","2001-11-21","2001-09-28","Bondar-Clegg & Company Ltd.","BOND-UNSP","Unspecified","1.0ppm","Submitted sample","ICP","-9999","-9999","-9999","-9999","-9999","-9999","-9999","-9999","-9999","-9999","-9999","-9999","-9999","-9999","-9999","-9999","-9999","-9999","-9999","-9999","-9999","-9999","-9999","-9999","-9999","-9999","-9999","-9999","-9999","-9999","-9999","-9999","-9999","-9999","-9999","-9999","-9999","-9999","-9999","-9999","-9999","-9999","<1.0","-9999","-9999","-9999","-9999","-9999","-9999","19","-9999","-9999","-9999","-9999","-9999","-9999","-9999","15","-9999","-9999","-9999","-9999","-9999","-9999","-9999","-9999","-9999","-9999","-9999","-9999","-9999","-9999","-9999","-9999","-9999","-9999","-9999","-9999","-9999","-9999","-9999","-9999","-9999","-9999","-9999","-9999","-9999","-9999","-9999","-9999","-9999","-9999","-9999","-9999","-9999","-9999","-9999","-9999","-9999","-9999","-9999","-9999","-9999","-9999","-9999","-9999","-9999","-9999","-9999","-9999","-9999","-9999","-9999","-9999","-9999","-9999","-9999","-9999","-9999","-9999","-9999","<1","-9999","-9999","-9999","-9999","-9999","-9999","-9999","-9999","-9999","-9999","-9999","-9999","26","-9999","-9999","-9999","-9999","-9999","-9999","-9999","-9999","-9999","-9999","-9999","-9999","-9999","-9999","-9999","-9999","-9999","-9999","-9999","-9999","-9999","-9999","-9999","-9999","-9999","-9999","-9999","-9999","-9999","-9999","-9999","-9999","-9999","-9999","-9999","-9999","-9999","-9999","-9999","-9999","-9999","-9999","-9999","-9999","-9999","-9999","-9999","-9999","-9999","-9999","-9999","-9999","-9999","-9999","-9999","-9999","-9999","200","-9999","-9999","-9999","-9999","-9999","-9999","-9999","-9999","-9999","-9999","-9999","-9999","-9999","-9999","-9999","-9999","-9999","-9999","-9999","-9999","-9999","-9999","-9999","-9999","-9999","-9999","-9999","-9999","-9999","-9999","-9999","-9999","-9999","-9999","-9999","-9999","-9999","-9999","-9999","-9999","-9999","Purple Rock Inc.","Alberta Geological Survey"
"75636","MAR_20020002-00085-5692-ICP-2.0ppm-2001-11-21-Bondar-Clegg & Company Ltd.-N/A-N/A-","MAR_20020002","85","200110-128","5692","155.37","156.37","-9999","2001-11-21","2001-09-28","Bondar-Clegg & Company Ltd.","BOND-UNSP","Unspecified","2.0ppm","Submitted sample","ICP","-9999","-9999","-9999","-9999","-9999","-9999","-9999","-9999","-9999","-9999","-9999","-9999","-9999","-9999","-9999","-9999","-9999","-9999","-9999","-9999","-9999","-9999","-9999","-9999","-9999","-9999","-9999","-9999","-9999","-9999","-9999","-9999","-9999","-9999","-9999","-9999","-9999","-9999","-9999","-9999","-9999","-9999","-9999","-9999","-9999","-9999","-9999","-9999","-9999","-9999","-9999","-9999","-9999","67","-9999","-9999","-9999","-9999","-9999","-9999","-9999","-9999","-9999","-9999","-9999","-9999","-9999","-9999","-9999","-9999","-9999","-9999","-9999","-9999","-9999","-9999","-9999","-9999","-9999","-9999","-9999","-9999","-9999","-9999","-9999","-9999","-9999","-9999","-9999","-9999","-9999","-9999","-9999","-9999","-9999","-9999","-9999","-9999","-9999","-9999","-9999","-9999","-9999","43","-9999","-9999","-9999","-9999","-9999","-9999","-9999","-9999","-9999","-9999","-9999","-9999","-9999","-9999","-9999","-9999","-9999","-9999","-9999","-9999","-9999","-9999","-9999","-9999","-9999","-9999","-9999","-9999","-9999","-9999","-9999","-9999","-9999","-9999","-9999","-9999","-9999","-9999","-9999","-9999","-9999","4","-9999","-9999","-9999","-9999","-9999","-9999","-9999","-9999","-9999","-9999","-9999","-9999","-9999","-9999","-9999","-9999","-9999","-9999","-9999","-9999","-9999","-9999","-9999","-9999","-9999","-9999","-9999","-9999","-9999","-9999","-9999","-9999","-9999","-9999","-9999","-9999","-9999","-9999","-9999","-9999","-9999","-9999","-9999","-9999","-9999","-9999","-9999","-9999","-9999","-9999","-9999","-9999","-9999","-9999","-9999","-9999","-9999","-9999","-9999","-9999","-9999","-9999","-9999","-9999","-9999","-9999","-9999","-9999","-9999","-9999","81","-9999","-9999","-9999","-9999","-9999","-9999","-9999","-9999","-9999","-9999","75","-9999","-9999","-9999","-9999","-9999","-9999","Purple Rock Inc.","Alberta Geological Survey"
"75684","MAR_20020002-00086-5693-ICP-5.0ppm-2001-11-21-Bondar-Clegg & Company Ltd.-N/A-N/A-","MAR_20020002","86","200110-128","5693","156.37","157.71","-9999","2001-11-21","2001-09-28","Bondar-Clegg & Company Ltd.","BOND-UNSP","Unspecified","5.0ppm","Submitted sample","ICP","-9999","-9999","-9999","-9999","-9999","-9999","-9999","-9999","-9999","-9999","-9999","-9999","<5","-9999","-9999","-9999","-9999","-9999","-9999","-9999","-9999","-9999","-9999","320","-9999","-9999","-9999","-9999","<5","-9999","-9999","-9999","-9999","-9999","-9999","-9999","-9999","-9999","-9999","-9999","-9999","-9999","-9999","-9999","-9999","-9999","-9999","-9999","-9999","-9999","-9999","-9999","-9999","-9999","-9999","-9999","-9999","-9999","-9999","-9999","-9999","-9999","-9999","-9999","-9999","-9999","-9999","-9999","-9999","-9999","-9999","-9999","-9999","-9999","-9999","-9999","-9999","-9999","-9999","-9999","-9999","-9999","-9999","-9999","-9999","-9999","-9999","-9999","-9999","-9999","-9999","-9999","-9999","-9999","-9999","-9999","-9999","-9999","-9999","-9999","-9999","26","-9999","-9999","-9999","-9999","-9999","-9999","-9999","-9999","-9999","-9999","-9999","-9999","-9999","-9999","-9999","1770","-9999","-9999","-9999","-9999","-9999","-9999","-9999","-9999","-9999","-9999","-9999","11","-9999","-9999","-9999","-9999","-9999","-9999","-9999","-9999","-9999","-9999","-9999","-9999","-9999","-9999","-9999","-9999","-9999","-9999","-9999","-9999","-9999","-9999","-9999","-9999","-9999","-9999","-9999","-9999","-9999","-9999","-9999","-9999","-9999","-9999","-9999","-9999","-9999","-9999","-9999","-9999","-9999","-9999","-9999","-9999","<5","-9999","11","-9999","-9999","-9999","-9999","-9999","-9999","-9999","-9999","-9999","-9999","-9999","-9999","-9999","-9999","-9999","-9999","-9999","-9999","-9999","<5","-9999","-9999","-9999","-9999","-9999","-9999","-9999","-9999","-9999","-9999","-9999","-9999","-9999","-9999","-9999","-9999","-9999","-9999","-9999","-9999","-9999","-9999","-9999","-9999","17","-9999","-9999","-9999","-9999","-9999","-9999","-9999","-9999","-9999","79","-9999","-9999","Purple Rock Inc.","Alberta Geological Survey"
"75685","MAR_20020002-00086-5693-ICP-2.0ppm-2001-11-21-Bondar-Clegg & Company Ltd.-N/A-N/A-","MAR_20020002","86","200110-128","5693","156.37","157.71","-9999","2001-11-21","2001-09-28","Bondar-Clegg & Company Ltd.","BOND-UNSP","Unspecified","2.0ppm","Submitted sample","ICP","-9999","-9999","-9999","-9999","-9999","-9999","-9999","-9999","-9999","-9999","-9999","-9999","-9999","-9999","-9999","-9999","-9999","-9999","-9999","-9999","-9999","-9999","-9999","-9999","-9999","-9999","-9999","-9999","-9999","-9999","-9999","-9999","-9999","-9999","-9999","-9999","-9999","-9999","-9999","-9999","-9999","-9999","-9999","-9999","-9999","-9999","-9999","-9999","-9999","-9999","-9999","-9999","-9999","68","-9999","-9999","-9999","-9999","-9999","-9999","-9999","-9999","-9999","-9999","-9999","-9999","-9999","-9999","-9999","-9999","-9999","-9999","-9999","-9999","-9999","-9999","-9999","-9999","-9999","-9999","-9999","-9999","-9999","-9999","-9999","-9999","-9999","-9999","-9999","-9999","-9999","-9999","-9999","-9999","-9999","-9999","-9999","-9999","-9999","-9999","-9999","-9999","-9999","44","-9999","-9999","-9999","-9999","-9999","-9999","-9999","-9999","-9999","-9999","-9999","-9999","-9999","-9999","-9999","-9999","-9999","-9999","-9999","-9999","-9999","-9999","-9999","-9999","-9999","-9999","-9999","-9999","-9999","-9999","-9999","-9999","-9999","-9999","-9999","-9999","-9999","-9999","-9999","-9999","-9999","<2","-9999","-9999","-9999","-9999","-9999","-9999","-9999","-9999","-9999","-9999","-9999","-9999","-9999","-9999","-9999","-9999","-9999","-9999","-9999","-9999","-9999","-9999","-9999","-9999","-9999","-9999","-9999","-9999","-9999","-9999","-9999","-9999","-9999","-9999","-9999","-9999","-9999","-9999","-9999","-9999","-9999","-9999","-9999","-9999","-9999","-9999","-9999","-9999","-9999","-9999","-9999","-9999","-9999","-9999","-9999","-9999","-9999","-9999","-9999","-9999","-9999","-9999","-9999","-9999","-9999","-9999","-9999","-9999","-9999","-9999","83","-9999","-9999","-9999","-9999","-9999","-9999","-9999","-9999","-9999","-9999","70","-9999","-9999","-9999","-9999","-9999","-9999","Purple Rock Inc.","Alberta Geological Survey"
"75686","MAR_20020002-00086-5693-ICP-25.0ppm-2001-11-21-Bondar-Clegg & Company Ltd.-N/A-N/A-","MAR_20020002","86","200110-128","5693","156.37","157.71","-9999","2001-11-21","2001-09-28","Bondar-Clegg & Company Ltd.","BOND-UNSP","Unspecified","25.0ppm","Submitted sample","ICP","-9999","-9999","-9999","-9999","-9999","-9999","-9999","-9999","-9999","-9999","-9999","-9999","-9999","-9999","-9999","-9999","-9999","-9999","-9999","-9999","-9999","-9999","-9999","-9999","-9999","-9999","-9999","-9999","-9999","-9999","-9999","-9999","-9999","-9999","-9999","-9999","-9999","-9999","-9999","-9999","-9999","-9999","-9999","-9999","-9999","-9999","-9999","-9999","-9999","-9999","-9999","-9999","-9999","-9999","-9999","-9999","-9999","-9999","-9999","-9999","-9999","-9999","-9999","-9999","-9999","-9999","-9999","-9999","-9999","-9999","-9999","-9999","-9999","-9999","-9999","-9999","-9999","-9999","-9999","-9999","-9999","-9999","-9999","-9999","-9999","-9999","-9999","-9999","-9999","-9999","-9999","-9999","-9999","-9999","-9999","-9999","-9999","-9999","-9999","-9999","-9999","-9999","-9999","-9999","-9999","-9999","-9999","-9999","-9999","-9999","-9999","-9999","-9999","-9999","-9999","-9999","-9999","-9999","-9999","-9999","-9999","-9999","-9999","-9999","-9999","-9999","-9999","-9999","-9999","-9999","-9999","-9999","-9999","-9999","-9999","-9999","-9999","-9999","-9999","-9999","-9999","-9999","-9999","-9999","-9999","-9999","-9999","-9999","-9999","-9999","-9999","-9999","-9999","-9999","-9999","-9999","-9999","-9999","-9999","-9999","-9999","-9999","-9999","-9999","-9999","-9999","-9999","-9999","-9999","-9999","-9999","-9999","-9999","-9999","-9999","-9999","-9999","-9999","-9999","-9999","-9999","-9999","-9999","-9999","-9999","-9999","-9999","-9999","-9999","-9999","-9999","-9999","-9999","-9999","-9999","-9999","-9999","-9999","-9999","-9999","-9999","<25","-9999","-9999","-9999","-9999","-9999","-9999","-9999","-9999","-9999","-9999","-9999","-9999","-9999","-9999","-9999","-9999","-9999","-9999","-9999","-9999","-9999","-9999","-9999","-9999","-9999","-9999","-9999","-9999","-9999","-9999","-9999","-9999","Purple Rock Inc.","Alberta Geological Survey"
"75687","MAR_20020002-00086-5693-ICP-0.5ppm-2001-11-21-Bondar-Clegg & Company Ltd.-N/A-N/A-","MAR_20020002","86","200110-128","5693","156.37","157.71","-9999","2001-11-21","2001-09-28","Bondar-Clegg & Company Ltd.","BOND-UNSP","Unspecified","0.5ppm","Submitted sample","ICP","-9999","-9999","-9999","-9999","-9999","<0.5","-9999","-9999","-9999","-9999","-9999","-9999","-9999","-9999","-9999","-9999","-9999","-9999","-9999","-9999","-9999","-9999","-9999","-9999","-9999","-9999","-9999","-9999","-9999","-9999","-9999","-9999","-9999","-9999","-9999","-9999","-9999","-9999","-9999","-9999","-9999","-9999","-9999","-9999","-9999","-9999","-9999","-9999","-9999","-9999","-9999","-9999","-9999","-9999","-9999","-9999","-9999","-9999","-9999","-9999","-9999","-9999","-9999","-9999","-9999","-9999","-9999","-9999","-9999","-9999","-9999","-9999","-9999","-9999","-9999","-9999","-9999","-9999","-9999","-9999","-9999","-9999","-9999","-9999","-9999","-9999","-9999","-9999","-9999","-9999","-9999","-9999","-9999","-9999","-9999","-9999","-9999","-9999","-9999","-9999","-9999","-9999","-9999","-9999","-9999","-9999","-9999","-9999","-9999","-9999","-9999","-9999","-9999","-9999","-9999","-9999","-9999","-9999","-9999","-9999","-9999","-9999","-9999","-9999","-9999","-9999","-9999","-9999","-9999","-9999","-9999","-9999","-9999","-9999","-9999","-9999","-9999","-9999","-9999","-9999","-9999","-9999","-9999","-9999","-9999","-9999","-9999","-9999","-9999","-9999","-9999","-9999","-9999","-9999","-9999","-9999","-9999","-9999","-9999","-9999","-9999","-9999","-9999","-9999","-9999","-9999","-9999","-9999","-9999","-9999","-9999","-9999","-9999","-9999","-9999","-9999","-9999","-9999","-9999","-9999","-9999","-9999","-9999","-9999","-9999","-9999","-9999","-9999","-9999","-9999","-9999","-9999","-9999","-9999","-9999","-9999","-9999","-9999","-9999","-9999","-9999","-9999","-9999","-9999","-9999","-9999","-9999","-9999","-9999","-9999","-9999","-9999","-9999","-9999","-9999","-9999","-9999","-9999","-9999","-9999","-9999","-9999","-9999","-9999","-9999","-9999","-9999","-9999","-9999","-9999","-9999","-9999","-9999","-9999","Purple Rock Inc.","Alberta Geological Survey"
"75688","MAR_20020002-00086-5693-ICP-1.0ppm-2001-11-21-Bondar-Clegg & Company Ltd.-N/A-N/A-","MAR_20020002","86","200110-128","5693","156.37","157.71","-9999","2001-11-21","2001-09-28","Bondar-Clegg & Company Ltd.","BOND-UNSP","Unspecified","1.0ppm","Submitted sample","ICP","-9999","-9999","-9999","-9999","-9999","-9999","-9999","-9999","-9999","-9999","-9999","-9999","-9999","-9999","-9999","-9999","-9999","-9999","-9999","-9999","-9999","-9999","-9999","-9999","-9999","-9999","-9999","-9999","-9999","-9999","-9999","-9999","-9999","-9999","-9999","-9999","-9999","-9999","-9999","-9999","-9999","-9999","<1.0","-9999","-9999","-9999","-9999","-9999","-9999","19","-9999","-9999","-9999","-9999","-9999","-9999","-9999","17","-9999","-9999","-9999","-9999","-9999","-9999","-9999","-9999","-9999","-9999","-9999","-9999","-9999","-9999","-9999","-9999","-9999","-9999","-9999","-9999","-9999","-9999","-9999","-9999","-9999","-9999","-9999","-9999","-9999","-9999","-9999","-9999","-9999","-9999","-9999","-9999","-9999","-9999","-9999","-9999","-9999","-9999","-9999","-9999","-9999","-9999","-9999","-9999","-9999","-9999","-9999","-9999","-9999","-9999","-9999","-9999","-9999","-9999","-9999","-9999","-9999","-9999","-9999","2","-9999","-9999","-9999","-9999","-9999","-9999","-9999","-9999","-9999","-9999","-9999","-9999","27","-9999","-9999","-9999","-9999","-9999","-9999","-9999","-9999","-9999","-9999","-9999","-9999","-9999","-9999","-9999","-9999","-9999","-9999","-9999","-9999","-9999","-9999","-9999","-9999","-9999","-9999","-9999","-9999","-9999","-9999","-9999","-9999","-9999","-9999","-9999","-9999","-9999","-9999","-9999","-9999","-9999","-9999","-9999","-9999","-9999","-9999","-9999","-9999","-9999","-9999","-9999","-9999","-9999","-9999","-9999","-9999","-9999","190","-9999","-9999","-9999","-9999","-9999","-9999","-9999","-9999","-9999","-9999","-9999","-9999","-9999","-9999","-9999","-9999","-9999","-9999","-9999","-9999","-9999","-9999","-9999","-9999","-9999","-9999","-9999","-9999","-9999","-9999","-9999","-9999","-9999","-9999","-9999","-9999","-9999","-9999","-9999","-9999","-9999","Purple Rock Inc.","Alberta Geological Survey"
"75689","MAR_20020002-00086-5693-ICP-0.002pct-2001-11-21-Bondar-Clegg & Company Ltd.-N/A-N/A-","MAR_20020002","86","200110-128","5693","156.37","157.71","-9999","2001-11-21","2001-09-28","Bondar-Clegg & Company Ltd.","BOND-UNSP","Unspecified","0.002pct","Submitted sample","ICP","-9999","-9999","-9999","-9999","-9999","-9999","-9999","-9999","-9999","-9999","-9999","-9999","-9999","-9999","-9999","-9999","-9999","-9999","-9999","-9999","-9999","-9999","-9999","-9999","-9999","-9999","-9999","-9999","-9999","-9999","-9999","-9999","-9999","-9999","-9999","-9999","-9999","-9999","-9999","-9999","-9999","-9999","-9999","-9999","-9999","-9999","-9999","-9999","-9999","-9999","-9999","-9999","-9999","-9999","-9999","-9999","-9999","-9999","-9999","-9999","-9999","-9999","-9999","-9999","-9999","-9999","-9999","-9999","-9999","-9999","-9999","-9999","-9999","-9999","-9999","-9999","-9999","-9999","-9999","-9999","-9999","-9999","-9999","-9999","-9999","-9999","-9999","-9999","-9999","-9999","-9999","-9999","-9999","-9999","-9999","-9999","-9999","-9999","-9999","-9999","-9999","-9999","-9999","-9999","-9999","-9999","-9999","-9999","-9999","-9999","-9999","-9999","-9999","-9999","-9999","-9999","-9999","-9999","-9999","-9999","-9999","-9999","-9999","-9999","-9999","-9999","-9999","-9999","-9999","-9999","-9999","-9999","-9999","-9999","-9999","-9999","-9999","-9999","-9999","-9999","-9999","-9999","-9999","-9999","-9999","-9999","-9999","-9999","-9999","-9999","-9999","-9999","-9999","-9999","-9999","-9999","-9999","-9999","-9999","-9999","-9999","-9999","-9999","-9999","-9999","-9999","-9999","-9999","-9999","-9999","-9999","1.778","-9999","-9999","-9999","-9999","-9999","-9999","-9999","-9999","-9999","-9999","-9999","-9999","-9999","-9999","-9999","-9999","-9999","-9999","-9999","-9999","-9999","-9999","-9999","-9999","-9999","-9999","-9999","-9999","-9999","-9999","-9999","-9999","-9999","-9999","-9999","-9999","-9999","-9999","-9999","-9999","-9999","-9999","-9999","-9999","-9999","-9999","-9999","-9999","-9999","-9999","-9999","-9999","-9999","-9999","-9999","-9999","-9999","-9999","-9999","-9999","-9999","-9999","Purple Rock Inc.","Alberta Geological Survey"
"75690","MAR_20020002-00086-5693-ICP-20.0ppm-2001-11-21-Bondar-Clegg & Company Ltd.-N/A-N/A-","MAR_20020002","86","200110-128","5693","156.37","157.71","-9999","2001-11-21","2001-09-28","Bondar-Clegg & Company Ltd.","BOND-UNSP","Unspecified","20.0ppm","Submitted sample","ICP","-9999","-9999","-9999","-9999","-9999","-9999","-9999","-9999","-9999","-9999","-9999","-9999","-9999","-9999","-9999","-9999","-9999","-9999","-9999","-9999","-9999","-9999","-9999","-9999","-9999","-9999","-9999","-9999","-9999","-9999","-9999","-9999","-9999","-9999","-9999","-9999","-9999","-9999","-9999","-9999","-9999","-9999","-9999","-9999","-9999","-9999","-9999","-9999","-9999","-9999","-9999","-9999","-9999","-9999","-9999","-9999","-9999","-9999","-9999","-9999","-9999","-9999","-9999","-9999","-9999","-9999","-9999","-9999","-9999","-9999","-9999","-9999","-9999","-9999","-9999","-9999","-9999","-9999","-9999","-9999","-9999","-9999","-9999","-9999","-9999","-9999","-9999","-9999","-9999","-9999","-9999","-9999","-9999","-9999","-9999","-9999","-9999","-9999","-9999","-9999","-9999","-9999","-9999","-9999","-9999","-9999","-9999","-9999","-9999","-9999","-9999","-9999","-9999","-9999","-9999","-9999","-9999","-9999","-9999","-9999","-9999","-9999","-9999","-9999","-9999","-9999","-9999","-9999","-9999","-9999","-9999","-9999","-9999","-9999","-9999","-9999","-9999","-9999","-9999","-9999","-9999","-9999","-9999","-9999","-9999","-9999","-9999","-9999","-9999","-9999","-9999","-9999","-9999","-9999","-9999","-9999","-9999","-9999","-9999","-9999","-9999","-9999","-9999","-9999","-9999","-9999","-9999","-9999","-9999","-9999","-9999","-9999","-9999","-9999","-9999","-9999","-9999","-9999","-9999","-9999","-9999","-9999","-9999","-9999","-9999","-9999","-9999","<20","-9999","-9999","-9999","-9999","-9999","-9999","-9999","-9999","-9999","-9999","-9999","-9999","-9999","-9999","-9999","-9999","-9999","-9999","-9999","-9999","-9999","-9999","-9999","-9999","-9999","-9999","-9999","-9999","-9999","-9999","-9999","<20","-9999","-9999","-9999","-9999","-9999","-9999","-9999","-9999","-9999","-9999","-9999","-9999","-9999","-9999","Purple Rock Inc.","Alberta Geological Survey"
"75691","MAR_20020002-00086-5693-ICP-0.01pct-2001-11-21-Bondar-Clegg & Company Ltd.-N/A-N/A-","MAR_20020002","86","200110-128","5693","156.37","157.71","-9999","2001-11-21","2001-09-28","Bondar-Clegg & Company Ltd.","BOND-UNSP","Unspecified","0.01pct","Submitted sample","ICP","-9999","-9999","-9999","-9999","-9999","-9999","-9999","-9999","7.08","-9999","-9999","-9999","-9999","-9999","-9999","-9999","-9999","-9999","-9999","-9999","-9999","-9999","-9999","-9999","-9999","-9999","-9999","-9999","-9999","-9999","-9999","-9999","-9999","-9999","9.01","-9999","-9999","-9999","-9999","-9999","-9999","-9999","-9999","-9999","-9999","-9999","-9999","-9999","-9999","-9999","-9999","-9999","-9999","-9999","-9999","-9999","-9999","-9999","-9999","-9999","-9999","-9999","-9999","-9999","-9999","-9999","-9999","-9999","-9999","-9999","-9999","-9999","4.7","-9999","-9999","-9999","-9999","-9999","-9999","-9999","-9999","-9999","-9999","-9999","-9999","-9999","-9999","-9999","-9999","-9999","-9999","-9999","-9999","2.54","-9999","-9999","-9999","-9999","-9999","-9999","-9999","-9999","-9999","-9999","-9999","-9999","-9999","-9999","-9999","2.23","-9999","-9999","-9999","-9999","-9999","-9999","-9999","-9999","-9999","-9999","-9999","-9999","-9999","-9999","0.13","-9999","-9999","-9999","-9999","-9999","-9999","-9999","-9999","-9999","-9999","-9999","-9999","-9999","-9999","-9999","-9999","-9999","-9999","-9999","-9999","-9999","-9999","-9999","-9999","-9999","-9999","-9999","-9999","-9999","-9999","-9999","-9999","-9999","-9999","-9999","-9999","-9999","-9999","-9999","-9999","-9999","-9999","-9999","-9999","-9999","-9999","-9999","-9999","-9999","-9999","-9999","-9999","-9999","-9999","-9999","-9999","-9999","-9999","-9999","-9999","-9999","-9999","-9999","-9999","-9999","-9999","-9999","-9999","-9999","-9999","-9999","-9999","-9999","-9999","-9999","-9999","-9999","-9999","-9999","0.35","-9999","-9999","-9999","-9999","-9999","-9999","-9999","-9999","-9999","-9999","-9999","-9999","-9999","-9999","-9999","-9999","-9999","-9999","-9999","-9999","-9999","-9999","-9999","-9999","-9999","-9999","-9999","-9999","-9999","Purple Rock Inc.","Alberta Geological Survey"
"75692","MAR_20020002-00086-5693-ICP-10.0ppm-2001-11-21-Bondar-Clegg & Company Ltd.-N/A-N/A-","MAR_20020002","86","200110-128","5693","156.37","157.71","-9999","2001-11-21","2001-09-28","Bondar-Clegg & Company Ltd.","BOND-UNSP","Unspecified","10.0ppm","Submitted sample","ICP","-9999","-9999","-9999","-9999","-9999","-9999","-9999","-9999","-9999","-9999","-9999","-9999","-9999","-9999","-9999","-9999","-9999","-9999","-9999","-9999","-9999","-9999","-9999","-9999","-9999","-9999","-9999","-9999","-9999","-9999","-9999","-9999","-9999","-9999","-9999","-9999","-9999","-9999","-9999","-9999","-9999","-9999","-9999","-9999","-9999","-9999","-9999","-9999","-9999","-9999","-9999","-9999","-9999","-9999","-9999","-9999","-9999","-9999","-9999","-9999","-9999","-9999","-9999","-9999","-9999","-9999","-9999","-9999","-9999","-9999","-9999","-9999","-9999","-9999","-9999","-9999","<10","-9999","-9999","-9999","-9999","-9999","-9999","-9999","-9999","-9999","-9999","-9999","-9999","-9999","-9999","-9999","-9999","-9999","-9999","-9999","-9999","-9999","-9999","-9999","-9999","-9999","-9999","-9999","-9999","-9999","-9999","-9999","-9999","-9999","-9999","-9999","-9999","-9999","-9999","-9999","-9999","-9999","-9999","-9999","-9999","-9999","-9999","-9999","-9999","-9999","-9999","-9999","-9999","-9999","-9999","-9999","-9999","-9999","-9999","-9999","-9999","-9999","-9999","-9999","-9999","-9999","-9999","-9999","-9999","-9999","-9999","-9999","-9999","-9999","-9999","-9999","-9999","-9999","-9999","-9999","-9999","-9999","-9999","-9999","-9999","-9999","-9999","-9999","-9999","-9999","-9999","-9999","-9999","-9999","-9999","-9999","-9999","-9999","-9999","-9999","-9999","-9999","-9999","-9999","-9999","-9999","-9999","-9999","-9999","-9999","-9999","-9999","-9999","-9999","-9999","-9999","-9999","-9999","-9999","-9999","-9999","-9999","-9999","-9999","-9999","-9999","-9999","-9999","-9999","-9999","-9999","-9999","-9999","-9999","-9999","-9999","-9999","-9999","-9999","-9999","-9999","-9999","-9999","-9999","-9999","-9999","-9999","-9999","-9999","-9999","-9999","-9999","-9999","-9999","-9999","-9999","-9999","-9999","Purple Rock Inc.","Alberta Geological Survey"
"75743","MAR_20020002-00087-5694-ICP-10.0ppm-2001-11-21-Bondar-Clegg & Company Ltd.-N/A-N/A-","MAR_20020002","87","200110-128","5694","157.71","158.3","-9999","2001-11-21","2001-09-28","Bondar-Clegg & Company Ltd.","BOND-UNSP","Unspecified","10.0ppm","Submitted sample","ICP","-9999","-9999","-9999","-9999","-9999","-9999","-9999","-9999","-9999","-9999","-9999","-9999","-9999","-9999","-9999","-9999","-9999","-9999","-9999","-9999","-9999","-9999","-9999","-9999","-9999","-9999","-9999","-9999","-9999","-9999","-9999","-9999","-9999","-9999","-9999","-9999","-9999","-9999","-9999","-9999","-9999","-9999","-9999","-9999","-9999","-9999","-9999","-9999","-9999","-9999","-9999","-9999","-9999","-9999","-9999","-9999","-9999","-9999","-9999","-9999","-9999","-9999","-9999","-9999","-9999","-9999","-9999","-9999","-9999","-9999","-9999","-9999","-9999","-9999","-9999","-9999","<10","-9999","-9999","-9999","-9999","-9999","-9999","-9999","-9999","-9999","-9999","-9999","-9999","-9999","-9999","-9999","-9999","-9999","-9999","-9999","-9999","-9999","-9999","-9999","-9999","-9999","-9999","-9999","-9999","-9999","-9999","-9999","-9999","-9999","-9999","-9999","-9999","-9999","-9999","-9999","-9999","-9999","-9999","-9999","-9999","-9999","-9999","-9999","-9999","-9999","-9999","-9999","-9999","-9999","-9999","-9999","-9999","-9999","-9999","-9999","-9999","-9999","-9999","-9999","-9999","-9999","-9999","-9999","-9999","-9999","-9999","-9999","-9999","-9999","-9999","-9999","-9999","-9999","-9999","-9999","-9999","-9999","-9999","-9999","-9999","-9999","-9999","-9999","-9999","-9999","-9999","-9999","-9999","-9999","-9999","-9999","-9999","-9999","-9999","-9999","-9999","-9999","-9999","-9999","-9999","-9999","-9999","-9999","-9999","-9999","-9999","-9999","-9999","-9999","-9999","-9999","-9999","-9999","-9999","-9999","-9999","-9999","-9999","-9999","-9999","-9999","-9999","-9999","-9999","-9999","-9999","-9999","-9999","-9999","-9999","-9999","-9999","-9999","-9999","-9999","-9999","-9999","-9999","-9999","-9999","-9999","-9999","-9999","-9999","-9999","-9999","-9999","-9999","-9999","-9999","-9999","-9999","-9999","Purple Rock Inc.","Alberta Geological Survey"
"75744","MAR_20020002-00087-5694-ICP-25.0ppm-2001-11-21-Bondar-Clegg & Company Ltd.-N/A-N/A-","MAR_20020002","87","200110-128","5694","157.71","158.3","-9999","2001-11-21","2001-09-28","Bondar-Clegg & Company Ltd.","BOND-UNSP","Unspecified","25.0ppm","Submitted sample","ICP","-9999","-9999","-9999","-9999","-9999","-9999","-9999","-9999","-9999","-9999","-9999","-9999","-9999","-9999","-9999","-9999","-9999","-9999","-9999","-9999","-9999","-9999","-9999","-9999","-9999","-9999","-9999","-9999","-9999","-9999","-9999","-9999","-9999","-9999","-9999","-9999","-9999","-9999","-9999","-9999","-9999","-9999","-9999","-9999","-9999","-9999","-9999","-9999","-9999","-9999","-9999","-9999","-9999","-9999","-9999","-9999","-9999","-9999","-9999","-9999","-9999","-9999","-9999","-9999","-9999","-9999","-9999","-9999","-9999","-9999","-9999","-9999","-9999","-9999","-9999","-9999","-9999","-9999","-9999","-9999","-9999","-9999","-9999","-9999","-9999","-9999","-9999","-9999","-9999","-9999","-9999","-9999","-9999","-9999","-9999","-9999","-9999","-9999","-9999","-9999","-9999","-9999","-9999","-9999","-9999","-9999","-9999","-9999","-9999","-9999","-9999","-9999","-9999","-9999","-9999","-9999","-9999","-9999","-9999","-9999","-9999","-9999","-9999","-9999","-9999","-9999","-9999","-9999","-9999","-9999","-9999","-9999","-9999","-9999","-9999","-9999","-9999","-9999","-9999","-9999","-9999","-9999","-9999","-9999","-9999","-9999","-9999","-9999","-9999","-9999","-9999","-9999","-9999","-9999","-9999","-9999","-9999","-9999","-9999","-9999","-9999","-9999","-9999","-9999","-9999","-9999","-9999","-9999","-9999","-9999","-9999","-9999","-9999","-9999","-9999","-9999","-9999","-9999","-9999","-9999","-9999","-9999","-9999","-9999","-9999","-9999","-9999","-9999","-9999","-9999","-9999","-9999","-9999","-9999","-9999","-9999","-9999","-9999","-9999","-9999","-9999","<25","-9999","-9999","-9999","-9999","-9999","-9999","-9999","-9999","-9999","-9999","-9999","-9999","-9999","-9999","-9999","-9999","-9999","-9999","-9999","-9999","-9999","-9999","-9999","-9999","-9999","-9999","-9999","-9999","-9999","-9999","-9999","-9999","Purple Rock Inc.","Alberta Geological Survey"
"75745","MAR_20020002-00087-5694-ICP-2.0ppm-2001-11-21-Bondar-Clegg & Company Ltd.-N/A-N/A-","MAR_20020002","87","200110-128","5694","157.71","158.3","-9999","2001-11-21","2001-09-28","Bondar-Clegg & Company Ltd.","BOND-UNSP","Unspecified","2.0ppm","Submitted sample","ICP","-9999","-9999","-9999","-9999","-9999","-9999","-9999","-9999","-9999","-9999","-9999","-9999","-9999","-9999","-9999","-9999","-9999","-9999","-9999","-9999","-9999","-9999","-9999","-9999","-9999","-9999","-9999","-9999","-9999","-9999","-9999","-9999","-9999","-9999","-9999","-9999","-9999","-9999","-9999","-9999","-9999","-9999","-9999","-9999","-9999","-9999","-9999","-9999","-9999","-9999","-9999","-9999","-9999","18","-9999","-9999","-9999","-9999","-9999","-9999","-9999","-9999","-9999","-9999","-9999","-9999","-9999","-9999","-9999","-9999","-9999","-9999","-9999","-9999","-9999","-9999","-9999","-9999","-9999","-9999","-9999","-9999","-9999","-9999","-9999","-9999","-9999","-9999","-9999","-9999","-9999","-9999","-9999","-9999","-9999","-9999","-9999","-9999","-9999","-9999","-9999","-9999","-9999","9","-9999","-9999","-9999","-9999","-9999","-9999","-9999","-9999","-9999","-9999","-9999","-9999","-9999","-9999","-9999","-9999","-9999","-9999","-9999","-9999","-9999","-9999","-9999","-9999","-9999","-9999","-9999","-9999","-9999","-9999","-9999","-9999","-9999","-9999","-9999","-9999","-9999","-9999","-9999","-9999","-9999","<2","-9999","-9999","-9999","-9999","-9999","-9999","-9999","-9999","-9999","-9999","-9999","-9999","-9999","-9999","-9999","-9999","-9999","-9999","-9999","-9999","-9999","-9999","-9999","-9999","-9999","-9999","-9999","-9999","-9999","-9999","-9999","-9999","-9999","-9999","-9999","-9999","-9999","-9999","-9999","-9999","-9999","-9999","-9999","-9999","-9999","-9999","-9999","-9999","-9999","-9999","-9999","-9999","-9999","-9999","-9999","-9999","-9999","-9999","-9999","-9999","-9999","-9999","-9999","-9999","-9999","-9999","-9999","-9999","-9999","-9999","16","-9999","-9999","-9999","-9999","-9999","-9999","-9999","-9999","-9999","-9999","26","-9999","-9999","-9999","-9999","-9999","-9999","Purple Rock Inc.","Alberta Geological Survey"
"75746","MAR_20020002-00087-5694-ICP-0.01pct-2001-11-21-Bondar-Clegg & Company Ltd.-N/A-N/A-","MAR_20020002","87","200110-128","5694","157.71","158.3","-9999","2001-11-21","2001-09-28","Bondar-Clegg & Company Ltd.","BOND-UNSP","Unspecified","0.01pct","Submitted sample","ICP","-9999","-9999","-9999","-9999","-9999","-9999","-9999","-9999","1.46","-9999","-9999","-9999","-9999","-9999","-9999","-9999","-9999","-9999","-9999","-9999","-9999","-9999","-9999","-9999","-9999","-9999","-9999","-9999","-9999","-9999","-9999","-9999","-9999","-9999",">10.00","-9999","-9999","-9999","-9999","-9999","-9999","-9999","-9999","-9999","-9999","-9999","-9999","-9999","-9999","-9999","-9999","-9999","-9999","-9999","-9999","-9999","-9999","-9999","-9999","-9999","-9999","-9999","-9999","-9999","-9999","-9999","-9999","-9999","-9999","-9999","-9999","-9999","1.31","-9999","-9999","-9999","-9999","-9999","-9999","-9999","-9999","-9999","-9999","-9999","-9999","-9999","-9999","-9999","-9999","-9999","-9999","-9999","-9999","0.57","-9999","-9999","-9999","-9999","-9999","-9999","-9999","-9999","-9999","-9999","-9999","-9999","-9999","-9999","-9999","0.85","-9999","-9999","-9999","-9999","-9999","-9999","-9999","-9999","-9999","-9999","-9999","-9999","-9999","-9999","0.05","-9999","-9999","-9999","-9999","-9999","-9999","-9999","-9999","-9999","-9999","-9999","-9999","-9999","-9999","-9999","-9999","-9999","-9999","-9999","-9999","-9999","-9999","-9999","-9999","-9999","-9999","-9999","-9999","-9999","-9999","-9999","-9999","-9999","-9999","-9999","-9999","-9999","-9999","-9999","-9999","-9999","-9999","-9999","-9999","-9999","-9999","-9999","-9999","-9999","-9999","-9999","-9999","-9999","-9999","-9999","-9999","-9999","-9999","-9999","-9999","-9999","-9999","-9999","-9999","-9999","-9999","-9999","-9999","-9999","-9999","-9999","-9999","-9999","-9999","-9999","-9999","-9999","-9999","-9999","0.08","-9999","-9999","-9999","-9999","-9999","-9999","-9999","-9999","-9999","-9999","-9999","-9999","-9999","-9999","-9999","-9999","-9999","-9999","-9999","-9999","-9999","-9999","-9999","-9999","-9999","-9999","-9999","-9999","-9999","Purple Rock Inc.","Alberta Geological Survey"
"75747","MAR_20020002-00087-5694-ICP-1.0ppm-2001-11-21-Bondar-Clegg & Company Ltd.-N/A-N/A-","MAR_20020002","87","200110-128","5694","157.71","158.3","-9999","2001-11-21","2001-09-28","Bondar-Clegg & Company Ltd.","BOND-UNSP","Unspecified","1.0ppm","Submitted sample","ICP","-9999","-9999","-9999","-9999","-9999","-9999","-9999","-9999","-9999","-9999","-9999","-9999","-9999","-9999","-9999","-9999","-9999","-9999","-9999","-9999","-9999","-9999","-9999","-9999","-9999","-9999","-9999","-9999","-9999","-9999","-9999","-9999","-9999","-9999","-9999","-9999","-9999","-9999","-9999","-9999","-9999","-9999","<1.0","-9999","-9999","-9999","-9999","-9999","-9999","4","-9999","-9999","-9999","-9999","-9999","-9999","-9999","5","-9999","-9999","-9999","-9999","-9999","-9999","-9999","-9999","-9999","-9999","-9999","-9999","-9999","-9999","-9999","-9999","-9999","-9999","-9999","-9999","-9999","-9999","-9999","-9999","-9999","-9999","-9999","-9999","-9999","-9999","-9999","-9999","-9999","-9999","-9999","-9999","-9999","-9999","-9999","-9999","-9999","-9999","-9999","-9999","-9999","-9999","-9999","-9999","-9999","-9999","-9999","-9999","-9999","-9999","-9999","-9999","-9999","-9999","-9999","-9999","-9999","-9999","-9999","2","-9999","-9999","-9999","-9999","-9999","-9999","-9999","-9999","-9999","-9999","-9999","-9999","6","-9999","-9999","-9999","-9999","-9999","-9999","-9999","-9999","-9999","-9999","-9999","-9999","-9999","-9999","-9999","-9999","-9999","-9999","-9999","-9999","-9999","-9999","-9999","-9999","-9999","-9999","-9999","-9999","-9999","-9999","-9999","-9999","-9999","-9999","-9999","-9999","-9999","-9999","-9999","-9999","-9999","-9999","-9999","-9999","-9999","-9999","-9999","-9999","-9999","-9999","-9999","-9999","-9999","-9999","-9999","-9999","-9999","282","-9999","-9999","-9999","-9999","-9999","-9999","-9999","-9999","-9999","-9999","-9999","-9999","-9999","-9999","-9999","-9999","-9999","-9999","-9999","-9999","-9999","-9999","-9999","-9999","-9999","-9999","-9999","-9999","-9999","-9999","-9999","-9999","-9999","-9999","-9999","-9999","-9999","-9999","-9999","-9999","-9999","Purple Rock Inc.","Alberta Geological Survey"
"75748","MAR_20020002-00087-5694-ICP-20.0ppm-2001-11-21-Bondar-Clegg & Company Ltd.-N/A-N/A-","MAR_20020002","87","200110-128","5694","157.71","158.3","-9999","2001-11-21","2001-09-28","Bondar-Clegg & Company Ltd.","BOND-UNSP","Unspecified","20.0ppm","Submitted sample","ICP","-9999","-9999","-9999","-9999","-9999","-9999","-9999","-9999","-9999","-9999","-9999","-9999","-9999","-9999","-9999","-9999","-9999","-9999","-9999","-9999","-9999","-9999","-9999","-9999","-9999","-9999","-9999","-9999","-9999","-9999","-9999","-9999","-9999","-9999","-9999","-9999","-9999","-9999","-9999","-9999","-9999","-9999","-9999","-9999","-9999","-9999","-9999","-9999","-9999","-9999","-9999","-9999","-9999","-9999","-9999","-9999","-9999","-9999","-9999","-9999","-9999","-9999","-9999","-9999","-9999","-9999","-9999","-9999","-9999","-9999","-9999","-9999","-9999","-9999","-9999","-9999","-9999","-9999","-9999","-9999","-9999","-9999","-9999","-9999","-9999","-9999","-9999","-9999","-9999","-9999","-9999","-9999","-9999","-9999","-9999","-9999","-9999","-9999","-9999","-9999","-9999","-9999","-9999","-9999","-9999","-9999","-9999","-9999","-9999","-9999","-9999","-9999","-9999","-9999","-9999","-9999","-9999","-9999","-9999","-9999","-9999","-9999","-9999","-9999","-9999","-9999","-9999","-9999","-9999","-9999","-9999","-9999","-9999","-9999","-9999","-9999","-9999","-9999","-9999","-9999","-9999","-9999","-9999","-9999","-9999","-9999","-9999","-9999","-9999","-9999","-9999","-9999","-9999","-9999","-9999","-9999","-9999","-9999","-9999","-9999","-9999","-9999","-9999","-9999","-9999","-9999","-9999","-9999","-9999","-9999","-9999","-9999","-9999","-9999","-9999","-9999","-9999","-9999","-9999","-9999","-9999","-9999","-9999","-9999","-9999","-9999","-9999","<20","-9999","-9999","-9999","-9999","-9999","-9999","-9999","-9999","-9999","-9999","-9999","-9999","-9999","-9999","-9999","-9999","-9999","-9999","-9999","-9999","-9999","-9999","-9999","-9999","-9999","-9999","-9999","-9999","-9999","-9999","-9999","<20","-9999","-9999","-9999","-9999","-9999","-9999","-9999","-9999","-9999","-9999","-9999","-9999","-9999","-9999","Purple Rock Inc.","Alberta Geological Survey"
"75749","MAR_20020002-00087-5694-ICP-0.002pct-2001-11-21-Bondar-Clegg & Company Ltd.-N/A-N/A-","MAR_20020002","87","200110-128","5694","157.71","158.3","-9999","2001-11-21","2001-09-28","Bondar-Clegg & Company Ltd.","BOND-UNSP","Unspecified","0.002pct","Submitted sample","ICP","-9999","-9999","-9999","-9999","-9999","-9999","-9999","-9999","-9999","-9999","-9999","-9999","-9999","-9999","-9999","-9999","-9999","-9999","-9999","-9999","-9999","-9999","-9999","-9999","-9999","-9999","-9999","-9999","-9999","-9999","-9999","-9999","-9999","-9999","-9999","-9999","-9999","-9999","-9999","-9999","-9999","-9999","-9999","-9999","-9999","-9999","-9999","-9999","-9999","-9999","-9999","-9999","-9999","-9999","-9999","-9999","-9999","-9999","-9999","-9999","-9999","-9999","-9999","-9999","-9999","-9999","-9999","-9999","-9999","-9999","-9999","-9999","-9999","-9999","-9999","-9999","-9999","-9999","-9999","-9999","-9999","-9999","-9999","-9999","-9999","-9999","-9999","-9999","-9999","-9999","-9999","-9999","-9999","-9999","-9999","-9999","-9999","-9999","-9999","-9999","-9999","-9999","-9999","-9999","-9999","-9999","-9999","-9999","-9999","-9999","-9999","-9999","-9999","-9999","-9999","-9999","-9999","-9999","-9999","-9999","-9999","-9999","-9999","-9999","-9999","-9999","-9999","-9999","-9999","-9999","-9999","-9999","-9999","-9999","-9999","-9999","-9999","-9999","-9999","-9999","-9999","-9999","-9999","-9999","-9999","-9999","-9999","-9999","-9999","-9999","-9999","-9999","-9999","-9999","-9999","-9999","-9999","-9999","-9999","-9999","-9999","-9999","-9999","-9999","-9999","-9999","-9999","-9999","-9999","-9999","-9999","0.656","-9999","-9999","-9999","-9999","-9999","-9999","-9999","-9999","-9999","-9999","-9999","-9999","-9999","-9999","-9999","-9999","-9999","-9999","-9999","-9999","-9999","-9999","-9999","-9999","-9999","-9999","-9999","-9999","-9999","-9999","-9999","-9999","-9999","-9999","-9999","-9999","-9999","-9999","-9999","-9999","-9999","-9999","-9999","-9999","-9999","-9999","-9999","-9999","-9999","-9999","-9999","-9999","-9999","-9999","-9999","-9999","-9999","-9999","-9999","-9999","-9999","-9999","Purple Rock Inc.","Alberta Geological Survey"
"75750","MAR_20020002-00087-5694-ICP-10.0pct-2001-11-21-Bondar-Clegg & Company Ltd.-N/A-N/A-","MAR_20020002","87","200110-128","5694","157.71","158.3","-9999","2001-11-21","2001-09-28","Bondar-Clegg & Company Ltd.","BOND-UNSP","Unspecified","10.0pct","Submitted sample","ICP","-9999","-9999","-9999","-9999","-9999","-9999","-9999","-9999","-9999","-9999","-9999","-9999","-9999","-9999","-9999","-9999","-9999","-9999","-9999","-9999","-9999","-9999","-9999","-9999","-9999","-9999","-9999","-9999","-9999","-9999","-9999","-9999","-9999","30.7","-9999","-9999","-9999","-9999","-9999","-9999","-9999","-9999","-9999","-9999","-9999","-9999","-9999","-9999","-9999","-9999","-9999","-9999","-9999","-9999","-9999","-9999","-9999","-9999","-9999","-9999","-9999","-9999","-9999","-9999","-9999","-9999","-9999","-9999","-9999","-9999","-9999","-9999","-9999","-9999","-9999","-9999","-9999","-9999","-9999","-9999","-9999","-9999","-9999","-9999","-9999","-9999","-9999","-9999","-9999","-9999","-9999","-9999","-9999","-9999","-9999","-9999","-9999","-9999","-9999","-9999","-9999","-9999","-9999","-9999","-9999","-9999","-9999","-9999","-9999","-9999","-9999","-9999","-9999","-9999","-9999","-9999","-9999","-9999","-9999","-9999","-9999","-9999","-9999","-9999","-9999","-9999","-9999","-9999","-9999","-9999","-9999","-9999","-9999","-9999","-9999","-9999","-9999","-9999","-9999","-9999","-9999","-9999","-9999","-9999","-9999","-9999","-9999","-9999","-9999","-9999","-9999","-9999","-9999","-9999","-9999","-9999","-9999","-9999","-9999","-9999","-9999","-9999","-9999","-9999","-9999","-9999","-9999","-9999","-9999","-9999","-9999","-9999","-9999","-9999","-9999","-9999","-9999","-9999","-9999","-9999","-9999","-9999","-9999","-9999","-9999","-9999","-9999","-9999","-9999","-9999","-9999","-9999","-9999","-9999","-9999","-9999","-9999","-9999","-9999","-9999","-9999","-9999","-9999","-9999","-9999","-9999","-9999","-9999","-9999","-9999","-9999","-9999","-9999","-9999","-9999","-9999","-9999","-9999","-9999","-9999","-9999","-9999","-9999","-9999","-9999","-9999","-9999","-9999","-9999","-9999","-9999","-9999","-9999","-9999","Purple Rock Inc.","Alberta Geological Survey"
"75751","MAR_20020002-00087-5694-ICP-5.0ppm-2001-11-21-Bondar-Clegg & Company Ltd.-N/A-N/A-","MAR_20020002","87","200110-128","5694","157.71","158.3","-9999","2001-11-21","2001-09-28","Bondar-Clegg & Company Ltd.","BOND-UNSP","Unspecified","5.0ppm","Submitted sample","ICP","-9999","-9999","-9999","-9999","-9999","-9999","-9999","-9999","-9999","-9999","-9999","-9999","<5","-9999","-9999","-9999","-9999","-9999","-9999","-9999","-9999","-9999","-9999","101","-9999","-9999","-9999","-9999","<5","-9999","-9999","-9999","-9999","-9999","-9999","-9999","-9999","-9999","-9999","-9999","-9999","-9999","-9999","-9999","-9999","-9999","-9999","-9999","-9999","-9999","-9999","-9999","-9999","-9999","-9999","-9999","-9999","-9999","-9999","-9999","-9999","-9999","-9999","-9999","-9999","-9999","-9999","-9999","-9999","-9999","-9999","-9999","-9999","-9999","-9999","-9999","-9999","-9999","-9999","-9999","-9999","-9999","-9999","-9999","-9999","-9999","-9999","-9999","-9999","-9999","-9999","-9999","-9999","-9999","-9999","-9999","-9999","-9999","-9999","-9999","-9999","9","-9999","-9999","-9999","-9999","-9999","-9999","-9999","-9999","-9999","-9999","-9999","-9999","-9999","-9999","-9999","1101","-9999","-9999","-9999","-9999","-9999","-9999","-9999","-9999","-9999","-9999","-9999","<5","-9999","-9999","-9999","-9999","-9999","-9999","-9999","-9999","-9999","-9999","-9999","-9999","-9999","-9999","-9999","-9999","-9999","-9999","-9999","-9999","-9999","-9999","-9999","-9999","-9999","-9999","-9999","-9999","-9999","-9999","-9999","-9999","-9999","-9999","-9999","-9999","-9999","-9999","-9999","-9999","-9999","-9999","-9999","-9999","<5","-9999","<5","-9999","-9999","-9999","-9999","-9999","-9999","-9999","-9999","-9999","-9999","-9999","-9999","-9999","-9999","-9999","-9999","-9999","-9999","-9999","<5","-9999","-9999","-9999","-9999","-9999","-9999","-9999","-9999","-9999","-9999","-9999","-9999","-9999","-9999","-9999","-9999","-9999","-9999","-9999","-9999","-9999","-9999","-9999","-9999","9","-9999","-9999","-9999","-9999","-9999","-9999","-9999","-9999","-9999","26","-9999","-9999","Purple Rock Inc.","Alberta Geological Survey"
"75752","MAR_20020002-00087-5694-ICP-0.5ppm-2001-11-21-Bondar-Clegg & Company Ltd.-N/A-N/A-","MAR_20020002","87","200110-128","5694","157.71","158.3","-9999","2001-11-21","2001-09-28","Bondar-Clegg & Company Ltd.","BOND-UNSP","Unspecified","0.5ppm","Submitted sample","ICP","-9999","-9999","-9999","-9999","-9999","1.1","-9999","-9999","-9999","-9999","-9999","-9999","-9999","-9999","-9999","-9999","-9999","-9999","-9999","-9999","-9999","-9999","-9999","-9999","-9999","-9999","-9999","-9999","-9999","-9999","-9999","-9999","-9999","-9999","-9999","-9999","-9999","-9999","-9999","-9999","-9999","-9999","-9999","-9999","-9999","-9999","-9999","-9999","-9999","-9999","-9999","-9999","-9999","-9999","-9999","-9999","-9999","-9999","-9999","-9999","-9999","-9999","-9999","-9999","-9999","-9999","-9999","-9999","-9999","-9999","-9999","-9999","-9999","-9999","-9999","-9999","-9999","-9999","-9999","-9999","-9999","-9999","-9999","-9999","-9999","-9999","-9999","-9999","-9999","-9999","-9999","-9999","-9999","-9999","-9999","-9999","-9999","-9999","-9999","-9999","-9999","-9999","-9999","-9999","-9999","-9999","-9999","-9999","-9999","-9999","-9999","-9999","-9999","-9999","-9999","-9999","-9999","-9999","-9999","-9999","-9999","-9999","-9999","-9999","-9999","-9999","-9999","-9999","-9999","-9999","-9999","-9999","-9999","-9999","-9999","-9999","-9999","-9999","-9999","-9999","-9999","-9999","-9999","-9999","-9999","-9999","-9999","-9999","-9999","-9999","-9999","-9999","-9999","-9999","-9999","-9999","-9999","-9999","-9999","-9999","-9999","-9999","-9999","-9999","-9999","-9999","-9999","-9999","-9999","-9999","-9999","-9999","-9999","-9999","-9999","-9999","-9999","-9999","-9999","-9999","-9999","-9999","-9999","-9999","-9999","-9999","-9999","-9999","-9999","-9999","-9999","-9999","-9999","-9999","-9999","-9999","-9999","-9999","-9999","-9999","-9999","-9999","-9999","-9999","-9999","-9999","-9999","-9999","-9999","-9999","-9999","-9999","-9999","-9999","-9999","-9999","-9999","-9999","-9999","-9999","-9999","-9999","-9999","-9999","-9999","-9999","-9999","-9999","-9999","-9999","-9999","-9999","-9999","-9999","Purple Rock Inc.","Alberta Geological Survey"
"75803","MAR_20020002-00088-5695-ICP-0.5ppm-2001-11-21-Bondar-Clegg & Company Ltd.-N/A-N/A-","MAR_20020002","88","200110-128","5695","158.3","159.7","-9999","2001-11-21","2001-09-28","Bondar-Clegg & Company Ltd.","BOND-UNSP","Unspecified","0.5ppm","Submitted sample","ICP","-9999","-9999","-9999","-9999","-9999","<0.5","-9999","-9999","-9999","-9999","-9999","-9999","-9999","-9999","-9999","-9999","-9999","-9999","-9999","-9999","-9999","-9999","-9999","-9999","-9999","-9999","-9999","-9999","-9999","-9999","-9999","-9999","-9999","-9999","-9999","-9999","-9999","-9999","-9999","-9999","-9999","-9999","-9999","-9999","-9999","-9999","-9999","-9999","-9999","-9999","-9999","-9999","-9999","-9999","-9999","-9999","-9999","-9999","-9999","-9999","-9999","-9999","-9999","-9999","-9999","-9999","-9999","-9999","-9999","-9999","-9999","-9999","-9999","-9999","-9999","-9999","-9999","-9999","-9999","-9999","-9999","-9999","-9999","-9999","-9999","-9999","-9999","-9999","-9999","-9999","-9999","-9999","-9999","-9999","-9999","-9999","-9999","-9999","-9999","-9999","-9999","-9999","-9999","-9999","-9999","-9999","-9999","-9999","-9999","-9999","-9999","-9999","-9999","-9999","-9999","-9999","-9999","-9999","-9999","-9999","-9999","-9999","-9999","-9999","-9999","-9999","-9999","-9999","-9999","-9999","-9999","-9999","-9999","-9999","-9999","-9999","-9999","-9999","-9999","-9999","-9999","-9999","-9999","-9999","-9999","-9999","-9999","-9999","-9999","-9999","-9999","-9999","-9999","-9999","-9999","-9999","-9999","-9999","-9999","-9999","-9999","-9999","-9999","-9999","-9999","-9999","-9999","-9999","-9999","-9999","-9999","-9999","-9999","-9999","-9999","-9999","-9999","-9999","-9999","-9999","-9999","-9999","-9999","-9999","-9999","-9999","-9999","-9999","-9999","-9999","-9999","-9999","-9999","-9999","-9999","-9999","-9999","-9999","-9999","-9999","-9999","-9999","-9999","-9999","-9999","-9999","-9999","-9999","-9999","-9999","-9999","-9999","-9999","-9999","-9999","-9999","-9999","-9999","-9999","-9999","-9999","-9999","-9999","-9999","-9999","-9999","-9999","-9999","-9999","-9999","-9999","-9999","-9999","-9999","Purple Rock Inc.","Alberta Geological Survey"
"75804","MAR_20020002-00088-5695-ICP-2.0ppm-2001-11-21-Bondar-Clegg & Company Ltd.-N/A-N/A-","MAR_20020002","88","200110-128","5695","158.3","159.7","-9999","2001-11-21","2001-09-28","Bondar-Clegg & Company Ltd.","BOND-UNSP","Unspecified","2.0ppm","Submitted sample","ICP","-9999","-9999","-9999","-9999","-9999","-9999","-9999","-9999","-9999","-9999","-9999","-9999","-9999","-9999","-9999","-9999","-9999","-9999","-9999","-9999","-9999","-9999","-9999","-9999","-9999","-9999","-9999","-9999","-9999","-9999","-9999","-9999","-9999","-9999","-9999","-9999","-9999","-9999","-9999","-9999","-9999","-9999","-9999","-9999","-9999","-9999","-9999","-9999","-9999","-9999","-9999","-9999","-9999","51","-9999","-9999","-9999","-9999","-9999","-9999","-9999","-9999","-9999","-9999","-9999","-9999","-9999","-9999","-9999","-9999","-9999","-9999","-9999","-9999","-9999","-9999","-9999","-9999","-9999","-9999","-9999","-9999","-9999","-9999","-9999","-9999","-9999","-9999","-9999","-9999","-9999","-9999","-9999","-9999","-9999","-9999","-9999","-9999","-9999","-9999","-9999","-9999","-9999","26","-9999","-9999","-9999","-9999","-9999","-9999","-9999","-9999","-9999","-9999","-9999","-9999","-9999","-9999","-9999","-9999","-9999","-9999","-9999","-9999","-9999","-9999","-9999","-9999","-9999","-9999","-9999","-9999","-9999","-9999","-9999","-9999","-9999","-9999","-9999","-9999","-9999","-9999","-9999","-9999","-9999","2","-9999","-9999","-9999","-9999","-9999","-9999","-9999","-9999","-9999","-9999","-9999","-9999","-9999","-9999","-9999","-9999","-9999","-9999","-9999","-9999","-9999","-9999","-9999","-9999","-9999","-9999","-9999","-9999","-9999","-9999","-9999","-9999","-9999","-9999","-9999","-9999","-9999","-9999","-9999","-9999","-9999","-9999","-9999","-9999","-9999","-9999","-9999","-9999","-9999","-9999","-9999","-9999","-9999","-9999","-9999","-9999","-9999","-9999","-9999","-9999","-9999","-9999","-9999","-9999","-9999","-9999","-9999","-9999","-9999","-9999","45","-9999","-9999","-9999","-9999","-9999","-9999","-9999","-9999","-9999","-9999","47","-9999","-9999","-9999","-9999","-9999","-9999","Purple Rock Inc.","Alberta Geological Survey"
"75805","MAR_20020002-00088-5695-ICP-1.0ppm-2001-11-21-Bondar-Clegg & Company Ltd.-N/A-N/A-","MAR_20020002","88","200110-128","5695","158.3","159.7","-9999","2001-11-21","2001-09-28","Bondar-Clegg & Company Ltd.","BOND-UNSP","Unspecified","1.0ppm","Submitted sample","ICP","-9999","-9999","-9999","-9999","-9999","-9999","-9999","-9999","-9999","-9999","-9999","-9999","-9999","-9999","-9999","-9999","-9999","-9999","-9999","-9999","-9999","-9999","-9999","-9999","-9999","-9999","-9999","-9999","-9999","-9999","-9999","-9999","-9999","-9999","-9999","-9999","-9999","-9999","-9999","-9999","-9999","-9999","<1.0","-9999","-9999","-9999","-9999","-9999","-9999","13","-9999","-9999","-9999","-9999","-9999","-9999","-9999","12","-9999","-9999","-9999","-9999","-9999","-9999","-9999","-9999","-9999","-9999","-9999","-9999","-9999","-9999","-9999","-9999","-9999","-9999","-9999","-9999","-9999","-9999","-9999","-9999","-9999","-9999","-9999","-9999","-9999","-9999","-9999","-9999","-9999","-9999","-9999","-9999","-9999","-9999","-9999","-9999","-9999","-9999","-9999","-9999","-9999","-9999","-9999","-9999","-9999","-9999","-9999","-9999","-9999","-9999","-9999","-9999","-9999","-9999","-9999","-9999","-9999","-9999","-9999","<1","-9999","-9999","-9999","-9999","-9999","-9999","-9999","-9999","-9999","-9999","-9999","-9999","17","-9999","-9999","-9999","-9999","-9999","-9999","-9999","-9999","-9999","-9999","-9999","-9999","-9999","-9999","-9999","-9999","-9999","-9999","-9999","-9999","-9999","-9999","-9999","-9999","-9999","-9999","-9999","-9999","-9999","-9999","-9999","-9999","-9999","-9999","-9999","-9999","-9999","-9999","-9999","-9999","-9999","-9999","-9999","-9999","-9999","-9999","-9999","-9999","-9999","-9999","-9999","-9999","-9999","-9999","-9999","-9999","-9999","208","-9999","-9999","-9999","-9999","-9999","-9999","-9999","-9999","-9999","-9999","-9999","-9999","-9999","-9999","-9999","-9999","-9999","-9999","-9999","-9999","-9999","-9999","-9999","-9999","-9999","-9999","-9999","-9999","-9999","-9999","-9999","-9999","-9999","-9999","-9999","-9999","-9999","-9999","-9999","-9999","-9999","Purple Rock Inc.","Alberta Geological Survey"
"75806","MAR_20020002-00088-5695-ICP-10.0pct-2001-11-21-Bondar-Clegg & Company Ltd.-N/A-N/A-","MAR_20020002","88","200110-128","5695","158.3","159.7","-9999","2001-11-21","2001-09-28","Bondar-Clegg & Company Ltd.","BOND-UNSP","Unspecified","10.0pct","Submitted sample","ICP","-9999","-9999","-9999","-9999","-9999","-9999","-9999","-9999","-9999","-9999","-9999","-9999","-9999","-9999","-9999","-9999","-9999","-9999","-9999","-9999","-9999","-9999","-9999","-9999","-9999","-9999","-9999","-9999","-9999","-9999","-9999","-9999","-9999","15.7","-9999","-9999","-9999","-9999","-9999","-9999","-9999","-9999","-9999","-9999","-9999","-9999","-9999","-9999","-9999","-9999","-9999","-9999","-9999","-9999","-9999","-9999","-9999","-9999","-9999","-9999","-9999","-9999","-9999","-9999","-9999","-9999","-9999","-9999","-9999","-9999","-9999","-9999","-9999","-9999","-9999","-9999","-9999","-9999","-9999","-9999","-9999","-9999","-9999","-9999","-9999","-9999","-9999","-9999","-9999","-9999","-9999","-9999","-9999","-9999","-9999","-9999","-9999","-9999","-9999","-9999","-9999","-9999","-9999","-9999","-9999","-9999","-9999","-9999","-9999","-9999","-9999","-9999","-9999","-9999","-9999","-9999","-9999","-9999","-9999","-9999","-9999","-9999","-9999","-9999","-9999","-9999","-9999","-9999","-9999","-9999","-9999","-9999","-9999","-9999","-9999","-9999","-9999","-9999","-9999","-9999","-9999","-9999","-9999","-9999","-9999","-9999","-9999","-9999","-9999","-9999","-9999","-9999","-9999","-9999","-9999","-9999","-9999","-9999","-9999","-9999","-9999","-9999","-9999","-9999","-9999","-9999","-9999","-9999","-9999","-9999","-9999","-9999","-9999","-9999","-9999","-9999","-9999","-9999","-9999","-9999","-9999","-9999","-9999","-9999","-9999","-9999","-9999","-9999","-9999","-9999","-9999","-9999","-9999","-9999","-9999","-9999","-9999","-9999","-9999","-9999","-9999","-9999","-9999","-9999","-9999","-9999","-9999","-9999","-9999","-9999","-9999","-9999","-9999","-9999","-9999","-9999","-9999","-9999","-9999","-9999","-9999","-9999","-9999","-9999","-9999","-9999","-9999","-9999","-9999","-9999","-9999","-9999","-9999","-9999","Purple Rock Inc.","Alberta Geological Survey"
"75807","MAR_20020002-00088-5695-ICP-0.002pct-2001-11-21-Bondar-Clegg & Company Ltd.-N/A-N/A-","MAR_20020002","88","200110-128","5695","158.3","159.7","-9999","2001-11-21","2001-09-28","Bondar-Clegg & Company Ltd.","BOND-UNSP","Unspecified","0.002pct","Submitted sample","ICP","-9999","-9999","-9999","-9999","-9999","-9999","-9999","-9999","-9999","-9999","-9999","-9999","-9999","-9999","-9999","-9999","-9999","-9999","-9999","-9999","-9999","-9999","-9999","-9999","-9999","-9999","-9999","-9999","-9999","-9999","-9999","-9999","-9999","-9999","-9999","-9999","-9999","-9999","-9999","-9999","-9999","-9999","-9999","-9999","-9999","-9999","-9999","-9999","-9999","-9999","-9999","-9999","-9999","-9999","-9999","-9999","-9999","-9999","-9999","-9999","-9999","-9999","-9999","-9999","-9999","-9999","-9999","-9999","-9999","-9999","-9999","-9999","-9999","-9999","-9999","-9999","-9999","-9999","-9999","-9999","-9999","-9999","-9999","-9999","-9999","-9999","-9999","-9999","-9999","-9999","-9999","-9999","-9999","-9999","-9999","-9999","-9999","-9999","-9999","-9999","-9999","-9999","-9999","-9999","-9999","-9999","-9999","-9999","-9999","-9999","-9999","-9999","-9999","-9999","-9999","-9999","-9999","-9999","-9999","-9999","-9999","-9999","-9999","-9999","-9999","-9999","-9999","-9999","-9999","-9999","-9999","-9999","-9999","-9999","-9999","-9999","-9999","-9999","-9999","-9999","-9999","-9999","-9999","-9999","-9999","-9999","-9999","-9999","-9999","-9999","-9999","-9999","-9999","-9999","-9999","-9999","-9999","-9999","-9999","-9999","-9999","-9999","-9999","-9999","-9999","-9999","-9999","-9999","-9999","-9999","-9999","0.646","-9999","-9999","-9999","-9999","-9999","-9999","-9999","-9999","-9999","-9999","-9999","-9999","-9999","-9999","-9999","-9999","-9999","-9999","-9999","-9999","-9999","-9999","-9999","-9999","-9999","-9999","-9999","-9999","-9999","-9999","-9999","-9999","-9999","-9999","-9999","-9999","-9999","-9999","-9999","-9999","-9999","-9999","-9999","-9999","-9999","-9999","-9999","-9999","-9999","-9999","-9999","-9999","-9999","-9999","-9999","-9999","-9999","-9999","-9999","-9999","-9999","-9999","Purple Rock Inc.","Alberta Geological Survey"
"75808","MAR_20020002-00088-5695-ICP-25.0ppm-2001-11-21-Bondar-Clegg & Company Ltd.-N/A-N/A-","MAR_20020002","88","200110-128","5695","158.3","159.7","-9999","2001-11-21","2001-09-28","Bondar-Clegg & Company Ltd.","BOND-UNSP","Unspecified","25.0ppm","Submitted sample","ICP","-9999","-9999","-9999","-9999","-9999","-9999","-9999","-9999","-9999","-9999","-9999","-9999","-9999","-9999","-9999","-9999","-9999","-9999","-9999","-9999","-9999","-9999","-9999","-9999","-9999","-9999","-9999","-9999","-9999","-9999","-9999","-9999","-9999","-9999","-9999","-9999","-9999","-9999","-9999","-9999","-9999","-9999","-9999","-9999","-9999","-9999","-9999","-9999","-9999","-9999","-9999","-9999","-9999","-9999","-9999","-9999","-9999","-9999","-9999","-9999","-9999","-9999","-9999","-9999","-9999","-9999","-9999","-9999","-9999","-9999","-9999","-9999","-9999","-9999","-9999","-9999","-9999","-9999","-9999","-9999","-9999","-9999","-9999","-9999","-9999","-9999","-9999","-9999","-9999","-9999","-9999","-9999","-9999","-9999","-9999","-9999","-9999","-9999","-9999","-9999","-9999","-9999","-9999","-9999","-9999","-9999","-9999","-9999","-9999","-9999","-9999","-9999","-9999","-9999","-9999","-9999","-9999","-9999","-9999","-9999","-9999","-9999","-9999","-9999","-9999","-9999","-9999","-9999","-9999","-9999","-9999","-9999","-9999","-9999","-9999","-9999","-9999","-9999","-9999","-9999","-9999","-9999","-9999","-9999","-9999","-9999","-9999","-9999","-9999","-9999","-9999","-9999","-9999","-9999","-9999","-9999","-9999","-9999","-9999","-9999","-9999","-9999","-9999","-9999","-9999","-9999","-9999","-9999","-9999","-9999","-9999","-9999","-9999","-9999","-9999","-9999","-9999","-9999","-9999","-9999","-9999","-9999","-9999","-9999","-9999","-9999","-9999","-9999","-9999","-9999","-9999","-9999","-9999","-9999","-9999","-9999","-9999","-9999","-9999","-9999","-9999","<25","-9999","-9999","-9999","-9999","-9999","-9999","-9999","-9999","-9999","-9999","-9999","-9999","-9999","-9999","-9999","-9999","-9999","-9999","-9999","-9999","-9999","-9999","-9999","-9999","-9999","-9999","-9999","-9999","-9999","-9999","-9999","-9999","Purple Rock Inc.","Alberta Geological Survey"
"75809","MAR_20020002-00088-5695-ICP-20.0ppm-2001-11-21-Bondar-Clegg & Company Ltd.-N/A-N/A-","MAR_20020002","88","200110-128","5695","158.3","159.7","-9999","2001-11-21","2001-09-28","Bondar-Clegg & Company Ltd.","BOND-UNSP","Unspecified","20.0ppm","Submitted sample","ICP","-9999","-9999","-9999","-9999","-9999","-9999","-9999","-9999","-9999","-9999","-9999","-9999","-9999","-9999","-9999","-9999","-9999","-9999","-9999","-9999","-9999","-9999","-9999","-9999","-9999","-9999","-9999","-9999","-9999","-9999","-9999","-9999","-9999","-9999","-9999","-9999","-9999","-9999","-9999","-9999","-9999","-9999","-9999","-9999","-9999","-9999","-9999","-9999","-9999","-9999","-9999","-9999","-9999","-9999","-9999","-9999","-9999","-9999","-9999","-9999","-9999","-9999","-9999","-9999","-9999","-9999","-9999","-9999","-9999","-9999","-9999","-9999","-9999","-9999","-9999","-9999","-9999","-9999","-9999","-9999","-9999","-9999","-9999","-9999","-9999","-9999","-9999","-9999","-9999","-9999","-9999","-9999","-9999","-9999","-9999","-9999","-9999","-9999","-9999","-9999","-9999","-9999","-9999","-9999","-9999","-9999","-9999","-9999","-9999","-9999","-9999","-9999","-9999","-9999","-9999","-9999","-9999","-9999","-9999","-9999","-9999","-9999","-9999","-9999","-9999","-9999","-9999","-9999","-9999","-9999","-9999","-9999","-9999","-9999","-9999","-9999","-9999","-9999","-9999","-9999","-9999","-9999","-9999","-9999","-9999","-9999","-9999","-9999","-9999","-9999","-9999","-9999","-9999","-9999","-9999","-9999","-9999","-9999","-9999","-9999","-9999","-9999","-9999","-9999","-9999","-9999","-9999","-9999","-9999","-9999","-9999","-9999","-9999","-9999","-9999","-9999","-9999","-9999","-9999","-9999","-9999","-9999","-9999","-9999","-9999","-9999","-9999","<20","-9999","-9999","-9999","-9999","-9999","-9999","-9999","-9999","-9999","-9999","-9999","-9999","-9999","-9999","-9999","-9999","-9999","-9999","-9999","-9999","-9999","-9999","-9999","-9999","-9999","-9999","-9999","-9999","-9999","-9999","-9999","<20","-9999","-9999","-9999","-9999","-9999","-9999","-9999","-9999","-9999","-9999","-9999","-9999","-9999","-9999","Purple Rock Inc.","Alberta Geological Survey"
"75810","MAR_20020002-00088-5695-ICP-10.0ppm-2001-11-21-Bondar-Clegg & Company Ltd.-N/A-N/A-","MAR_20020002","88","200110-128","5695","158.3","159.7","-9999","2001-11-21","2001-09-28","Bondar-Clegg & Company Ltd.","BOND-UNSP","Unspecified","10.0ppm","Submitted sample","ICP","-9999","-9999","-9999","-9999","-9999","-9999","-9999","-9999","-9999","-9999","-9999","-9999","-9999","-9999","-9999","-9999","-9999","-9999","-9999","-9999","-9999","-9999","-9999","-9999","-9999","-9999","-9999","-9999","-9999","-9999","-9999","-9999","-9999","-9999","-9999","-9999","-9999","-9999","-9999","-9999","-9999","-9999","-9999","-9999","-9999","-9999","-9999","-9999","-9999","-9999","-9999","-9999","-9999","-9999","-9999","-9999","-9999","-9999","-9999","-9999","-9999","-9999","-9999","-9999","-9999","-9999","-9999","-9999","-9999","-9999","-9999","-9999","-9999","-9999","-9999","-9999","<10","-9999","-9999","-9999","-9999","-9999","-9999","-9999","-9999","-9999","-9999","-9999","-9999","-9999","-9999","-9999","-9999","-9999","-9999","-9999","-9999","-9999","-9999","-9999","-9999","-9999","-9999","-9999","-9999","-9999","-9999","-9999","-9999","-9999","-9999","-9999","-9999","-9999","-9999","-9999","-9999","-9999","-9999","-9999","-9999","-9999","-9999","-9999","-9999","-9999","-9999","-9999","-9999","-9999","-9999","-9999","-9999","-9999","-9999","-9999","-9999","-9999","-9999","-9999","-9999","-9999","-9999","-9999","-9999","-9999","-9999","-9999","-9999","-9999","-9999","-9999","-9999","-9999","-9999","-9999","-9999","-9999","-9999","-9999","-9999","-9999","-9999","-9999","-9999","-9999","-9999","-9999","-9999","-9999","-9999","-9999","-9999","-9999","-9999","-9999","-9999","-9999","-9999","-9999","-9999","-9999","-9999","-9999","-9999","-9999","-9999","-9999","-9999","-9999","-9999","-9999","-9999","-9999","-9999","-9999","-9999","-9999","-9999","-9999","-9999","-9999","-9999","-9999","-9999","-9999","-9999","-9999","-9999","-9999","-9999","-9999","-9999","-9999","-9999","-9999","-9999","-9999","-9999","-9999","-9999","-9999","-9999","-9999","-9999","-9999","-9999","-9999","-9999","-9999","-9999","-9999","-9999","-9999","Purple Rock Inc.","Alberta Geological Survey"
"75811","MAR_20020002-00088-5695-ICP-0.01pct-2001-11-21-Bondar-Clegg & Company Ltd.-N/A-N/A-","MAR_20020002","88","200110-128","5695","158.3","159.7","-9999","2001-11-21","2001-09-28","Bondar-Clegg & Company Ltd.","BOND-UNSP","Unspecified","0.01pct","Submitted sample","ICP","-9999","-9999","-9999","-9999","-9999","-9999","-9999","-9999","4.39","-9999","-9999","-9999","-9999","-9999","-9999","-9999","-9999","-9999","-9999","-9999","-9999","-9999","-9999","-9999","-9999","-9999","-9999","-9999","-9999","-9999","-9999","-9999","-9999","-9999",">10.00","-9999","-9999","-9999","-9999","-9999","-9999","-9999","-9999","-9999","-9999","-9999","-9999","-9999","-9999","-9999","-9999","-9999","-9999","-9999","-9999","-9999","-9999","-9999","-9999","-9999","-9999","-9999","-9999","-9999","-9999","-9999","-9999","-9999","-9999","-9999","-9999","-9999","2.62","-9999","-9999","-9999","-9999","-9999","-9999","-9999","-9999","-9999","-9999","-9999","-9999","-9999","-9999","-9999","-9999","-9999","-9999","-9999","-9999","1.72","-9999","-9999","-9999","-9999","-9999","-9999","-9999","-9999","-9999","-9999","-9999","-9999","-9999","-9999","-9999","1.97","-9999","-9999","-9999","-9999","-9999","-9999","-9999","-9999","-9999","-9999","-9999","-9999","-9999","-9999","0.1","-9999","-9999","-9999","-9999","-9999","-9999","-9999","-9999","-9999","-9999","-9999","-9999","-9999","-9999","-9999","-9999","-9999","-9999","-9999","-9999","-9999","-9999","-9999","-9999","-9999","-9999","-9999","-9999","-9999","-9999","-9999","-9999","-9999","-9999","-9999","-9999","-9999","-9999","-9999","-9999","-9999","-9999","-9999","-9999","-9999","-9999","-9999","-9999","-9999","-9999","-9999","-9999","-9999","-9999","-9999","-9999","-9999","-9999","-9999","-9999","-9999","-9999","-9999","-9999","-9999","-9999","-9999","-9999","-9999","-9999","-9999","-9999","-9999","-9999","-9999","-9999","-9999","-9999","-9999","0.27","-9999","-9999","-9999","-9999","-9999","-9999","-9999","-9999","-9999","-9999","-9999","-9999","-9999","-9999","-9999","-9999","-9999","-9999","-9999","-9999","-9999","-9999","-9999","-9999","-9999","-9999","-9999","-9999","-9999","Purple Rock Inc.","Alberta Geological Survey"
"75812","MAR_20020002-00088-5695-ICP-5.0ppm-2001-11-21-Bondar-Clegg & Company Ltd.-N/A-N/A-","MAR_20020002","88","200110-128","5695","158.3","159.7","-9999","2001-11-21","2001-09-28","Bondar-Clegg & Company Ltd.","BOND-UNSP","Unspecified","5.0ppm","Submitted sample","ICP","-9999","-9999","-9999","-9999","-9999","-9999","-9999","-9999","-9999","-9999","-9999","-9999","<5","-9999","-9999","-9999","-9999","-9999","-9999","-9999","-9999","-9999","-9999","411","-9999","-9999","-9999","-9999","<5","-9999","-9999","-9999","-9999","-9999","-9999","-9999","-9999","-9999","-9999","-9999","-9999","-9999","-9999","-9999","-9999","-9999","-9999","-9999","-9999","-9999","-9999","-9999","-9999","-9999","-9999","-9999","-9999","-9999","-9999","-9999","-9999","-9999","-9999","-9999","-9999","-9999","-9999","-9999","-9999","-9999","-9999","-9999","-9999","-9999","-9999","-9999","-9999","-9999","-9999","-9999","-9999","-9999","-9999","-9999","-9999","-9999","-9999","-9999","-9999","-9999","-9999","-9999","-9999","-9999","-9999","-9999","-9999","-9999","-9999","-9999","-9999","19","-9999","-9999","-9999","-9999","-9999","-9999","-9999","-9999","-9999","-9999","-9999","-9999","-9999","-9999","-9999","830","-9999","-9999","-9999","-9999","-9999","-9999","-9999","-9999","-9999","-9999","-9999","7","-9999","-9999","-9999","-9999","-9999","-9999","-9999","-9999","-9999","-9999","-9999","-9999","-9999","-9999","-9999","-9999","-9999","-9999","-9999","-9999","-9999","-9999","-9999","-9999","-9999","-9999","-9999","-9999","-9999","-9999","-9999","-9999","-9999","-9999","-9999","-9999","-9999","-9999","-9999","-9999","-9999","-9999","-9999","-9999","<5","-9999","7","-9999","-9999","-9999","-9999","-9999","-9999","-9999","-9999","-9999","-9999","-9999","-9999","-9999","-9999","-9999","-9999","-9999","-9999","-9999","<5","-9999","-9999","-9999","-9999","-9999","-9999","-9999","-9999","-9999","-9999","-9999","-9999","-9999","-9999","-9999","-9999","-9999","-9999","-9999","-9999","-9999","-9999","-9999","-9999","14","-9999","-9999","-9999","-9999","-9999","-9999","-9999","-9999","-9999","74","-9999","-9999","Purple Rock Inc.","Alberta Geological Survey"
"75864","MAR_20020002-00089-5696-ICP-0.5ppm-2001-11-21-Bondar-Clegg & Company Ltd.-N/A-N/A-","MAR_20020002","89","200110-133","5696","128.7","128.84","-9999","2001-11-21","2001-09-28","Bondar-Clegg & Company Ltd.","BOND-UNSP","Unspecified","0.5ppm","Submitted sample","ICP","-9999","-9999","-9999","-9999","-9999","<0.5","-9999","-9999","-9999","-9999","-9999","-9999","-9999","-9999","-9999","-9999","-9999","-9999","-9999","-9999","-9999","-9999","-9999","-9999","-9999","-9999","-9999","-9999","-9999","-9999","-9999","-9999","-9999","-9999","-9999","-9999","-9999","-9999","-9999","-9999","-9999","-9999","-9999","-9999","-9999","-9999","-9999","-9999","-9999","-9999","-9999","-9999","-9999","-9999","-9999","-9999","-9999","-9999","-9999","-9999","-9999","-9999","-9999","-9999","-9999","-9999","-9999","-9999","-9999","-9999","-9999","-9999","-9999","-9999","-9999","-9999","-9999","-9999","-9999","-9999","-9999","-9999","-9999","-9999","-9999","-9999","-9999","-9999","-9999","-9999","-9999","-9999","-9999","-9999","-9999","-9999","-9999","-9999","-9999","-9999","-9999","-9999","-9999","-9999","-9999","-9999","-9999","-9999","-9999","-9999","-9999","-9999","-9999","-9999","-9999","-9999","-9999","-9999","-9999","-9999","-9999","-9999","-9999","-9999","-9999","-9999","-9999","-9999","-9999","-9999","-9999","-9999","-9999","-9999","-9999","-9999","-9999","-9999","-9999","-9999","-9999","-9999","-9999","-9999","-9999","-9999","-9999","-9999","-9999","-9999","-9999","-9999","-9999","-9999","-9999","-9999","-9999","-9999","-9999","-9999","-9999","-9999","-9999","-9999","-9999","-9999","-9999","-9999","-9999","-9999","-9999","-9999","-9999","-9999","-9999","-9999","-9999","-9999","-9999","-9999","-9999","-9999","-9999","-9999","-9999","-9999","-9999","-9999","-9999","-9999","-9999","-9999","-9999","-9999","-9999","-9999","-9999","-9999","-9999","-9999","-9999","-9999","-9999","-9999","-9999","-9999","-9999","-9999","-9999","-9999","-9999","-9999","-9999","-9999","-9999","-9999","-9999","-9999","-9999","-9999","-9999","-9999","-9999","-9999","-9999","-9999","-9999","-9999","-9999","-9999","-9999","-9999","-9999","-9999","Purple Rock Inc.","Alberta Geological Survey"
"75865","MAR_20020002-00089-5696-ICP-10.0ppm-2001-11-21-Bondar-Clegg & Company Ltd.-N/A-N/A-","MAR_20020002","89","200110-133","5696","128.7","128.84","-9999","2001-11-21","2001-09-28","Bondar-Clegg & Company Ltd.","BOND-UNSP","Unspecified","10.0ppm","Submitted sample","ICP","-9999","-9999","-9999","-9999","-9999","-9999","-9999","-9999","-9999","-9999","-9999","-9999","-9999","-9999","-9999","-9999","-9999","-9999","-9999","-9999","-9999","-9999","-9999","-9999","-9999","-9999","-9999","-9999","-9999","-9999","-9999","-9999","-9999","-9999","-9999","-9999","-9999","-9999","-9999","-9999","-9999","-9999","-9999","-9999","-9999","-9999","-9999","-9999","-9999","-9999","-9999","-9999","-9999","-9999","-9999","-9999","-9999","-9999","-9999","-9999","-9999","-9999","-9999","-9999","-9999","-9999","-9999","-9999","-9999","-9999","-9999","-9999","-9999","-9999","-9999","-9999","<10","-9999","-9999","-9999","-9999","-9999","-9999","-9999","-9999","-9999","-9999","-9999","-9999","-9999","-9999","-9999","-9999","-9999","-9999","-9999","-9999","-9999","-9999","-9999","-9999","-9999","-9999","-9999","-9999","-9999","-9999","-9999","-9999","-9999","-9999","-9999","-9999","-9999","-9999","-9999","-9999","-9999","-9999","-9999","-9999","-9999","-9999","-9999","-9999","-9999","-9999","-9999","-9999","-9999","-9999","-9999","-9999","-9999","-9999","-9999","-9999","-9999","-9999","-9999","-9999","-9999","-9999","-9999","-9999","-9999","-9999","-9999","-9999","-9999","-9999","-9999","-9999","-9999","-9999","-9999","-9999","-9999","-9999","-9999","-9999","-9999","-9999","-9999","-9999","-9999","-9999","-9999","-9999","-9999","-9999","-9999","-9999","-9999","-9999","-9999","-9999","-9999","-9999","-9999","-9999","-9999","-9999","-9999","-9999","-9999","-9999","-9999","-9999","-9999","-9999","-9999","-9999","-9999","-9999","-9999","-9999","-9999","-9999","-9999","-9999","-9999","-9999","-9999","-9999","-9999","-9999","-9999","-9999","-9999","-9999","-9999","-9999","-9999","-9999","-9999","-9999","-9999","-9999","-9999","-9999","-9999","-9999","-9999","-9999","-9999","-9999","-9999","-9999","-9999","-9999","-9999","-9999","-9999","Purple Rock Inc.","Alberta Geological Survey"
"75866","MAR_20020002-00089-5696-ICP-0.01pct-2001-11-21-Bondar-Clegg & Company Ltd.-N/A-N/A-","MAR_20020002","89","200110-133","5696","128.7","128.84","-9999","2001-11-21","2001-09-28","Bondar-Clegg & Company Ltd.","BOND-UNSP","Unspecified","0.01pct","Submitted sample","ICP","-9999","-9999","-9999","-9999","-9999","-9999","-9999","-9999","1","-9999","-9999","-9999","-9999","-9999","-9999","-9999","-9999","-9999","-9999","-9999","-9999","-9999","-9999","-9999","-9999","-9999","-9999","-9999","-9999","-9999","-9999","-9999","-9999","-9999","0.89","-9999","-9999","-9999","-9999","-9999","-9999","-9999","-9999","-9999","-9999","-9999","-9999","-9999","-9999","-9999","-9999","-9999","-9999","-9999","-9999","-9999","-9999","-9999","-9999","-9999","-9999","-9999","-9999","-9999","-9999","-9999","-9999","-9999","-9999","-9999","-9999","-9999",">10.00","-9999","-9999","-9999","-9999","-9999","-9999","-9999","-9999","-9999","-9999","-9999","-9999","-9999","-9999","-9999","-9999","-9999","-9999","-9999","-9999","0.52","-9999","-9999","-9999","-9999","-9999","-9999","-9999","-9999","-9999","-9999","-9999","-9999","-9999","-9999","-9999","0.06","-9999","-9999","-9999","-9999","-9999","-9999","-9999","-9999","-9999","-9999","-9999","-9999","-9999","-9999","0.03","-9999","-9999","-9999","-9999","-9999","-9999","-9999","-9999","-9999","-9999","-9999","-9999","-9999","-9999","-9999","-9999","-9999","-9999","-9999","-9999","-9999","-9999","-9999","-9999","-9999","-9999","-9999","-9999","-9999","-9999","-9999","-9999","-9999","-9999","-9999","-9999","-9999","-9999","-9999","-9999","-9999","-9999","-9999","-9999","-9999","-9999","-9999","-9999","-9999","-9999","-9999","-9999","-9999","-9999","-9999","-9999","-9999","-9999","-9999","-9999","-9999","-9999","-9999","-9999","-9999","-9999","-9999","-9999","-9999","-9999","-9999","-9999","-9999","-9999","-9999","-9999","-9999","-9999","-9999","0.13","-9999","-9999","-9999","-9999","-9999","-9999","-9999","-9999","-9999","-9999","-9999","-9999","-9999","-9999","-9999","-9999","-9999","-9999","-9999","-9999","-9999","-9999","-9999","-9999","-9999","-9999","-9999","-9999","-9999","Purple Rock Inc.","Alberta Geological Survey"
"75867","MAR_20020002-00089-5696-ICP-0.002pct-2001-11-21-Bondar-Clegg & Company Ltd.-N/A-N/A-","MAR_20020002","89","200110-133","5696","128.7","128.84","-9999","2001-11-21","2001-09-28","Bondar-Clegg & Company Ltd.","BOND-UNSP","Unspecified","0.002pct","Submitted sample","ICP","-9999","-9999","-9999","-9999","-9999","-9999","-9999","-9999","-9999","-9999","-9999","-9999","-9999","-9999","-9999","-9999","-9999","-9999","-9999","-9999","-9999","-9999","-9999","-9999","-9999","-9999","-9999","-9999","-9999","-9999","-9999","-9999","-9999","-9999","-9999","-9999","-9999","-9999","-9999","-9999","-9999","-9999","-9999","-9999","-9999","-9999","-9999","-9999","-9999","-9999","-9999","-9999","-9999","-9999","-9999","-9999","-9999","-9999","-9999","-9999","-9999","-9999","-9999","-9999","-9999","-9999","-9999","-9999","-9999","-9999","-9999","-9999","-9999","-9999","-9999","-9999","-9999","-9999","-9999","-9999","-9999","-9999","-9999","-9999","-9999","-9999","-9999","-9999","-9999","-9999","-9999","-9999","-9999","-9999","-9999","-9999","-9999","-9999","-9999","-9999","-9999","-9999","-9999","-9999","-9999","-9999","-9999","-9999","-9999","-9999","-9999","-9999","-9999","-9999","-9999","-9999","-9999","-9999","-9999","-9999","-9999","-9999","-9999","-9999","-9999","-9999","-9999","-9999","-9999","-9999","-9999","-9999","-9999","-9999","-9999","-9999","-9999","-9999","-9999","-9999","-9999","-9999","-9999","-9999","-9999","-9999","-9999","-9999","-9999","-9999","-9999","-9999","-9999","-9999","-9999","-9999","-9999","-9999","-9999","-9999","-9999","-9999","-9999","-9999","-9999","-9999","-9999","-9999","-9999","-9999","-9999",">10.00","-9999","-9999","-9999","-9999","-9999","-9999","-9999","-9999","-9999","-9999","-9999","-9999","-9999","-9999","-9999","-9999","-9999","-9999","-9999","-9999","-9999","-9999","-9999","-9999","-9999","-9999","-9999","-9999","-9999","-9999","-9999","-9999","-9999","-9999","-9999","-9999","-9999","-9999","-9999","-9999","-9999","-9999","-9999","-9999","-9999","-9999","-9999","-9999","-9999","-9999","-9999","-9999","-9999","-9999","-9999","-9999","-9999","-9999","-9999","-9999","-9999","-9999","Purple Rock Inc.","Alberta Geological Survey"
"75868","MAR_20020002-00089-5696-ICP-1.0ppm-2001-11-21-Bondar-Clegg & Company Ltd.-N/A-N/A-","MAR_20020002","89","200110-133","5696","128.7","128.84","-9999","2001-11-21","2001-09-28","Bondar-Clegg & Company Ltd.","BOND-UNSP","Unspecified","1.0ppm","Submitted sample","ICP","-9999","-9999","-9999","-9999","-9999","-9999","-9999","-9999","-9999","-9999","-9999","-9999","-9999","-9999","-9999","-9999","-9999","-9999","-9999","-9999","-9999","-9999","-9999","-9999","-9999","-9999","-9999","-9999","-9999","-9999","-9999","-9999","-9999","-9999","-9999","-9999","-9999","-9999","-9999","-9999","-9999","-9999","<1.0","-9999","-9999","-9999","-9999","-9999","-9999","6","-9999","-9999","-9999","-9999","-9999","-9999","-9999","3","-9999","-9999","-9999","-9999","-9999","-9999","-9999","-9999","-9999","-9999","-9999","-9999","-9999","-9999","-9999","-9999","-9999","-9999","-9999","-9999","-9999","-9999","-9999","-9999","-9999","-9999","-9999","-9999","-9999","-9999","-9999","-9999","-9999","-9999","-9999","-9999","-9999","-9999","-9999","-9999","-9999","-9999","-9999","-9999","-9999","-9999","-9999","-9999","-9999","-9999","-9999","-9999","-9999","-9999","-9999","-9999","-9999","-9999","-9999","-9999","-9999","-9999","-9999","<1","-9999","-9999","-9999","-9999","-9999","-9999","-9999","-9999","-9999","-9999","-9999","-9999","5","-9999","-9999","-9999","-9999","-9999","-9999","-9999","-9999","-9999","-9999","-9999","-9999","-9999","-9999","-9999","-9999","-9999","-9999","-9999","-9999","-9999","-9999","-9999","-9999","-9999","-9999","-9999","-9999","-9999","-9999","-9999","-9999","-9999","-9999","-9999","-9999","-9999","-9999","-9999","-9999","-9999","-9999","-9999","-9999","-9999","-9999","-9999","-9999","-9999","-9999","-9999","-9999","-9999","-9999","-9999","-9999","-9999","47","-9999","-9999","-9999","-9999","-9999","-9999","-9999","-9999","-9999","-9999","-9999","-9999","-9999","-9999","-9999","-9999","-9999","-9999","-9999","-9999","-9999","-9999","-9999","-9999","-9999","-9999","-9999","-9999","-9999","-9999","-9999","-9999","-9999","-9999","-9999","-9999","-9999","-9999","-9999","-9999","-9999","Purple Rock Inc.","Alberta Geological Survey"
"75869","MAR_20020002-00089-5696-ICP-20.0ppm-2001-11-21-Bondar-Clegg & Company Ltd.-N/A-N/A-","MAR_20020002","89","200110-133","5696","128.7","128.84","-9999","2001-11-21","2001-09-28","Bondar-Clegg & Company Ltd.","BOND-UNSP","Unspecified","20.0ppm","Submitted sample","ICP","-9999","-9999","-9999","-9999","-9999","-9999","-9999","-9999","-9999","-9999","-9999","-9999","-9999","-9999","-9999","-9999","-9999","-9999","-9999","-9999","-9999","-9999","-9999","-9999","-9999","-9999","-9999","-9999","-9999","-9999","-9999","-9999","-9999","-9999","-9999","-9999","-9999","-9999","-9999","-9999","-9999","-9999","-9999","-9999","-9999","-9999","-9999","-9999","-9999","-9999","-9999","-9999","-9999","-9999","-9999","-9999","-9999","-9999","-9999","-9999","-9999","-9999","-9999","-9999","-9999","-9999","-9999","-9999","-9999","-9999","-9999","-9999","-9999","-9999","-9999","-9999","-9999","-9999","-9999","-9999","-9999","-9999","-9999","-9999","-9999","-9999","-9999","-9999","-9999","-9999","-9999","-9999","-9999","-9999","-9999","-9999","-9999","-9999","-9999","-9999","-9999","-9999","-9999","-9999","-9999","-9999","-9999","-9999","-9999","-9999","-9999","-9999","-9999","-9999","-9999","-9999","-9999","-9999","-9999","-9999","-9999","-9999","-9999","-9999","-9999","-9999","-9999","-9999","-9999","-9999","-9999","-9999","-9999","-9999","-9999","-9999","-9999","-9999","-9999","-9999","-9999","-9999","-9999","-9999","-9999","-9999","-9999","-9999","-9999","-9999","-9999","-9999","-9999","-9999","-9999","-9999","-9999","-9999","-9999","-9999","-9999","-9999","-9999","-9999","-9999","-9999","-9999","-9999","-9999","-9999","-9999","-9999","-9999","-9999","-9999","-9999","-9999","-9999","-9999","-9999","-9999","-9999","-9999","-9999","-9999","-9999","-9999","<20","-9999","-9999","-9999","-9999","-9999","-9999","-9999","-9999","-9999","-9999","-9999","-9999","-9999","-9999","-9999","-9999","-9999","-9999","-9999","-9999","-9999","-9999","-9999","-9999","-9999","-9999","-9999","-9999","-9999","-9999","-9999","<20","-9999","-9999","-9999","-9999","-9999","-9999","-9999","-9999","-9999","-9999","-9999","-9999","-9999","-9999","Purple Rock Inc.","Alberta Geological Survey"
"75870","MAR_20020002-00089-5696-ICP-9.0pct-2001-11-21-Bondar-Clegg & Company Ltd.-N/A-N/A-","MAR_20020002","89","200110-133","5696","128.7","128.84","-9999","2001-11-21","2001-09-28","Bondar-Clegg & Company Ltd.","BOND-UNSP","Unspecified","9.0pct","Submitted sample","ICP","-9999","-9999","-9999","-9999","-9999","-9999","-9999","-9999","-9999","-9999","-9999","-9999","-9999","-9999","-9999","-9999","-9999","-9999","-9999","-9999","-9999","-9999","-9999","-9999","-9999","-9999","-9999","-9999","-9999","-9999","-9999","-9999","-9999","-9999","-9999","-9999","-9999","-9999","-9999","-9999","-9999","-9999","-9999","-9999","-9999","-9999","-9999","-9999","-9999","-9999","-9999","-9999","-9999","-9999","-9999","-9999","-9999","-9999","-9999","-9999","-9999","-9999","-9999","-9999","-9999","-9999","-9999","-9999","-9999","-9999","-9999","17.3","-9999","-9999","-9999","-9999","-9999","-9999","-9999","-9999","-9999","-9999","-9999","-9999","-9999","-9999","-9999","-9999","-9999","-9999","-9999","-9999","-9999","-9999","-9999","-9999","-9999","-9999","-9999","-9999","-9999","-9999","-9999","-9999","-9999","-9999","-9999","-9999","-9999","-9999","-9999","-9999","-9999","-9999","-9999","-9999","-9999","-9999","-9999","-9999","-9999","-9999","-9999","-9999","-9999","-9999","-9999","-9999","-9999","-9999","-9999","-9999","-9999","-9999","-9999","-9999","-9999","-9999","-9999","-9999","-9999","-9999","-9999","-9999","-9999","-9999","-9999","-9999","-9999","-9999","-9999","-9999","-9999","-9999","-9999","-9999","-9999","-9999","-9999","-9999","-9999","-9999","-9999","-9999","-9999","-9999","-9999","-9999","-9999","-9999","-9999","-9999","-9999","-9999","-9999","-9999","-9999","-9999","-9999","-9999","-9999","-9999","-9999","-9999","-9999","-9999","-9999","-9999","-9999","-9999","-9999","-9999","-9999","-9999","-9999","-9999","-9999","-9999","-9999","-9999","-9999","-9999","-9999","-9999","-9999","-9999","-9999","-9999","-9999","-9999","-9999","-9999","-9999","-9999","-9999","-9999","-9999","-9999","-9999","-9999","-9999","-9999","-9999","-9999","-9999","-9999","-9999","-9999","-9999","-9999","-9999","-9999","-9999","-9999","Purple Rock Inc.","Alberta Geological Survey"
"75871","MAR_20020002-00089-5696-ICP-2.0ppm-2001-11-21-Bondar-Clegg & Company Ltd.-N/A-N/A-","MAR_20020002","89","200110-133","5696","128.7","128.84","-9999","2001-11-21","2001-09-28","Bondar-Clegg & Company Ltd.","BOND-UNSP","Unspecified","2.0ppm","Submitted sample","ICP","-9999","-9999","-9999","-9999","-9999","-9999","-9999","-9999","-9999","-9999","-9999","-9999","-9999","-9999","-9999","-9999","-9999","-9999","-9999","-9999","-9999","-9999","-9999","-9999","-9999","-9999","-9999","-9999","-9999","-9999","-9999","-9999","-9999","-9999","-9999","-9999","-9999","-9999","-9999","-9999","-9999","-9999","-9999","-9999","-9999","-9999","-9999","-9999","-9999","-9999","-9999","-9999","-9999","131","-9999","-9999","-9999","-9999","-9999","-9999","-9999","-9999","-9999","-9999","-9999","-9999","-9999","-9999","-9999","-9999","-9999","-9999","-9999","-9999","-9999","-9999","-9999","-9999","-9999","-9999","-9999","-9999","-9999","-9999","-9999","-9999","-9999","-9999","-9999","-9999","-9999","-9999","-9999","-9999","-9999","-9999","-9999","-9999","-9999","-9999","-9999","-9999","-9999","7","-9999","-9999","-9999","-9999","-9999","-9999","-9999","-9999","-9999","-9999","-9999","-9999","-9999","-9999","-9999","-9999","-9999","-9999","-9999","-9999","-9999","-9999","-9999","-9999","-9999","-9999","-9999","-9999","-9999","-9999","-9999","-9999","-9999","-9999","-9999","-9999","-9999","-9999","-9999","-9999","-9999","<2","-9999","-9999","-9999","-9999","-9999","-9999","-9999","-9999","-9999","-9999","-9999","-9999","-9999","-9999","-9999","-9999","-9999","-9999","-9999","-9999","-9999","-9999","-9999","-9999","-9999","-9999","-9999","-9999","-9999","-9999","-9999","-9999","-9999","-9999","-9999","-9999","-9999","-9999","-9999","-9999","-9999","-9999","-9999","-9999","-9999","-9999","-9999","-9999","-9999","-9999","-9999","-9999","-9999","-9999","-9999","-9999","-9999","-9999","-9999","-9999","-9999","-9999","-9999","-9999","-9999","-9999","-9999","-9999","-9999","-9999","18","-9999","-9999","-9999","-9999","-9999","-9999","-9999","-9999","-9999","-9999","48","-9999","-9999","-9999","-9999","-9999","-9999","Purple Rock Inc.","Alberta Geological Survey"
"75872","MAR_20020002-00089-5696-ICP-25.0ppm-2001-11-21-Bondar-Clegg & Company Ltd.-N/A-N/A-","MAR_20020002","89","200110-133","5696","128.7","128.84","-9999","2001-11-21","2001-09-28","Bondar-Clegg & Company Ltd.","BOND-UNSP","Unspecified","25.0ppm","Submitted sample","ICP","-9999","-9999","-9999","-9999","-9999","-9999","-9999","-9999","-9999","-9999","-9999","-9999","-9999","-9999","-9999","-9999","-9999","-9999","-9999","-9999","-9999","-9999","-9999","-9999","-9999","-9999","-9999","-9999","-9999","-9999","-9999","-9999","-9999","-9999","-9999","-9999","-9999","-9999","-9999","-9999","-9999","-9999","-9999","-9999","-9999","-9999","-9999","-9999","-9999","-9999","-9999","-9999","-9999","-9999","-9999","-9999","-9999","-9999","-9999","-9999","-9999","-9999","-9999","-9999","-9999","-9999","-9999","-9999","-9999","-9999","-9999","-9999","-9999","-9999","-9999","-9999","-9999","-9999","-9999","-9999","-9999","-9999","-9999","-9999","-9999","-9999","-9999","-9999","-9999","-9999","-9999","-9999","-9999","-9999","-9999","-9999","-9999","-9999","-9999","-9999","-9999","-9999","-9999","-9999","-9999","-9999","-9999","-9999","-9999","-9999","-9999","-9999","-9999","-9999","-9999","-9999","-9999","-9999","-9999","-9999","-9999","-9999","-9999","-9999","-9999","-9999","-9999","-9999","-9999","-9999","-9999","-9999","-9999","-9999","-9999","-9999","-9999","-9999","-9999","-9999","-9999","-9999","-9999","-9999","-9999","-9999","-9999","-9999","-9999","-9999","-9999","-9999","-9999","-9999","-9999","-9999","-9999","-9999","-9999","-9999","-9999","-9999","-9999","-9999","-9999","-9999","-9999","-9999","-9999","-9999","-9999","-9999","-9999","-9999","-9999","-9999","-9999","-9999","-9999","-9999","-9999","-9999","-9999","-9999","-9999","-9999","-9999","-9999","-9999","-9999","-9999","-9999","-9999","-9999","-9999","-9999","-9999","-9999","-9999","-9999","-9999","<25","-9999","-9999","-9999","-9999","-9999","-9999","-9999","-9999","-9999","-9999","-9999","-9999","-9999","-9999","-9999","-9999","-9999","-9999","-9999","-9999","-9999","-9999","-9999","-9999","-9999","-9999","-9999","-9999","-9999","-9999","-9999","-9999","Purple Rock Inc.","Alberta Geological Survey"
"75873","MAR_20020002-00089-5696-ICP-5.0ppm-2001-11-21-Bondar-Clegg & Company Ltd.-N/A-N/A-","MAR_20020002","89","200110-133","5696","128.7","128.84","-9999","2001-11-21","2001-09-28","Bondar-Clegg & Company Ltd.","BOND-UNSP","Unspecified","5.0ppm","Submitted sample","ICP","-9999","-9999","-9999","-9999","-9999","-9999","-9999","-9999","-9999","-9999","-9999","-9999","5","-9999","-9999","-9999","-9999","-9999","-9999","-9999","-9999","-9999","-9999","197","-9999","-9999","-9999","-9999","<5","-9999","-9999","-9999","-9999","-9999","-9999","-9999","-9999","-9999","-9999","-9999","-9999","-9999","-9999","-9999","-9999","-9999","-9999","-9999","-9999","-9999","-9999","-9999","-9999","-9999","-9999","-9999","-9999","-9999","-9999","-9999","-9999","-9999","-9999","-9999","-9999","-9999","-9999","-9999","-9999","-9999","-9999","-9999","-9999","-9999","-9999","-9999","-9999","-9999","-9999","-9999","-9999","-9999","-9999","-9999","-9999","-9999","-9999","-9999","-9999","-9999","-9999","-9999","-9999","-9999","-9999","-9999","-9999","-9999","-9999","-9999","-9999","19","-9999","-9999","-9999","-9999","-9999","-9999","-9999","-9999","-9999","-9999","-9999","-9999","-9999","-9999","-9999","146","-9999","-9999","-9999","-9999","-9999","-9999","-9999","-9999","-9999","-9999","-9999","<5","-9999","-9999","-9999","-9999","-9999","-9999","-9999","-9999","-9999","-9999","-9999","-9999","-9999","-9999","-9999","-9999","-9999","-9999","-9999","-9999","-9999","-9999","-9999","-9999","-9999","-9999","-9999","-9999","-9999","-9999","-9999","-9999","-9999","-9999","-9999","-9999","-9999","-9999","-9999","-9999","-9999","-9999","-9999","-9999","<5","-9999","<5","-9999","-9999","-9999","-9999","-9999","-9999","-9999","-9999","-9999","-9999","-9999","-9999","-9999","-9999","-9999","-9999","-9999","-9999","-9999","<5","-9999","-9999","-9999","-9999","-9999","-9999","-9999","-9999","-9999","-9999","-9999","-9999","-9999","-9999","-9999","-9999","-9999","-9999","-9999","-9999","-9999","-9999","-9999","-9999","16","-9999","-9999","-9999","-9999","-9999","-9999","-9999","-9999","-9999","59","-9999","-9999","Purple Rock Inc.","Alberta Geological Survey"
"75924","MAR_20020002-00090-5697-ICP-5.0ppm-2001-11-21-Bondar-Clegg & Company Ltd.-N/A-N/A-","MAR_20020002","90","200110-133","5697","128.84","129.34","-9999","2001-11-21","2001-09-28","Bondar-Clegg & Company Ltd.","BOND-UNSP","Unspecified","5.0ppm","Submitted sample","ICP","-9999","-9999","-9999","-9999","-9999","-9999","-9999","-9999","-9999","-9999","-9999","-9999","10","-9999","-9999","-9999","-9999","-9999","-9999","-9999","-9999","-9999","-9999","231","-9999","-9999","-9999","-9999","<5","-9999","-9999","-9999","-9999","-9999","-9999","-9999","-9999","-9999","-9999","-9999","-9999","-9999","-9999","-9999","-9999","-9999","-9999","-9999","-9999","-9999","-9999","-9999","-9999","-9999","-9999","-9999","-9999","-9999","-9999","-9999","-9999","-9999","-9999","-9999","-9999","-9999","-9999","-9999","-9999","-9999","-9999","-9999","-9999","-9999","-9999","-9999","-9999","-9999","-9999","-9999","-9999","-9999","-9999","-9999","-9999","-9999","-9999","-9999","-9999","-9999","-9999","-9999","-9999","-9999","-9999","-9999","-9999","-9999","-9999","-9999","-9999","22","-9999","-9999","-9999","-9999","-9999","-9999","-9999","-9999","-9999","-9999","-9999","-9999","-9999","-9999","-9999","742","-9999","-9999","-9999","-9999","-9999","-9999","-9999","-9999","-9999","-9999","-9999","8","-9999","-9999","-9999","-9999","-9999","-9999","-9999","-9999","-9999","-9999","-9999","-9999","-9999","-9999","-9999","-9999","-9999","-9999","-9999","-9999","-9999","-9999","-9999","-9999","-9999","-9999","-9999","-9999","-9999","-9999","-9999","-9999","-9999","-9999","-9999","-9999","-9999","-9999","-9999","-9999","-9999","-9999","-9999","-9999","<5","-9999","10","-9999","-9999","-9999","-9999","-9999","-9999","-9999","-9999","-9999","-9999","-9999","-9999","-9999","-9999","-9999","-9999","-9999","-9999","-9999","<5","-9999","-9999","-9999","-9999","-9999","-9999","-9999","-9999","-9999","-9999","-9999","-9999","-9999","-9999","-9999","-9999","-9999","-9999","-9999","-9999","-9999","-9999","-9999","-9999","23","-9999","-9999","-9999","-9999","-9999","-9999","-9999","-9999","-9999","66","-9999","-9999","Purple Rock Inc.","Alberta Geological Survey"
"75925","MAR_20020002-00090-5697-ICP-0.5ppm-2001-11-21-Bondar-Clegg & Company Ltd.-N/A-N/A-","MAR_20020002","90","200110-133","5697","128.84","129.34","-9999","2001-11-21","2001-09-28","Bondar-Clegg & Company Ltd.","BOND-UNSP","Unspecified","0.5ppm","Submitted sample","ICP","-9999","-9999","-9999","-9999","-9999","<0.5","-9999","-9999","-9999","-9999","-9999","-9999","-9999","-9999","-9999","-9999","-9999","-9999","-9999","-9999","-9999","-9999","-9999","-9999","-9999","-9999","-9999","-9999","-9999","-9999","-9999","-9999","-9999","-9999","-9999","-9999","-9999","-9999","-9999","-9999","-9999","-9999","-9999","-9999","-9999","-9999","-9999","-9999","-9999","-9999","-9999","-9999","-9999","-9999","-9999","-9999","-9999","-9999","-9999","-9999","-9999","-9999","-9999","-9999","-9999","-9999","-9999","-9999","-9999","-9999","-9999","-9999","-9999","-9999","-9999","-9999","-9999","-9999","-9999","-9999","-9999","-9999","-9999","-9999","-9999","-9999","-9999","-9999","-9999","-9999","-9999","-9999","-9999","-9999","-9999","-9999","-9999","-9999","-9999","-9999","-9999","-9999","-9999","-9999","-9999","-9999","-9999","-9999","-9999","-9999","-9999","-9999","-9999","-9999","-9999","-9999","-9999","-9999","-9999","-9999","-9999","-9999","-9999","-9999","-9999","-9999","-9999","-9999","-9999","-9999","-9999","-9999","-9999","-9999","-9999","-9999","-9999","-9999","-9999","-9999","-9999","-9999","-9999","-9999","-9999","-9999","-9999","-9999","-9999","-9999","-9999","-9999","-9999","-9999","-9999","-9999","-9999","-9999","-9999","-9999","-9999","-9999","-9999","-9999","-9999","-9999","-9999","-9999","-9999","-9999","-9999","-9999","-9999","-9999","-9999","-9999","-9999","-9999","-9999","-9999","-9999","-9999","-9999","-9999","-9999","-9999","-9999","-9999","-9999","-9999","-9999","-9999","-9999","-9999","-9999","-9999","-9999","-9999","-9999","-9999","-9999","-9999","-9999","-9999","-9999","-9999","-9999","-9999","-9999","-9999","-9999","-9999","-9999","-9999","-9999","-9999","-9999","-9999","-9999","-9999","-9999","-9999","-9999","-9999","-9999","-9999","-9999","-9999","-9999","-9999","-9999","-9999","-9999","-9999","Purple Rock Inc.","Alberta Geological Survey"
"75926","MAR_20020002-00090-5697-ICP-0.01pct-2001-11-21-Bondar-Clegg & Company Ltd.-N/A-N/A-","MAR_20020002","90","200110-133","5697","128.84","129.34","-9999","2001-11-21","2001-09-28","Bondar-Clegg & Company Ltd.","BOND-UNSP","Unspecified","0.01pct","Submitted sample","ICP","-9999","-9999","-9999","-9999","-9999","-9999","-9999","-9999","1.39","-9999","-9999","-9999","-9999","-9999","-9999","-9999","-9999","-9999","-9999","-9999","-9999","-9999","-9999","-9999","-9999","-9999","-9999","-9999","-9999","-9999","-9999","-9999","-9999","-9999","3.4","-9999","-9999","-9999","-9999","-9999","-9999","-9999","-9999","-9999","-9999","-9999","-9999","-9999","-9999","-9999","-9999","-9999","-9999","-9999","-9999","-9999","-9999","-9999","-9999","-9999","-9999","-9999","-9999","-9999","-9999","-9999","-9999","-9999","-9999","-9999","-9999","-9999",">10.00","-9999","-9999","-9999","-9999","-9999","-9999","-9999","-9999","-9999","-9999","-9999","-9999","-9999","-9999","-9999","-9999","-9999","-9999","-9999","-9999","1.89","-9999","-9999","-9999","-9999","-9999","-9999","-9999","-9999","-9999","-9999","-9999","-9999","-9999","-9999","-9999","1.39","-9999","-9999","-9999","-9999","-9999","-9999","-9999","-9999","-9999","-9999","-9999","-9999","-9999","-9999","0.09","-9999","-9999","-9999","-9999","-9999","-9999","-9999","-9999","-9999","-9999","-9999","-9999","-9999","-9999","-9999","-9999","-9999","-9999","-9999","-9999","-9999","-9999","-9999","-9999","-9999","-9999","-9999","-9999","-9999","-9999","-9999","-9999","-9999","-9999","-9999","-9999","-9999","-9999","-9999","-9999","-9999","-9999","-9999","-9999","-9999","-9999","-9999","-9999","-9999","-9999","-9999","-9999","-9999","-9999","-9999","-9999","-9999","-9999","-9999","-9999","-9999","-9999","-9999","-9999","-9999","-9999","-9999","-9999","-9999","-9999","-9999","-9999","-9999","-9999","-9999","-9999","-9999","-9999","-9999","0.26","-9999","-9999","-9999","-9999","-9999","-9999","-9999","-9999","-9999","-9999","-9999","-9999","-9999","-9999","-9999","-9999","-9999","-9999","-9999","-9999","-9999","-9999","-9999","-9999","-9999","-9999","-9999","-9999","-9999","Purple Rock Inc.","Alberta Geological Survey"
"75927","MAR_20020002-00090-5697-ICP-0.002pct-2001-11-21-Bondar-Clegg & Company Ltd.-N/A-N/A-","MAR_20020002","90","200110-133","5697","128.84","129.34","-9999","2001-11-21","2001-09-28","Bondar-Clegg & Company Ltd.","BOND-UNSP","Unspecified","0.002pct","Submitted sample","ICP","-9999","-9999","-9999","-9999","-9999","-9999","-9999","-9999","-9999","-9999","-9999","-9999","-9999","-9999","-9999","-9999","-9999","-9999","-9999","-9999","-9999","-9999","-9999","-9999","-9999","-9999","-9999","-9999","-9999","-9999","-9999","-9999","-9999","-9999","-9999","-9999","-9999","-9999","-9999","-9999","-9999","-9999","-9999","-9999","-9999","-9999","-9999","-9999","-9999","-9999","-9999","-9999","-9999","-9999","-9999","-9999","-9999","-9999","-9999","-9999","-9999","-9999","-9999","-9999","-9999","-9999","-9999","-9999","-9999","-9999","-9999","-9999","-9999","-9999","-9999","-9999","-9999","-9999","-9999","-9999","-9999","-9999","-9999","-9999","-9999","-9999","-9999","-9999","-9999","-9999","-9999","-9999","-9999","-9999","-9999","-9999","-9999","-9999","-9999","-9999","-9999","-9999","-9999","-9999","-9999","-9999","-9999","-9999","-9999","-9999","-9999","-9999","-9999","-9999","-9999","-9999","-9999","-9999","-9999","-9999","-9999","-9999","-9999","-9999","-9999","-9999","-9999","-9999","-9999","-9999","-9999","-9999","-9999","-9999","-9999","-9999","-9999","-9999","-9999","-9999","-9999","-9999","-9999","-9999","-9999","-9999","-9999","-9999","-9999","-9999","-9999","-9999","-9999","-9999","-9999","-9999","-9999","-9999","-9999","-9999","-9999","-9999","-9999","-9999","-9999","-9999","-9999","-9999","-9999","-9999","-9999",">10.00","-9999","-9999","-9999","-9999","-9999","-9999","-9999","-9999","-9999","-9999","-9999","-9999","-9999","-9999","-9999","-9999","-9999","-9999","-9999","-9999","-9999","-9999","-9999","-9999","-9999","-9999","-9999","-9999","-9999","-9999","-9999","-9999","-9999","-9999","-9999","-9999","-9999","-9999","-9999","-9999","-9999","-9999","-9999","-9999","-9999","-9999","-9999","-9999","-9999","-9999","-9999","-9999","-9999","-9999","-9999","-9999","-9999","-9999","-9999","-9999","-9999","-9999","Purple Rock Inc.","Alberta Geological Survey"
"75928","MAR_20020002-00090-5697-ICP-20.0ppm-2001-11-21-Bondar-Clegg & Company Ltd.-N/A-N/A-","MAR_20020002","90","200110-133","5697","128.84","129.34","-9999","2001-11-21","2001-09-28","Bondar-Clegg & Company Ltd.","BOND-UNSP","Unspecified","20.0ppm","Submitted sample","ICP","-9999","-9999","-9999","-9999","-9999","-9999","-9999","-9999","-9999","-9999","-9999","-9999","-9999","-9999","-9999","-9999","-9999","-9999","-9999","-9999","-9999","-9999","-9999","-9999","-9999","-9999","-9999","-9999","-9999","-9999","-9999","-9999","-9999","-9999","-9999","-9999","-9999","-9999","-9999","-9999","-9999","-9999","-9999","-9999","-9999","-9999","-9999","-9999","-9999","-9999","-9999","-9999","-9999","-9999","-9999","-9999","-9999","-9999","-9999","-9999","-9999","-9999","-9999","-9999","-9999","-9999","-9999","-9999","-9999","-9999","-9999","-9999","-9999","-9999","-9999","-9999","-9999","-9999","-9999","-9999","-9999","-9999","-9999","-9999","-9999","-9999","-9999","-9999","-9999","-9999","-9999","-9999","-9999","-9999","-9999","-9999","-9999","-9999","-9999","-9999","-9999","-9999","-9999","-9999","-9999","-9999","-9999","-9999","-9999","-9999","-9999","-9999","-9999","-9999","-9999","-9999","-9999","-9999","-9999","-9999","-9999","-9999","-9999","-9999","-9999","-9999","-9999","-9999","-9999","-9999","-9999","-9999","-9999","-9999","-9999","-9999","-9999","-9999","-9999","-9999","-9999","-9999","-9999","-9999","-9999","-9999","-9999","-9999","-9999","-9999","-9999","-9999","-9999","-9999","-9999","-9999","-9999","-9999","-9999","-9999","-9999","-9999","-9999","-9999","-9999","-9999","-9999","-9999","-9999","-9999","-9999","-9999","-9999","-9999","-9999","-9999","-9999","-9999","-9999","-9999","-9999","-9999","-9999","-9999","-9999","-9999","-9999","<20","-9999","-9999","-9999","-9999","-9999","-9999","-9999","-9999","-9999","-9999","-9999","-9999","-9999","-9999","-9999","-9999","-9999","-9999","-9999","-9999","-9999","-9999","-9999","-9999","-9999","-9999","-9999","-9999","-9999","-9999","-9999","<20","-9999","-9999","-9999","-9999","-9999","-9999","-9999","-9999","-9999","-9999","-9999","-9999","-9999","-9999","Purple Rock Inc.","Alberta Geological Survey"
"75929","MAR_20020002-00090-5697-ICP-25.0ppm-2001-11-21-Bondar-Clegg & Company Ltd.-N/A-N/A-","MAR_20020002","90","200110-133","5697","128.84","129.34","-9999","2001-11-21","2001-09-28","Bondar-Clegg & Company Ltd.","BOND-UNSP","Unspecified","25.0ppm","Submitted sample","ICP","-9999","-9999","-9999","-9999","-9999","-9999","-9999","-9999","-9999","-9999","-9999","-9999","-9999","-9999","-9999","-9999","-9999","-9999","-9999","-9999","-9999","-9999","-9999","-9999","-9999","-9999","-9999","-9999","-9999","-9999","-9999","-9999","-9999","-9999","-9999","-9999","-9999","-9999","-9999","-9999","-9999","-9999","-9999","-9999","-9999","-9999","-9999","-9999","-9999","-9999","-9999","-9999","-9999","-9999","-9999","-9999","-9999","-9999","-9999","-9999","-9999","-9999","-9999","-9999","-9999","-9999","-9999","-9999","-9999","-9999","-9999","-9999","-9999","-9999","-9999","-9999","-9999","-9999","-9999","-9999","-9999","-9999","-9999","-9999","-9999","-9999","-9999","-9999","-9999","-9999","-9999","-9999","-9999","-9999","-9999","-9999","-9999","-9999","-9999","-9999","-9999","-9999","-9999","-9999","-9999","-9999","-9999","-9999","-9999","-9999","-9999","-9999","-9999","-9999","-9999","-9999","-9999","-9999","-9999","-9999","-9999","-9999","-9999","-9999","-9999","-9999","-9999","-9999","-9999","-9999","-9999","-9999","-9999","-9999","-9999","-9999","-9999","-9999","-9999","-9999","-9999","-9999","-9999","-9999","-9999","-9999","-9999","-9999","-9999","-9999","-9999","-9999","-9999","-9999","-9999","-9999","-9999","-9999","-9999","-9999","-9999","-9999","-9999","-9999","-9999","-9999","-9999","-9999","-9999","-9999","-9999","-9999","-9999","-9999","-9999","-9999","-9999","-9999","-9999","-9999","-9999","-9999","-9999","-9999","-9999","-9999","-9999","-9999","-9999","-9999","-9999","-9999","-9999","-9999","-9999","-9999","-9999","-9999","-9999","-9999","-9999","<25","-9999","-9999","-9999","-9999","-9999","-9999","-9999","-9999","-9999","-9999","-9999","-9999","-9999","-9999","-9999","-9999","-9999","-9999","-9999","-9999","-9999","-9999","-9999","-9999","-9999","-9999","-9999","-9999","-9999","-9999","-9999","-9999","Purple Rock Inc.","Alberta Geological Survey"
"75930","MAR_20020002-00090-5697-ICP-2.0ppm-2001-11-21-Bondar-Clegg & Company Ltd.-N/A-N/A-","MAR_20020002","90","200110-133","5697","128.84","129.34","-9999","2001-11-21","2001-09-28","Bondar-Clegg & Company Ltd.","BOND-UNSP","Unspecified","2.0ppm","Submitted sample","ICP","-9999","-9999","-9999","-9999","-9999","-9999","-9999","-9999","-9999","-9999","-9999","-9999","-9999","-9999","-9999","-9999","-9999","-9999","-9999","-9999","-9999","-9999","-9999","-9999","-9999","-9999","-9999","-9999","-9999","-9999","-9999","-9999","-9999","-9999","-9999","-9999","-9999","-9999","-9999","-9999","-9999","-9999","-9999","-9999","-9999","-9999","-9999","-9999","-9999","-9999","-9999","-9999","-9999","49","-9999","-9999","-9999","-9999","-9999","-9999","-9999","-9999","-9999","-9999","-9999","-9999","-9999","-9999","-9999","-9999","-9999","-9999","-9999","-9999","-9999","-9999","-9999","-9999","-9999","-9999","-9999","-9999","-9999","-9999","-9999","-9999","-9999","-9999","-9999","-9999","-9999","-9999","-9999","-9999","-9999","-9999","-9999","-9999","-9999","-9999","-9999","-9999","-9999","26","-9999","-9999","-9999","-9999","-9999","-9999","-9999","-9999","-9999","-9999","-9999","-9999","-9999","-9999","-9999","-9999","-9999","-9999","-9999","-9999","-9999","-9999","-9999","-9999","-9999","-9999","-9999","-9999","-9999","-9999","-9999","-9999","-9999","-9999","-9999","-9999","-9999","-9999","-9999","-9999","-9999","6","-9999","-9999","-9999","-9999","-9999","-9999","-9999","-9999","-9999","-9999","-9999","-9999","-9999","-9999","-9999","-9999","-9999","-9999","-9999","-9999","-9999","-9999","-9999","-9999","-9999","-9999","-9999","-9999","-9999","-9999","-9999","-9999","-9999","-9999","-9999","-9999","-9999","-9999","-9999","-9999","-9999","-9999","-9999","-9999","-9999","-9999","-9999","-9999","-9999","-9999","-9999","-9999","-9999","-9999","-9999","-9999","-9999","-9999","-9999","-9999","-9999","-9999","-9999","-9999","-9999","-9999","-9999","-9999","-9999","-9999","78","-9999","-9999","-9999","-9999","-9999","-9999","-9999","-9999","-9999","-9999","80","-9999","-9999","-9999","-9999","-9999","-9999","Purple Rock Inc.","Alberta Geological Survey"
"75931","MAR_20020002-00090-5697-ICP-9.0pct-2001-11-21-Bondar-Clegg & Company Ltd.-N/A-N/A-","MAR_20020002","90","200110-133","5697","128.84","129.34","-9999","2001-11-21","2001-09-28","Bondar-Clegg & Company Ltd.","BOND-UNSP","Unspecified","9.0pct","Submitted sample","ICP","-9999","-9999","-9999","-9999","-9999","-9999","-9999","-9999","-9999","-9999","-9999","-9999","-9999","-9999","-9999","-9999","-9999","-9999","-9999","-9999","-9999","-9999","-9999","-9999","-9999","-9999","-9999","-9999","-9999","-9999","-9999","-9999","-9999","-9999","-9999","-9999","-9999","-9999","-9999","-9999","-9999","-9999","-9999","-9999","-9999","-9999","-9999","-9999","-9999","-9999","-9999","-9999","-9999","-9999","-9999","-9999","-9999","-9999","-9999","-9999","-9999","-9999","-9999","-9999","-9999","-9999","-9999","-9999","-9999","-9999","-9999","17.8","-9999","-9999","-9999","-9999","-9999","-9999","-9999","-9999","-9999","-9999","-9999","-9999","-9999","-9999","-9999","-9999","-9999","-9999","-9999","-9999","-9999","-9999","-9999","-9999","-9999","-9999","-9999","-9999","-9999","-9999","-9999","-9999","-9999","-9999","-9999","-9999","-9999","-9999","-9999","-9999","-9999","-9999","-9999","-9999","-9999","-9999","-9999","-9999","-9999","-9999","-9999","-9999","-9999","-9999","-9999","-9999","-9999","-9999","-9999","-9999","-9999","-9999","-9999","-9999","-9999","-9999","-9999","-9999","-9999","-9999","-9999","-9999","-9999","-9999","-9999","-9999","-9999","-9999","-9999","-9999","-9999","-9999","-9999","-9999","-9999","-9999","-9999","-9999","-9999","-9999","-9999","-9999","-9999","-9999","-9999","-9999","-9999","-9999","-9999","-9999","-9999","-9999","-9999","-9999","-9999","-9999","-9999","-9999","-9999","-9999","-9999","-9999","-9999","-9999","-9999","-9999","-9999","-9999","-9999","-9999","-9999","-9999","-9999","-9999","-9999","-9999","-9999","-9999","-9999","-9999","-9999","-9999","-9999","-9999","-9999","-9999","-9999","-9999","-9999","-9999","-9999","-9999","-9999","-9999","-9999","-9999","-9999","-9999","-9999","-9999","-9999","-9999","-9999","-9999","-9999","-9999","-9999","-9999","-9999","-9999","-9999","-9999","Purple Rock Inc.","Alberta Geological Survey"
"75932","MAR_20020002-00090-5697-ICP-1.0ppm-2001-11-21-Bondar-Clegg & Company Ltd.-N/A-N/A-","MAR_20020002","90","200110-133","5697","128.84","129.34","-9999","2001-11-21","2001-09-28","Bondar-Clegg & Company Ltd.","BOND-UNSP","Unspecified","1.0ppm","Submitted sample","ICP","-9999","-9999","-9999","-9999","-9999","-9999","-9999","-9999","-9999","-9999","-9999","-9999","-9999","-9999","-9999","-9999","-9999","-9999","-9999","-9999","-9999","-9999","-9999","-9999","-9999","-9999","-9999","-9999","-9999","-9999","-9999","-9999","-9999","-9999","-9999","-9999","-9999","-9999","-9999","-9999","-9999","-9999","<1.0","-9999","-9999","-9999","-9999","-9999","-9999","19","-9999","-9999","-9999","-9999","-9999","-9999","-9999","31","-9999","-9999","-9999","-9999","-9999","-9999","-9999","-9999","-9999","-9999","-9999","-9999","-9999","-9999","-9999","-9999","-9999","-9999","-9999","-9999","-9999","-9999","-9999","-9999","-9999","-9999","-9999","-9999","-9999","-9999","-9999","-9999","-9999","-9999","-9999","-9999","-9999","-9999","-9999","-9999","-9999","-9999","-9999","-9999","-9999","-9999","-9999","-9999","-9999","-9999","-9999","-9999","-9999","-9999","-9999","-9999","-9999","-9999","-9999","-9999","-9999","-9999","-9999","2","-9999","-9999","-9999","-9999","-9999","-9999","-9999","-9999","-9999","-9999","-9999","-9999","33","-9999","-9999","-9999","-9999","-9999","-9999","-9999","-9999","-9999","-9999","-9999","-9999","-9999","-9999","-9999","-9999","-9999","-9999","-9999","-9999","-9999","-9999","-9999","-9999","-9999","-9999","-9999","-9999","-9999","-9999","-9999","-9999","-9999","-9999","-9999","-9999","-9999","-9999","-9999","-9999","-9999","-9999","-9999","-9999","-9999","-9999","-9999","-9999","-9999","-9999","-9999","-9999","-9999","-9999","-9999","-9999","-9999","107","-9999","-9999","-9999","-9999","-9999","-9999","-9999","-9999","-9999","-9999","-9999","-9999","-9999","-9999","-9999","-9999","-9999","-9999","-9999","-9999","-9999","-9999","-9999","-9999","-9999","-9999","-9999","-9999","-9999","-9999","-9999","-9999","-9999","-9999","-9999","-9999","-9999","-9999","-9999","-9999","-9999","Purple Rock Inc.","Alberta Geological Survey"
"75933","MAR_20020002-00090-5697-ICP-10.0ppm-2001-11-21-Bondar-Clegg & Company Ltd.-N/A-N/A-","MAR_20020002","90","200110-133","5697","128.84","129.34","-9999","2001-11-21","2001-09-28","Bondar-Clegg & Company Ltd.","BOND-UNSP","Unspecified","10.0ppm","Submitted sample","ICP","-9999","-9999","-9999","-9999","-9999","-9999","-9999","-9999","-9999","-9999","-9999","-9999","-9999","-9999","-9999","-9999","-9999","-9999","-9999","-9999","-9999","-9999","-9999","-9999","-9999","-9999","-9999","-9999","-9999","-9999","-9999","-9999","-9999","-9999","-9999","-9999","-9999","-9999","-9999","-9999","-9999","-9999","-9999","-9999","-9999","-9999","-9999","-9999","-9999","-9999","-9999","-9999","-9999","-9999","-9999","-9999","-9999","-9999","-9999","-9999","-9999","-9999","-9999","-9999","-9999","-9999","-9999","-9999","-9999","-9999","-9999","-9999","-9999","-9999","-9999","-9999","<10","-9999","-9999","-9999","-9999","-9999","-9999","-9999","-9999","-9999","-9999","-9999","-9999","-9999","-9999","-9999","-9999","-9999","-9999","-9999","-9999","-9999","-9999","-9999","-9999","-9999","-9999","-9999","-9999","-9999","-9999","-9999","-9999","-9999","-9999","-9999","-9999","-9999","-9999","-9999","-9999","-9999","-9999","-9999","-9999","-9999","-9999","-9999","-9999","-9999","-9999","-9999","-9999","-9999","-9999","-9999","-9999","-9999","-9999","-9999","-9999","-9999","-9999","-9999","-9999","-9999","-9999","-9999","-9999","-9999","-9999","-9999","-9999","-9999","-9999","-9999","-9999","-9999","-9999","-9999","-9999","-9999","-9999","-9999","-9999","-9999","-9999","-9999","-9999","-9999","-9999","-9999","-9999","-9999","-9999","-9999","-9999","-9999","-9999","-9999","-9999","-9999","-9999","-9999","-9999","-9999","-9999","-9999","-9999","-9999","-9999","-9999","-9999","-9999","-9999","-9999","-9999","-9999","-9999","-9999","-9999","-9999","-9999","-9999","-9999","-9999","-9999","-9999","-9999","-9999","-9999","-9999","-9999","-9999","-9999","-9999","-9999","-9999","-9999","-9999","-9999","-9999","-9999","-9999","-9999","-9999","-9999","-9999","-9999","-9999","-9999","-9999","-9999","-9999","-9999","-9999","-9999","-9999","Purple Rock Inc.","Alberta Geological Survey"
"75983","MAR_20020002-00091-5698-ICP-10.0pct-2001-11-21-Bondar-Clegg & Company Ltd.-N/A-N/A-","MAR_20020002","91","200110-133","5698","129.34","129.5","-9999","2001-11-21","2001-09-28","Bondar-Clegg & Company Ltd.","BOND-UNSP","Unspecified","10.0pct","Submitted sample","ICP","-9999","-9999","-9999","-9999","-9999","-9999","-9999","-9999","-9999","-9999","-9999","-9999","-9999","-9999","-9999","-9999","-9999","-9999","-9999","-9999","-9999","-9999","-9999","-9999","-9999","-9999","-9999","-9999","-9999","-9999","-9999","-9999","-9999","10.8","-9999","-9999","-9999","-9999","-9999","-9999","-9999","-9999","-9999","-9999","-9999","-9999","-9999","-9999","-9999","-9999","-9999","-9999","-9999","-9999","-9999","-9999","-9999","-9999","-9999","-9999","-9999","-9999","-9999","-9999","-9999","-9999","-9999","-9999","-9999","-9999","-9999","-9999","-9999","-9999","-9999","-9999","-9999","-9999","-9999","-9999","-9999","-9999","-9999","-9999","-9999","-9999","-9999","-9999","-9999","-9999","-9999","-9999","-9999","-9999","-9999","-9999","-9999","-9999","-9999","-9999","-9999","-9999","-9999","-9999","-9999","-9999","-9999","-9999","-9999","-9999","-9999","-9999","-9999","-9999","-9999","-9999","-9999","-9999","-9999","-9999","-9999","-9999","-9999","-9999","-9999","-9999","-9999","-9999","-9999","-9999","-9999","-9999","-9999","-9999","-9999","-9999","-9999","-9999","-9999","-9999","-9999","-9999","-9999","-9999","-9999","-9999","-9999","-9999","-9999","-9999","-9999","-9999","-9999","-9999","-9999","-9999","-9999","-9999","-9999","-9999","-9999","-9999","-9999","-9999","-9999","-9999","-9999","-9999","-9999","-9999","-9999","-9999","-9999","-9999","-9999","-9999","-9999","-9999","-9999","-9999","-9999","-9999","-9999","-9999","-9999","-9999","-9999","-9999","-9999","-9999","-9999","-9999","-9999","-9999","-9999","-9999","-9999","-9999","-9999","-9999","-9999","-9999","-9999","-9999","-9999","-9999","-9999","-9999","-9999","-9999","-9999","-9999","-9999","-9999","-9999","-9999","-9999","-9999","-9999","-9999","-9999","-9999","-9999","-9999","-9999","-9999","-9999","-9999","-9999","-9999","-9999","-9999","-9999","-9999","Purple Rock Inc.","Alberta Geological Survey"
"75984","MAR_20020002-00091-5698-ICP-5.0ppm-2001-11-21-Bondar-Clegg & Company Ltd.-N/A-N/A-","MAR_20020002","91","200110-133","5698","129.34","129.5","-9999","2001-11-21","2001-09-28","Bondar-Clegg & Company Ltd.","BOND-UNSP","Unspecified","5.0ppm","Submitted sample","ICP","-9999","-9999","-9999","-9999","-9999","-9999","-9999","-9999","-9999","-9999","-9999","-9999","<5","-9999","-9999","-9999","-9999","-9999","-9999","-9999","-9999","-9999","-9999","267","-9999","-9999","-9999","-9999","<5","-9999","-9999","-9999","-9999","-9999","-9999","-9999","-9999","-9999","-9999","-9999","-9999","-9999","-9999","-9999","-9999","-9999","-9999","-9999","-9999","-9999","-9999","-9999","-9999","-9999","-9999","-9999","-9999","-9999","-9999","-9999","-9999","-9999","-9999","-9999","-9999","-9999","-9999","-9999","-9999","-9999","-9999","-9999","-9999","-9999","-9999","-9999","-9999","-9999","-9999","-9999","-9999","-9999","-9999","-9999","-9999","-9999","-9999","-9999","-9999","-9999","-9999","-9999","-9999","-9999","-9999","-9999","-9999","-9999","-9999","-9999","-9999","20","-9999","-9999","-9999","-9999","-9999","-9999","-9999","-9999","-9999","-9999","-9999","-9999","-9999","-9999","-9999","904","-9999","-9999","-9999","-9999","-9999","-9999","-9999","-9999","-9999","-9999","-9999","9","-9999","-9999","-9999","-9999","-9999","-9999","-9999","-9999","-9999","-9999","-9999","-9999","-9999","-9999","-9999","-9999","-9999","-9999","-9999","-9999","-9999","-9999","-9999","-9999","-9999","-9999","-9999","-9999","-9999","-9999","-9999","-9999","-9999","-9999","-9999","-9999","-9999","-9999","-9999","-9999","-9999","-9999","-9999","-9999","<5","-9999","9","-9999","-9999","-9999","-9999","-9999","-9999","-9999","-9999","-9999","-9999","-9999","-9999","-9999","-9999","-9999","-9999","-9999","-9999","-9999","<5","-9999","-9999","-9999","-9999","-9999","-9999","-9999","-9999","-9999","-9999","-9999","-9999","-9999","-9999","-9999","-9999","-9999","-9999","-9999","-9999","-9999","-9999","-9999","-9999","11","-9999","-9999","-9999","-9999","-9999","-9999","-9999","-9999","-9999","64","-9999","-9999","Purple Rock Inc.","Alberta Geological Survey"
"75985","MAR_20020002-00091-5698-ICP-2.0ppm-2001-11-21-Bondar-Clegg & Company Ltd.-N/A-N/A-","MAR_20020002","91","200110-133","5698","129.34","129.5","-9999","2001-11-21","2001-09-28","Bondar-Clegg & Company Ltd.","BOND-UNSP","Unspecified","2.0ppm","Submitted sample","ICP","-9999","-9999","-9999","-9999","-9999","-9999","-9999","-9999","-9999","-9999","-9999","-9999","-9999","-9999","-9999","-9999","-9999","-9999","-9999","-9999","-9999","-9999","-9999","-9999","-9999","-9999","-9999","-9999","-9999","-9999","-9999","-9999","-9999","-9999","-9999","-9999","-9999","-9999","-9999","-9999","-9999","-9999","-9999","-9999","-9999","-9999","-9999","-9999","-9999","-9999","-9999","-9999","-9999","61","-9999","-9999","-9999","-9999","-9999","-9999","-9999","-9999","-9999","-9999","-9999","-9999","-9999","-9999","-9999","-9999","-9999","-9999","-9999","-9999","-9999","-9999","-9999","-9999","-9999","-9999","-9999","-9999","-9999","-9999","-9999","-9999","-9999","-9999","-9999","-9999","-9999","-9999","-9999","-9999","-9999","-9999","-9999","-9999","-9999","-9999","-9999","-9999","-9999","30","-9999","-9999","-9999","-9999","-9999","-9999","-9999","-9999","-9999","-9999","-9999","-9999","-9999","-9999","-9999","-9999","-9999","-9999","-9999","-9999","-9999","-9999","-9999","-9999","-9999","-9999","-9999","-9999","-9999","-9999","-9999","-9999","-9999","-9999","-9999","-9999","-9999","-9999","-9999","-9999","-9999","9","-9999","-9999","-9999","-9999","-9999","-9999","-9999","-9999","-9999","-9999","-9999","-9999","-9999","-9999","-9999","-9999","-9999","-9999","-9999","-9999","-9999","-9999","-9999","-9999","-9999","-9999","-9999","-9999","-9999","-9999","-9999","-9999","-9999","-9999","-9999","-9999","-9999","-9999","-9999","-9999","-9999","-9999","-9999","-9999","-9999","-9999","-9999","-9999","-9999","-9999","-9999","-9999","-9999","-9999","-9999","-9999","-9999","-9999","-9999","-9999","-9999","-9999","-9999","-9999","-9999","-9999","-9999","-9999","-9999","-9999","73","-9999","-9999","-9999","-9999","-9999","-9999","-9999","-9999","-9999","-9999","63","-9999","-9999","-9999","-9999","-9999","-9999","Purple Rock Inc.","Alberta Geological Survey"
"75986","MAR_20020002-00091-5698-ICP-25.0ppm-2001-11-21-Bondar-Clegg & Company Ltd.-N/A-N/A-","MAR_20020002","91","200110-133","5698","129.34","129.5","-9999","2001-11-21","2001-09-28","Bondar-Clegg & Company Ltd.","BOND-UNSP","Unspecified","25.0ppm","Submitted sample","ICP","-9999","-9999","-9999","-9999","-9999","-9999","-9999","-9999","-9999","-9999","-9999","-9999","-9999","-9999","-9999","-9999","-9999","-9999","-9999","-9999","-9999","-9999","-9999","-9999","-9999","-9999","-9999","-9999","-9999","-9999","-9999","-9999","-9999","-9999","-9999","-9999","-9999","-9999","-9999","-9999","-9999","-9999","-9999","-9999","-9999","-9999","-9999","-9999","-9999","-9999","-9999","-9999","-9999","-9999","-9999","-9999","-9999","-9999","-9999","-9999","-9999","-9999","-9999","-9999","-9999","-9999","-9999","-9999","-9999","-9999","-9999","-9999","-9999","-9999","-9999","-9999","-9999","-9999","-9999","-9999","-9999","-9999","-9999","-9999","-9999","-9999","-9999","-9999","-9999","-9999","-9999","-9999","-9999","-9999","-9999","-9999","-9999","-9999","-9999","-9999","-9999","-9999","-9999","-9999","-9999","-9999","-9999","-9999","-9999","-9999","-9999","-9999","-9999","-9999","-9999","-9999","-9999","-9999","-9999","-9999","-9999","-9999","-9999","-9999","-9999","-9999","-9999","-9999","-9999","-9999","-9999","-9999","-9999","-9999","-9999","-9999","-9999","-9999","-9999","-9999","-9999","-9999","-9999","-9999","-9999","-9999","-9999","-9999","-9999","-9999","-9999","-9999","-9999","-9999","-9999","-9999","-9999","-9999","-9999","-9999","-9999","-9999","-9999","-9999","-9999","-9999","-9999","-9999","-9999","-9999","-9999","-9999","-9999","-9999","-9999","-9999","-9999","-9999","-9999","-9999","-9999","-9999","-9999","-9999","-9999","-9999","-9999","-9999","-9999","-9999","-9999","-9999","-9999","-9999","-9999","-9999","-9999","-9999","-9999","-9999","-9999","<25","-9999","-9999","-9999","-9999","-9999","-9999","-9999","-9999","-9999","-9999","-9999","-9999","-9999","-9999","-9999","-9999","-9999","-9999","-9999","-9999","-9999","-9999","-9999","-9999","-9999","-9999","-9999","-9999","-9999","-9999","-9999","-9999","Purple Rock Inc.","Alberta Geological Survey"
"75987","MAR_20020002-00091-5698-ICP-0.5ppm-2001-11-21-Bondar-Clegg & Company Ltd.-N/A-N/A-","MAR_20020002","91","200110-133","5698","129.34","129.5","-9999","2001-11-21","2001-09-28","Bondar-Clegg & Company Ltd.","BOND-UNSP","Unspecified","0.5ppm","Submitted sample","ICP","-9999","-9999","-9999","-9999","-9999","<0.5","-9999","-9999","-9999","-9999","-9999","-9999","-9999","-9999","-9999","-9999","-9999","-9999","-9999","-9999","-9999","-9999","-9999","-9999","-9999","-9999","-9999","-9999","-9999","-9999","-9999","-9999","-9999","-9999","-9999","-9999","-9999","-9999","-9999","-9999","-9999","-9999","-9999","-9999","-9999","-9999","-9999","-9999","-9999","-9999","-9999","-9999","-9999","-9999","-9999","-9999","-9999","-9999","-9999","-9999","-9999","-9999","-9999","-9999","-9999","-9999","-9999","-9999","-9999","-9999","-9999","-9999","-9999","-9999","-9999","-9999","-9999","-9999","-9999","-9999","-9999","-9999","-9999","-9999","-9999","-9999","-9999","-9999","-9999","-9999","-9999","-9999","-9999","-9999","-9999","-9999","-9999","-9999","-9999","-9999","-9999","-9999","-9999","-9999","-9999","-9999","-9999","-9999","-9999","-9999","-9999","-9999","-9999","-9999","-9999","-9999","-9999","-9999","-9999","-9999","-9999","-9999","-9999","-9999","-9999","-9999","-9999","-9999","-9999","-9999","-9999","-9999","-9999","-9999","-9999","-9999","-9999","-9999","-9999","-9999","-9999","-9999","-9999","-9999","-9999","-9999","-9999","-9999","-9999","-9999","-9999","-9999","-9999","-9999","-9999","-9999","-9999","-9999","-9999","-9999","-9999","-9999","-9999","-9999","-9999","-9999","-9999","-9999","-9999","-9999","-9999","-9999","-9999","-9999","-9999","-9999","-9999","-9999","-9999","-9999","-9999","-9999","-9999","-9999","-9999","-9999","-9999","-9999","-9999","-9999","-9999","-9999","-9999","-9999","-9999","-9999","-9999","-9999","-9999","-9999","-9999","-9999","-9999","-9999","-9999","-9999","-9999","-9999","-9999","-9999","-9999","-9999","-9999","-9999","-9999","-9999","-9999","-9999","-9999","-9999","-9999","-9999","-9999","-9999","-9999","-9999","-9999","-9999","-9999","-9999","-9999","-9999","-9999","-9999","Purple Rock Inc.","Alberta Geological Survey"
"75988","MAR_20020002-00091-5698-ICP-0.002pct-2001-11-21-Bondar-Clegg & Company Ltd.-N/A-N/A-","MAR_20020002","91","200110-133","5698","129.34","129.5","-9999","2001-11-21","2001-09-28","Bondar-Clegg & Company Ltd.","BOND-UNSP","Unspecified","0.002pct","Submitted sample","ICP","-9999","-9999","-9999","-9999","-9999","-9999","-9999","-9999","-9999","-9999","-9999","-9999","-9999","-9999","-9999","-9999","-9999","-9999","-9999","-9999","-9999","-9999","-9999","-9999","-9999","-9999","-9999","-9999","-9999","-9999","-9999","-9999","-9999","-9999","-9999","-9999","-9999","-9999","-9999","-9999","-9999","-9999","-9999","-9999","-9999","-9999","-9999","-9999","-9999","-9999","-9999","-9999","-9999","-9999","-9999","-9999","-9999","-9999","-9999","-9999","-9999","-9999","-9999","-9999","-9999","-9999","-9999","-9999","-9999","-9999","-9999","-9999","-9999","-9999","-9999","-9999","-9999","-9999","-9999","-9999","-9999","-9999","-9999","-9999","-9999","-9999","-9999","-9999","-9999","-9999","-9999","-9999","-9999","-9999","-9999","-9999","-9999","-9999","-9999","-9999","-9999","-9999","-9999","-9999","-9999","-9999","-9999","-9999","-9999","-9999","-9999","-9999","-9999","-9999","-9999","-9999","-9999","-9999","-9999","-9999","-9999","-9999","-9999","-9999","-9999","-9999","-9999","-9999","-9999","-9999","-9999","-9999","-9999","-9999","-9999","-9999","-9999","-9999","-9999","-9999","-9999","-9999","-9999","-9999","-9999","-9999","-9999","-9999","-9999","-9999","-9999","-9999","-9999","-9999","-9999","-9999","-9999","-9999","-9999","-9999","-9999","-9999","-9999","-9999","-9999","-9999","-9999","-9999","-9999","-9999","-9999","3.818","-9999","-9999","-9999","-9999","-9999","-9999","-9999","-9999","-9999","-9999","-9999","-9999","-9999","-9999","-9999","-9999","-9999","-9999","-9999","-9999","-9999","-9999","-9999","-9999","-9999","-9999","-9999","-9999","-9999","-9999","-9999","-9999","-9999","-9999","-9999","-9999","-9999","-9999","-9999","-9999","-9999","-9999","-9999","-9999","-9999","-9999","-9999","-9999","-9999","-9999","-9999","-9999","-9999","-9999","-9999","-9999","-9999","-9999","-9999","-9999","-9999","-9999","Purple Rock Inc.","Alberta Geological Survey"
"75989","MAR_20020002-00091-5698-ICP-0.01pct-2001-11-21-Bondar-Clegg & Company Ltd.-N/A-N/A-","MAR_20020002","91","200110-133","5698","129.34","129.5","-9999","2001-11-21","2001-09-28","Bondar-Clegg & Company Ltd.","BOND-UNSP","Unspecified","0.01pct","Submitted sample","ICP","-9999","-9999","-9999","-9999","-9999","-9999","-9999","-9999","5.98","-9999","-9999","-9999","-9999","-9999","-9999","-9999","-9999","-9999","-9999","-9999","-9999","-9999","-9999","-9999","-9999","-9999","-9999","-9999","-9999","-9999","-9999","-9999","-9999","-9999",">10.00","-9999","-9999","-9999","-9999","-9999","-9999","-9999","-9999","-9999","-9999","-9999","-9999","-9999","-9999","-9999","-9999","-9999","-9999","-9999","-9999","-9999","-9999","-9999","-9999","-9999","-9999","-9999","-9999","-9999","-9999","-9999","-9999","-9999","-9999","-9999","-9999","-9999","5.28","-9999","-9999","-9999","-9999","-9999","-9999","-9999","-9999","-9999","-9999","-9999","-9999","-9999","-9999","-9999","-9999","-9999","-9999","-9999","-9999","2.14","-9999","-9999","-9999","-9999","-9999","-9999","-9999","-9999","-9999","-9999","-9999","-9999","-9999","-9999","-9999","3.69","-9999","-9999","-9999","-9999","-9999","-9999","-9999","-9999","-9999","-9999","-9999","-9999","-9999","-9999","0.1","-9999","-9999","-9999","-9999","-9999","-9999","-9999","-9999","-9999","-9999","-9999","-9999","-9999","-9999","-9999","-9999","-9999","-9999","-9999","-9999","-9999","-9999","-9999","-9999","-9999","-9999","-9999","-9999","-9999","-9999","-9999","-9999","-9999","-9999","-9999","-9999","-9999","-9999","-9999","-9999","-9999","-9999","-9999","-9999","-9999","-9999","-9999","-9999","-9999","-9999","-9999","-9999","-9999","-9999","-9999","-9999","-9999","-9999","-9999","-9999","-9999","-9999","-9999","-9999","-9999","-9999","-9999","-9999","-9999","-9999","-9999","-9999","-9999","-9999","-9999","-9999","-9999","-9999","-9999","0.26","-9999","-9999","-9999","-9999","-9999","-9999","-9999","-9999","-9999","-9999","-9999","-9999","-9999","-9999","-9999","-9999","-9999","-9999","-9999","-9999","-9999","-9999","-9999","-9999","-9999","-9999","-9999","-9999","-9999","Purple Rock Inc.","Alberta Geological Survey"
"75990","MAR_20020002-00091-5698-ICP-20.0ppm-2001-11-21-Bondar-Clegg & Company Ltd.-N/A-N/A-","MAR_20020002","91","200110-133","5698","129.34","129.5","-9999","2001-11-21","2001-09-28","Bondar-Clegg & Company Ltd.","BOND-UNSP","Unspecified","20.0ppm","Submitted sample","ICP","-9999","-9999","-9999","-9999","-9999","-9999","-9999","-9999","-9999","-9999","-9999","-9999","-9999","-9999","-9999","-9999","-9999","-9999","-9999","-9999","-9999","-9999","-9999","-9999","-9999","-9999","-9999","-9999","-9999","-9999","-9999","-9999","-9999","-9999","-9999","-9999","-9999","-9999","-9999","-9999","-9999","-9999","-9999","-9999","-9999","-9999","-9999","-9999","-9999","-9999","-9999","-9999","-9999","-9999","-9999","-9999","-9999","-9999","-9999","-9999","-9999","-9999","-9999","-9999","-9999","-9999","-9999","-9999","-9999","-9999","-9999","-9999","-9999","-9999","-9999","-9999","-9999","-9999","-9999","-9999","-9999","-9999","-9999","-9999","-9999","-9999","-9999","-9999","-9999","-9999","-9999","-9999","-9999","-9999","-9999","-9999","-9999","-9999","-9999","-9999","-9999","-9999","-9999","-9999","-9999","-9999","-9999","-9999","-9999","-9999","-9999","-9999","-9999","-9999","-9999","-9999","-9999","-9999","-9999","-9999","-9999","-9999","-9999","-9999","-9999","-9999","-9999","-9999","-9999","-9999","-9999","-9999","-9999","-9999","-9999","-9999","-9999","-9999","-9999","-9999","-9999","-9999","-9999","-9999","-9999","-9999","-9999","-9999","-9999","-9999","-9999","-9999","-9999","-9999","-9999","-9999","-9999","-9999","-9999","-9999","-9999","-9999","-9999","-9999","-9999","-9999","-9999","-9999","-9999","-9999","-9999","-9999","-9999","-9999","-9999","-9999","-9999","-9999","-9999","-9999","-9999","-9999","-9999","-9999","-9999","-9999","-9999","<20","-9999","-9999","-9999","-9999","-9999","-9999","-9999","-9999","-9999","-9999","-9999","-9999","-9999","-9999","-9999","-9999","-9999","-9999","-9999","-9999","-9999","-9999","-9999","-9999","-9999","-9999","-9999","-9999","-9999","-9999","-9999","<20","-9999","-9999","-9999","-9999","-9999","-9999","-9999","-9999","-9999","-9999","-9999","-9999","-9999","-9999","Purple Rock Inc.","Alberta Geological Survey"
"75991","MAR_20020002-00091-5698-ICP-10.0ppm-2001-11-21-Bondar-Clegg & Company Ltd.-N/A-N/A-","MAR_20020002","91","200110-133","5698","129.34","129.5","-9999","2001-11-21","2001-09-28","Bondar-Clegg & Company Ltd.","BOND-UNSP","Unspecified","10.0ppm","Submitted sample","ICP","-9999","-9999","-9999","-9999","-9999","-9999","-9999","-9999","-9999","-9999","-9999","-9999","-9999","-9999","-9999","-9999","-9999","-9999","-9999","-9999","-9999","-9999","-9999","-9999","-9999","-9999","-9999","-9999","-9999","-9999","-9999","-9999","-9999","-9999","-9999","-9999","-9999","-9999","-9999","-9999","-9999","-9999","-9999","-9999","-9999","-9999","-9999","-9999","-9999","-9999","-9999","-9999","-9999","-9999","-9999","-9999","-9999","-9999","-9999","-9999","-9999","-9999","-9999","-9999","-9999","-9999","-9999","-9999","-9999","-9999","-9999","-9999","-9999","-9999","-9999","-9999","<10","-9999","-9999","-9999","-9999","-9999","-9999","-9999","-9999","-9999","-9999","-9999","-9999","-9999","-9999","-9999","-9999","-9999","-9999","-9999","-9999","-9999","-9999","-9999","-9999","-9999","-9999","-9999","-9999","-9999","-9999","-9999","-9999","-9999","-9999","-9999","-9999","-9999","-9999","-9999","-9999","-9999","-9999","-9999","-9999","-9999","-9999","-9999","-9999","-9999","-9999","-9999","-9999","-9999","-9999","-9999","-9999","-9999","-9999","-9999","-9999","-9999","-9999","-9999","-9999","-9999","-9999","-9999","-9999","-9999","-9999","-9999","-9999","-9999","-9999","-9999","-9999","-9999","-9999","-9999","-9999","-9999","-9999","-9999","-9999","-9999","-9999","-9999","-9999","-9999","-9999","-9999","-9999","-9999","-9999","-9999","-9999","-9999","-9999","-9999","-9999","-9999","-9999","-9999","-9999","-9999","-9999","-9999","-9999","-9999","-9999","-9999","-9999","-9999","-9999","-9999","-9999","-9999","-9999","-9999","-9999","-9999","-9999","-9999","-9999","-9999","-9999","-9999","-9999","-9999","-9999","-9999","-9999","-9999","-9999","-9999","-9999","-9999","-9999","-9999","-9999","-9999","-9999","-9999","-9999","-9999","-9999","-9999","-9999","-9999","-9999","-9999","-9999","-9999","-9999","-9999","-9999","-9999","Purple Rock Inc.","Alberta Geological Survey"
"75992","MAR_20020002-00091-5698-ICP-1.0ppm-2001-11-21-Bondar-Clegg & Company Ltd.-N/A-N/A-","MAR_20020002","91","200110-133","5698","129.34","129.5","-9999","2001-11-21","2001-09-28","Bondar-Clegg & Company Ltd.","BOND-UNSP","Unspecified","1.0ppm","Submitted sample","ICP","-9999","-9999","-9999","-9999","-9999","-9999","-9999","-9999","-9999","-9999","-9999","-9999","-9999","-9999","-9999","-9999","-9999","-9999","-9999","-9999","-9999","-9999","-9999","-9999","-9999","-9999","-9999","-9999","-9999","-9999","-9999","-9999","-9999","-9999","-9999","-9999","-9999","-9999","-9999","-9999","-9999","-9999","<1.0","-9999","-9999","-9999","-9999","-9999","-9999","16","-9999","-9999","-9999","-9999","-9999","-9999","-9999","20","-9999","-9999","-9999","-9999","-9999","-9999","-9999","-9999","-9999","-9999","-9999","-9999","-9999","-9999","-9999","-9999","-9999","-9999","-9999","-9999","-9999","-9999","-9999","-9999","-9999","-9999","-9999","-9999","-9999","-9999","-9999","-9999","-9999","-9999","-9999","-9999","-9999","-9999","-9999","-9999","-9999","-9999","-9999","-9999","-9999","-9999","-9999","-9999","-9999","-9999","-9999","-9999","-9999","-9999","-9999","-9999","-9999","-9999","-9999","-9999","-9999","-9999","-9999","<1","-9999","-9999","-9999","-9999","-9999","-9999","-9999","-9999","-9999","-9999","-9999","-9999","33","-9999","-9999","-9999","-9999","-9999","-9999","-9999","-9999","-9999","-9999","-9999","-9999","-9999","-9999","-9999","-9999","-9999","-9999","-9999","-9999","-9999","-9999","-9999","-9999","-9999","-9999","-9999","-9999","-9999","-9999","-9999","-9999","-9999","-9999","-9999","-9999","-9999","-9999","-9999","-9999","-9999","-9999","-9999","-9999","-9999","-9999","-9999","-9999","-9999","-9999","-9999","-9999","-9999","-9999","-9999","-9999","-9999","182","-9999","-9999","-9999","-9999","-9999","-9999","-9999","-9999","-9999","-9999","-9999","-9999","-9999","-9999","-9999","-9999","-9999","-9999","-9999","-9999","-9999","-9999","-9999","-9999","-9999","-9999","-9999","-9999","-9999","-9999","-9999","-9999","-9999","-9999","-9999","-9999","-9999","-9999","-9999","-9999","-9999","Purple Rock Inc.","Alberta Geological Survey"
"76041","MAR_20020002-00092-5699-ICP-25.0ppm-2001-11-21-Bondar-Clegg & Company Ltd.-N/A-N/A-","MAR_20020002","92","200110-133","5699","129.85","130.82","-9999","2001-11-21","2001-09-28","Bondar-Clegg & Company Ltd.","BOND-UNSP","Unspecified","25.0ppm","Submitted sample","ICP","-9999","-9999","-9999","-9999","-9999","-9999","-9999","-9999","-9999","-9999","-9999","-9999","-9999","-9999","-9999","-9999","-9999","-9999","-9999","-9999","-9999","-9999","-9999","-9999","-9999","-9999","-9999","-9999","-9999","-9999","-9999","-9999","-9999","-9999","-9999","-9999","-9999","-9999","-9999","-9999","-9999","-9999","-9999","-9999","-9999","-9999","-9999","-9999","-9999","-9999","-9999","-9999","-9999","-9999","-9999","-9999","-9999","-9999","-9999","-9999","-9999","-9999","-9999","-9999","-9999","-9999","-9999","-9999","-9999","-9999","-9999","-9999","-9999","-9999","-9999","-9999","-9999","-9999","-9999","-9999","-9999","-9999","-9999","-9999","-9999","-9999","-9999","-9999","-9999","-9999","-9999","-9999","-9999","-9999","-9999","-9999","-9999","-9999","-9999","-9999","-9999","-9999","-9999","-9999","-9999","-9999","-9999","-9999","-9999","-9999","-9999","-9999","-9999","-9999","-9999","-9999","-9999","-9999","-9999","-9999","-9999","-9999","-9999","-9999","-9999","-9999","-9999","-9999","-9999","-9999","-9999","-9999","-9999","-9999","-9999","-9999","-9999","-9999","-9999","-9999","-9999","-9999","-9999","-9999","-9999","-9999","-9999","-9999","-9999","-9999","-9999","-9999","-9999","-9999","-9999","-9999","-9999","-9999","-9999","-9999","-9999","-9999","-9999","-9999","-9999","-9999","-9999","-9999","-9999","-9999","-9999","-9999","-9999","-9999","-9999","-9999","-9999","-9999","-9999","-9999","-9999","-9999","-9999","-9999","-9999","-9999","-9999","-9999","-9999","-9999","-9999","-9999","-9999","-9999","-9999","-9999","-9999","-9999","-9999","-9999","-9999","<25","-9999","-9999","-9999","-9999","-9999","-9999","-9999","-9999","-9999","-9999","-9999","-9999","-9999","-9999","-9999","-9999","-9999","-9999","-9999","-9999","-9999","-9999","-9999","-9999","-9999","-9999","-9999","-9999","-9999","-9999","-9999","-9999","Purple Rock Inc.","Alberta Geological Survey"
"76042","MAR_20020002-00092-5699-ICP-0.01pct-2001-11-21-Bondar-Clegg & Company Ltd.-N/A-N/A-","MAR_20020002","92","200110-133","5699","129.85","130.82","-9999","2001-11-21","2001-09-28","Bondar-Clegg & Company Ltd.","BOND-UNSP","Unspecified","0.01pct","Submitted sample","ICP","-9999","-9999","-9999","-9999","-9999","-9999","-9999","-9999","2.11","-9999","-9999","-9999","-9999","-9999","-9999","-9999","-9999","-9999","-9999","-9999","-9999","-9999","-9999","-9999","-9999","-9999","-9999","-9999","-9999","-9999","-9999","-9999","-9999","-9999",">10.00","-9999","-9999","-9999","-9999","-9999","-9999","-9999","-9999","-9999","-9999","-9999","-9999","-9999","-9999","-9999","-9999","-9999","-9999","-9999","-9999","-9999","-9999","-9999","-9999","-9999","-9999","-9999","-9999","-9999","-9999","-9999","-9999","-9999","-9999","-9999","-9999","-9999","1.83","-9999","-9999","-9999","-9999","-9999","-9999","-9999","-9999","-9999","-9999","-9999","-9999","-9999","-9999","-9999","-9999","-9999","-9999","-9999","-9999","0.75","-9999","-9999","-9999","-9999","-9999","-9999","-9999","-9999","-9999","-9999","-9999","-9999","-9999","-9999","-9999","1.38","-9999","-9999","-9999","-9999","-9999","-9999","-9999","-9999","-9999","-9999","-9999","-9999","-9999","-9999","0.05","-9999","-9999","-9999","-9999","-9999","-9999","-9999","-9999","-9999","-9999","-9999","-9999","-9999","-9999","-9999","-9999","-9999","-9999","-9999","-9999","-9999","-9999","-9999","-9999","-9999","-9999","-9999","-9999","-9999","-9999","-9999","-9999","-9999","-9999","-9999","-9999","-9999","-9999","-9999","-9999","-9999","-9999","-9999","-9999","-9999","-9999","-9999","-9999","-9999","-9999","-9999","-9999","-9999","-9999","-9999","-9999","-9999","-9999","-9999","-9999","-9999","-9999","-9999","-9999","-9999","-9999","-9999","-9999","-9999","-9999","-9999","-9999","-9999","-9999","-9999","-9999","-9999","-9999","-9999","0.1","-9999","-9999","-9999","-9999","-9999","-9999","-9999","-9999","-9999","-9999","-9999","-9999","-9999","-9999","-9999","-9999","-9999","-9999","-9999","-9999","-9999","-9999","-9999","-9999","-9999","-9999","-9999","-9999","-9999","Purple Rock Inc.","Alberta Geological Survey"
"76043","MAR_20020002-00092-5699-ICP-10.0ppm-2001-11-21-Bondar-Clegg & Company Ltd.-N/A-N/A-","MAR_20020002","92","200110-133","5699","129.85","130.82","-9999","2001-11-21","2001-09-28","Bondar-Clegg & Company Ltd.","BOND-UNSP","Unspecified","10.0ppm","Submitted sample","ICP","-9999","-9999","-9999","-9999","-9999","-9999","-9999","-9999","-9999","-9999","-9999","-9999","-9999","-9999","-9999","-9999","-9999","-9999","-9999","-9999","-9999","-9999","-9999","-9999","-9999","-9999","-9999","-9999","-9999","-9999","-9999","-9999","-9999","-9999","-9999","-9999","-9999","-9999","-9999","-9999","-9999","-9999","-9999","-9999","-9999","-9999","-9999","-9999","-9999","-9999","-9999","-9999","-9999","-9999","-9999","-9999","-9999","-9999","-9999","-9999","-9999","-9999","-9999","-9999","-9999","-9999","-9999","-9999","-9999","-9999","-9999","-9999","-9999","-9999","-9999","-9999","<10","-9999","-9999","-9999","-9999","-9999","-9999","-9999","-9999","-9999","-9999","-9999","-9999","-9999","-9999","-9999","-9999","-9999","-9999","-9999","-9999","-9999","-9999","-9999","-9999","-9999","-9999","-9999","-9999","-9999","-9999","-9999","-9999","-9999","-9999","-9999","-9999","-9999","-9999","-9999","-9999","-9999","-9999","-9999","-9999","-9999","-9999","-9999","-9999","-9999","-9999","-9999","-9999","-9999","-9999","-9999","-9999","-9999","-9999","-9999","-9999","-9999","-9999","-9999","-9999","-9999","-9999","-9999","-9999","-9999","-9999","-9999","-9999","-9999","-9999","-9999","-9999","-9999","-9999","-9999","-9999","-9999","-9999","-9999","-9999","-9999","-9999","-9999","-9999","-9999","-9999","-9999","-9999","-9999","-9999","-9999","-9999","-9999","-9999","-9999","-9999","-9999","-9999","-9999","-9999","-9999","-9999","-9999","-9999","-9999","-9999","-9999","-9999","-9999","-9999","-9999","-9999","-9999","-9999","-9999","-9999","-9999","-9999","-9999","-9999","-9999","-9999","-9999","-9999","-9999","-9999","-9999","-9999","-9999","-9999","-9999","-9999","-9999","-9999","-9999","-9999","-9999","-9999","-9999","-9999","-9999","-9999","-9999","-9999","-9999","-9999","-9999","-9999","-9999","-9999","-9999","-9999","-9999","Purple Rock Inc.","Alberta Geological Survey"
"76044","MAR_20020002-00092-5699-ICP-0.5ppm-2001-11-21-Bondar-Clegg & Company Ltd.-N/A-N/A-","MAR_20020002","92","200110-133","5699","129.85","130.82","-9999","2001-11-21","2001-09-28","Bondar-Clegg & Company Ltd.","BOND-UNSP","Unspecified","0.5ppm","Submitted sample","ICP","-9999","-9999","-9999","-9999","-9999","1","-9999","-9999","-9999","-9999","-9999","-9999","-9999","-9999","-9999","-9999","-9999","-9999","-9999","-9999","-9999","-9999","-9999","-9999","-9999","-9999","-9999","-9999","-9999","-9999","-9999","-9999","-9999","-9999","-9999","-9999","-9999","-9999","-9999","-9999","-9999","-9999","-9999","-9999","-9999","-9999","-9999","-9999","-9999","-9999","-9999","-9999","-9999","-9999","-9999","-9999","-9999","-9999","-9999","-9999","-9999","-9999","-9999","-9999","-9999","-9999","-9999","-9999","-9999","-9999","-9999","-9999","-9999","-9999","-9999","-9999","-9999","-9999","-9999","-9999","-9999","-9999","-9999","-9999","-9999","-9999","-9999","-9999","-9999","-9999","-9999","-9999","-9999","-9999","-9999","-9999","-9999","-9999","-9999","-9999","-9999","-9999","-9999","-9999","-9999","-9999","-9999","-9999","-9999","-9999","-9999","-9999","-9999","-9999","-9999","-9999","-9999","-9999","-9999","-9999","-9999","-9999","-9999","-9999","-9999","-9999","-9999","-9999","-9999","-9999","-9999","-9999","-9999","-9999","-9999","-9999","-9999","-9999","-9999","-9999","-9999","-9999","-9999","-9999","-9999","-9999","-9999","-9999","-9999","-9999","-9999","-9999","-9999","-9999","-9999","-9999","-9999","-9999","-9999","-9999","-9999","-9999","-9999","-9999","-9999","-9999","-9999","-9999","-9999","-9999","-9999","-9999","-9999","-9999","-9999","-9999","-9999","-9999","-9999","-9999","-9999","-9999","-9999","-9999","-9999","-9999","-9999","-9999","-9999","-9999","-9999","-9999","-9999","-9999","-9999","-9999","-9999","-9999","-9999","-9999","-9999","-9999","-9999","-9999","-9999","-9999","-9999","-9999","-9999","-9999","-9999","-9999","-9999","-9999","-9999","-9999","-9999","-9999","-9999","-9999","-9999","-9999","-9999","-9999","-9999","-9999","-9999","-9999","-9999","-9999","-9999","-9999","-9999","-9999","Purple Rock Inc.","Alberta Geological Survey"
"76045","MAR_20020002-00092-5699-ICP-0.002pct-2001-11-21-Bondar-Clegg & Company Ltd.-N/A-N/A-","MAR_20020002","92","200110-133","5699","129.85","130.82","-9999","2001-11-21","2001-09-28","Bondar-Clegg & Company Ltd.","BOND-UNSP","Unspecified","0.002pct","Submitted sample","ICP","-9999","-9999","-9999","-9999","-9999","-9999","-9999","-9999","-9999","-9999","-9999","-9999","-9999","-9999","-9999","-9999","-9999","-9999","-9999","-9999","-9999","-9999","-9999","-9999","-9999","-9999","-9999","-9999","-9999","-9999","-9999","-9999","-9999","-9999","-9999","-9999","-9999","-9999","-9999","-9999","-9999","-9999","-9999","-9999","-9999","-9999","-9999","-9999","-9999","-9999","-9999","-9999","-9999","-9999","-9999","-9999","-9999","-9999","-9999","-9999","-9999","-9999","-9999","-9999","-9999","-9999","-9999","-9999","-9999","-9999","-9999","-9999","-9999","-9999","-9999","-9999","-9999","-9999","-9999","-9999","-9999","-9999","-9999","-9999","-9999","-9999","-9999","-9999","-9999","-9999","-9999","-9999","-9999","-9999","-9999","-9999","-9999","-9999","-9999","-9999","-9999","-9999","-9999","-9999","-9999","-9999","-9999","-9999","-9999","-9999","-9999","-9999","-9999","-9999","-9999","-9999","-9999","-9999","-9999","-9999","-9999","-9999","-9999","-9999","-9999","-9999","-9999","-9999","-9999","-9999","-9999","-9999","-9999","-9999","-9999","-9999","-9999","-9999","-9999","-9999","-9999","-9999","-9999","-9999","-9999","-9999","-9999","-9999","-9999","-9999","-9999","-9999","-9999","-9999","-9999","-9999","-9999","-9999","-9999","-9999","-9999","-9999","-9999","-9999","-9999","-9999","-9999","-9999","-9999","-9999","-9999","1.283","-9999","-9999","-9999","-9999","-9999","-9999","-9999","-9999","-9999","-9999","-9999","-9999","-9999","-9999","-9999","-9999","-9999","-9999","-9999","-9999","-9999","-9999","-9999","-9999","-9999","-9999","-9999","-9999","-9999","-9999","-9999","-9999","-9999","-9999","-9999","-9999","-9999","-9999","-9999","-9999","-9999","-9999","-9999","-9999","-9999","-9999","-9999","-9999","-9999","-9999","-9999","-9999","-9999","-9999","-9999","-9999","-9999","-9999","-9999","-9999","-9999","-9999","Purple Rock Inc.","Alberta Geological Survey"
"76046","MAR_20020002-00092-5699-ICP-10.0pct-2001-11-21-Bondar-Clegg & Company Ltd.-N/A-N/A-","MAR_20020002","92","200110-133","5699","129.85","130.82","-9999","2001-11-21","2001-09-28","Bondar-Clegg & Company Ltd.","BOND-UNSP","Unspecified","10.0pct","Submitted sample","ICP","-9999","-9999","-9999","-9999","-9999","-9999","-9999","-9999","-9999","-9999","-9999","-9999","-9999","-9999","-9999","-9999","-9999","-9999","-9999","-9999","-9999","-9999","-9999","-9999","-9999","-9999","-9999","-9999","-9999","-9999","-9999","-9999","-9999","27.8","-9999","-9999","-9999","-9999","-9999","-9999","-9999","-9999","-9999","-9999","-9999","-9999","-9999","-9999","-9999","-9999","-9999","-9999","-9999","-9999","-9999","-9999","-9999","-9999","-9999","-9999","-9999","-9999","-9999","-9999","-9999","-9999","-9999","-9999","-9999","-9999","-9999","-9999","-9999","-9999","-9999","-9999","-9999","-9999","-9999","-9999","-9999","-9999","-9999","-9999","-9999","-9999","-9999","-9999","-9999","-9999","-9999","-9999","-9999","-9999","-9999","-9999","-9999","-9999","-9999","-9999","-9999","-9999","-9999","-9999","-9999","-9999","-9999","-9999","-9999","-9999","-9999","-9999","-9999","-9999","-9999","-9999","-9999","-9999","-9999","-9999","-9999","-9999","-9999","-9999","-9999","-9999","-9999","-9999","-9999","-9999","-9999","-9999","-9999","-9999","-9999","-9999","-9999","-9999","-9999","-9999","-9999","-9999","-9999","-9999","-9999","-9999","-9999","-9999","-9999","-9999","-9999","-9999","-9999","-9999","-9999","-9999","-9999","-9999","-9999","-9999","-9999","-9999","-9999","-9999","-9999","-9999","-9999","-9999","-9999","-9999","-9999","-9999","-9999","-9999","-9999","-9999","-9999","-9999","-9999","-9999","-9999","-9999","-9999","-9999","-9999","-9999","-9999","-9999","-9999","-9999","-9999","-9999","-9999","-9999","-9999","-9999","-9999","-9999","-9999","-9999","-9999","-9999","-9999","-9999","-9999","-9999","-9999","-9999","-9999","-9999","-9999","-9999","-9999","-9999","-9999","-9999","-9999","-9999","-9999","-9999","-9999","-9999","-9999","-9999","-9999","-9999","-9999","-9999","-9999","-9999","-9999","-9999","-9999","-9999","Purple Rock Inc.","Alberta Geological Survey"
"76047","MAR_20020002-00092-5699-ICP-5.0ppm-2001-11-21-Bondar-Clegg & Company Ltd.-N/A-N/A-","MAR_20020002","92","200110-133","5699","129.85","130.82","-9999","2001-11-21","2001-09-28","Bondar-Clegg & Company Ltd.","BOND-UNSP","Unspecified","5.0ppm","Submitted sample","ICP","-9999","-9999","-9999","-9999","-9999","-9999","-9999","-9999","-9999","-9999","-9999","-9999","<5","-9999","-9999","-9999","-9999","-9999","-9999","-9999","-9999","-9999","-9999","275","-9999","-9999","-9999","-9999","<5","-9999","-9999","-9999","-9999","-9999","-9999","-9999","-9999","-9999","-9999","-9999","-9999","-9999","-9999","-9999","-9999","-9999","-9999","-9999","-9999","-9999","-9999","-9999","-9999","-9999","-9999","-9999","-9999","-9999","-9999","-9999","-9999","-9999","-9999","-9999","-9999","-9999","-9999","-9999","-9999","-9999","-9999","-9999","-9999","-9999","-9999","-9999","-9999","-9999","-9999","-9999","-9999","-9999","-9999","-9999","-9999","-9999","-9999","-9999","-9999","-9999","-9999","-9999","-9999","-9999","-9999","-9999","-9999","-9999","-9999","-9999","-9999","7","-9999","-9999","-9999","-9999","-9999","-9999","-9999","-9999","-9999","-9999","-9999","-9999","-9999","-9999","-9999","584","-9999","-9999","-9999","-9999","-9999","-9999","-9999","-9999","-9999","-9999","-9999","<5","-9999","-9999","-9999","-9999","-9999","-9999","-9999","-9999","-9999","-9999","-9999","-9999","-9999","-9999","-9999","-9999","-9999","-9999","-9999","-9999","-9999","-9999","-9999","-9999","-9999","-9999","-9999","-9999","-9999","-9999","-9999","-9999","-9999","-9999","-9999","-9999","-9999","-9999","-9999","-9999","-9999","-9999","-9999","-9999","<5","-9999","<5","-9999","-9999","-9999","-9999","-9999","-9999","-9999","-9999","-9999","-9999","-9999","-9999","-9999","-9999","-9999","-9999","-9999","-9999","-9999","<5","-9999","-9999","-9999","-9999","-9999","-9999","-9999","-9999","-9999","-9999","-9999","-9999","-9999","-9999","-9999","-9999","-9999","-9999","-9999","-9999","-9999","-9999","-9999","-9999","6","-9999","-9999","-9999","-9999","-9999","-9999","-9999","-9999","-9999","31","-9999","-9999","Purple Rock Inc.","Alberta Geological Survey"
"76048","MAR_20020002-00092-5699-ICP-20.0ppm-2001-11-21-Bondar-Clegg & Company Ltd.-N/A-N/A-","MAR_20020002","92","200110-133","5699","129.85","130.82","-9999","2001-11-21","2001-09-28","Bondar-Clegg & Company Ltd.","BOND-UNSP","Unspecified","20.0ppm","Submitted sample","ICP","-9999","-9999","-9999","-9999","-9999","-9999","-9999","-9999","-9999","-9999","-9999","-9999","-9999","-9999","-9999","-9999","-9999","-9999","-9999","-9999","-9999","-9999","-9999","-9999","-9999","-9999","-9999","-9999","-9999","-9999","-9999","-9999","-9999","-9999","-9999","-9999","-9999","-9999","-9999","-9999","-9999","-9999","-9999","-9999","-9999","-9999","-9999","-9999","-9999","-9999","-9999","-9999","-9999","-9999","-9999","-9999","-9999","-9999","-9999","-9999","-9999","-9999","-9999","-9999","-9999","-9999","-9999","-9999","-9999","-9999","-9999","-9999","-9999","-9999","-9999","-9999","-9999","-9999","-9999","-9999","-9999","-9999","-9999","-9999","-9999","-9999","-9999","-9999","-9999","-9999","-9999","-9999","-9999","-9999","-9999","-9999","-9999","-9999","-9999","-9999","-9999","-9999","-9999","-9999","-9999","-9999","-9999","-9999","-9999","-9999","-9999","-9999","-9999","-9999","-9999","-9999","-9999","-9999","-9999","-9999","-9999","-9999","-9999","-9999","-9999","-9999","-9999","-9999","-9999","-9999","-9999","-9999","-9999","-9999","-9999","-9999","-9999","-9999","-9999","-9999","-9999","-9999","-9999","-9999","-9999","-9999","-9999","-9999","-9999","-9999","-9999","-9999","-9999","-9999","-9999","-9999","-9999","-9999","-9999","-9999","-9999","-9999","-9999","-9999","-9999","-9999","-9999","-9999","-9999","-9999","-9999","-9999","-9999","-9999","-9999","-9999","-9999","-9999","-9999","-9999","-9999","-9999","-9999","-9999","-9999","-9999","-9999","<20","-9999","-9999","-9999","-9999","-9999","-9999","-9999","-9999","-9999","-9999","-9999","-9999","-9999","-9999","-9999","-9999","-9999","-9999","-9999","-9999","-9999","-9999","-9999","-9999","-9999","-9999","-9999","-9999","-9999","-9999","-9999","<20","-9999","-9999","-9999","-9999","-9999","-9999","-9999","-9999","-9999","-9999","-9999","-9999","-9999","-9999","Purple Rock Inc.","Alberta Geological Survey"
"76049","MAR_20020002-00092-5699-ICP-1.0ppm-2001-11-21-Bondar-Clegg & Company Ltd.-N/A-N/A-","MAR_20020002","92","200110-133","5699","129.85","130.82","-9999","2001-11-21","2001-09-28","Bondar-Clegg & Company Ltd.","BOND-UNSP","Unspecified","1.0ppm","Submitted sample","ICP","-9999","-9999","-9999","-9999","-9999","-9999","-9999","-9999","-9999","-9999","-9999","-9999","-9999","-9999","-9999","-9999","-9999","-9999","-9999","-9999","-9999","-9999","-9999","-9999","-9999","-9999","-9999","-9999","-9999","-9999","-9999","-9999","-9999","-9999","-9999","-9999","-9999","-9999","-9999","-9999","-9999","-9999","<1.0","-9999","-9999","-9999","-9999","-9999","-9999","6","-9999","-9999","-9999","-9999","-9999","-9999","-9999","7","-9999","-9999","-9999","-9999","-9999","-9999","-9999","-9999","-9999","-9999","-9999","-9999","-9999","-9999","-9999","-9999","-9999","-9999","-9999","-9999","-9999","-9999","-9999","-9999","-9999","-9999","-9999","-9999","-9999","-9999","-9999","-9999","-9999","-9999","-9999","-9999","-9999","-9999","-9999","-9999","-9999","-9999","-9999","-9999","-9999","-9999","-9999","-9999","-9999","-9999","-9999","-9999","-9999","-9999","-9999","-9999","-9999","-9999","-9999","-9999","-9999","-9999","-9999","2","-9999","-9999","-9999","-9999","-9999","-9999","-9999","-9999","-9999","-9999","-9999","-9999","11","-9999","-9999","-9999","-9999","-9999","-9999","-9999","-9999","-9999","-9999","-9999","-9999","-9999","-9999","-9999","-9999","-9999","-9999","-9999","-9999","-9999","-9999","-9999","-9999","-9999","-9999","-9999","-9999","-9999","-9999","-9999","-9999","-9999","-9999","-9999","-9999","-9999","-9999","-9999","-9999","-9999","-9999","-9999","-9999","-9999","-9999","-9999","-9999","-9999","-9999","-9999","-9999","-9999","-9999","-9999","-9999","-9999","263","-9999","-9999","-9999","-9999","-9999","-9999","-9999","-9999","-9999","-9999","-9999","-9999","-9999","-9999","-9999","-9999","-9999","-9999","-9999","-9999","-9999","-9999","-9999","-9999","-9999","-9999","-9999","-9999","-9999","-9999","-9999","-9999","-9999","-9999","-9999","-9999","-9999","-9999","-9999","-9999","-9999","Purple Rock Inc.","Alberta Geological Survey"
"76050","MAR_20020002-00092-5699-ICP-2.0ppm-2001-11-21-Bondar-Clegg & Company Ltd.-N/A-N/A-","MAR_20020002","92","200110-133","5699","129.85","130.82","-9999","2001-11-21","2001-09-28","Bondar-Clegg & Company Ltd.","BOND-UNSP","Unspecified","2.0ppm","Submitted sample","ICP","-9999","-9999","-9999","-9999","-9999","-9999","-9999","-9999","-9999","-9999","-9999","-9999","-9999","-9999","-9999","-9999","-9999","-9999","-9999","-9999","-9999","-9999","-9999","-9999","-9999","-9999","-9999","-9999","-9999","-9999","-9999","-9999","-9999","-9999","-9999","-9999","-9999","-9999","-9999","-9999","-9999","-9999","-9999","-9999","-9999","-9999","-9999","-9999","-9999","-9999","-9999","-9999","-9999","26","-9999","-9999","-9999","-9999","-9999","-9999","-9999","-9999","-9999","-9999","-9999","-9999","-9999","-9999","-9999","-9999","-9999","-9999","-9999","-9999","-9999","-9999","-9999","-9999","-9999","-9999","-9999","-9999","-9999","-9999","-9999","-9999","-9999","-9999","-9999","-9999","-9999","-9999","-9999","-9999","-9999","-9999","-9999","-9999","-9999","-9999","-9999","-9999","-9999","13","-9999","-9999","-9999","-9999","-9999","-9999","-9999","-9999","-9999","-9999","-9999","-9999","-9999","-9999","-9999","-9999","-9999","-9999","-9999","-9999","-9999","-9999","-9999","-9999","-9999","-9999","-9999","-9999","-9999","-9999","-9999","-9999","-9999","-9999","-9999","-9999","-9999","-9999","-9999","-9999","-9999","4","-9999","-9999","-9999","-9999","-9999","-9999","-9999","-9999","-9999","-9999","-9999","-9999","-9999","-9999","-9999","-9999","-9999","-9999","-9999","-9999","-9999","-9999","-9999","-9999","-9999","-9999","-9999","-9999","-9999","-9999","-9999","-9999","-9999","-9999","-9999","-9999","-9999","-9999","-9999","-9999","-9999","-9999","-9999","-9999","-9999","-9999","-9999","-9999","-9999","-9999","-9999","-9999","-9999","-9999","-9999","-9999","-9999","-9999","-9999","-9999","-9999","-9999","-9999","-9999","-9999","-9999","-9999","-9999","-9999","-9999","23","-9999","-9999","-9999","-9999","-9999","-9999","-9999","-9999","-9999","-9999","32","-9999","-9999","-9999","-9999","-9999","-9999","Purple Rock Inc.","Alberta Geological Survey"
"76098","MAR_20020002-00093-5700-ICP-1.0ppm-2001-11-21-Bondar-Clegg & Company Ltd.-N/A-N/A-","MAR_20020002","93","200110-133","5700","131.1","131.9","-9999","2001-11-21","2001-09-28","Bondar-Clegg & Company Ltd.","BOND-UNSP","Unspecified","1.0ppm","Submitted sample","ICP","-9999","-9999","-9999","-9999","-9999","-9999","-9999","-9999","-9999","-9999","-9999","-9999","-9999","-9999","-9999","-9999","-9999","-9999","-9999","-9999","-9999","-9999","-9999","-9999","-9999","-9999","-9999","-9999","-9999","-9999","-9999","-9999","-9999","-9999","-9999","-9999","-9999","-9999","-9999","-9999","-9999","-9999","<1.0","-9999","-9999","-9999","-9999","-9999","-9999","4","-9999","-9999","-9999","-9999","-9999","-9999","-9999","7","-9999","-9999","-9999","-9999","-9999","-9999","-9999","-9999","-9999","-9999","-9999","-9999","-9999","-9999","-9999","-9999","-9999","-9999","-9999","-9999","-9999","-9999","-9999","-9999","-9999","-9999","-9999","-9999","-9999","-9999","-9999","-9999","-9999","-9999","-9999","-9999","-9999","-9999","-9999","-9999","-9999","-9999","-9999","-9999","-9999","-9999","-9999","-9999","-9999","-9999","-9999","-9999","-9999","-9999","-9999","-9999","-9999","-9999","-9999","-9999","-9999","-9999","-9999","3","-9999","-9999","-9999","-9999","-9999","-9999","-9999","-9999","-9999","-9999","-9999","-9999","9","-9999","-9999","-9999","-9999","-9999","-9999","-9999","-9999","-9999","-9999","-9999","-9999","-9999","-9999","-9999","-9999","-9999","-9999","-9999","-9999","-9999","-9999","-9999","-9999","-9999","-9999","-9999","-9999","-9999","-9999","-9999","-9999","-9999","-9999","-9999","-9999","-9999","-9999","-9999","-9999","-9999","-9999","-9999","-9999","-9999","-9999","-9999","-9999","-9999","-9999","-9999","-9999","-9999","-9999","-9999","-9999","-9999","331","-9999","-9999","-9999","-9999","-9999","-9999","-9999","-9999","-9999","-9999","-9999","-9999","-9999","-9999","-9999","-9999","-9999","-9999","-9999","-9999","-9999","-9999","-9999","-9999","-9999","-9999","-9999","-9999","-9999","-9999","-9999","-9999","-9999","-9999","-9999","-9999","-9999","-9999","-9999","-9999","-9999","Purple Rock Inc.","Alberta Geological Survey"
"76099","MAR_20020002-00093-5700-ICP-10.0ppm-2001-11-21-Bondar-Clegg & Company Ltd.-N/A-N/A-","MAR_20020002","93","200110-133","5700","131.1","131.9","-9999","2001-11-21","2001-09-28","Bondar-Clegg & Company Ltd.","BOND-UNSP","Unspecified","10.0ppm","Submitted sample","ICP","-9999","-9999","-9999","-9999","-9999","-9999","-9999","-9999","-9999","-9999","-9999","-9999","-9999","-9999","-9999","-9999","-9999","-9999","-9999","-9999","-9999","-9999","-9999","-9999","-9999","-9999","-9999","-9999","-9999","-9999","-9999","-9999","-9999","-9999","-9999","-9999","-9999","-9999","-9999","-9999","-9999","-9999","-9999","-9999","-9999","-9999","-9999","-9999","-9999","-9999","-9999","-9999","-9999","-9999","-9999","-9999","-9999","-9999","-9999","-9999","-9999","-9999","-9999","-9999","-9999","-9999","-9999","-9999","-9999","-9999","-9999","-9999","-9999","-9999","-9999","-9999","<10","-9999","-9999","-9999","-9999","-9999","-9999","-9999","-9999","-9999","-9999","-9999","-9999","-9999","-9999","-9999","-9999","-9999","-9999","-9999","-9999","-9999","-9999","-9999","-9999","-9999","-9999","-9999","-9999","-9999","-9999","-9999","-9999","-9999","-9999","-9999","-9999","-9999","-9999","-9999","-9999","-9999","-9999","-9999","-9999","-9999","-9999","-9999","-9999","-9999","-9999","-9999","-9999","-9999","-9999","-9999","-9999","-9999","-9999","-9999","-9999","-9999","-9999","-9999","-9999","-9999","-9999","-9999","-9999","-9999","-9999","-9999","-9999","-9999","-9999","-9999","-9999","-9999","-9999","-9999","-9999","-9999","-9999","-9999","-9999","-9999","-9999","-9999","-9999","-9999","-9999","-9999","-9999","-9999","-9999","-9999","-9999","-9999","-9999","-9999","-9999","-9999","-9999","-9999","-9999","-9999","-9999","-9999","-9999","-9999","-9999","-9999","-9999","-9999","-9999","-9999","-9999","-9999","-9999","-9999","-9999","-9999","-9999","-9999","-9999","-9999","-9999","-9999","-9999","-9999","-9999","-9999","-9999","-9999","-9999","-9999","-9999","-9999","-9999","-9999","-9999","-9999","-9999","-9999","-9999","-9999","-9999","-9999","-9999","-9999","-9999","-9999","-9999","-9999","-9999","-9999","-9999","-9999","Purple Rock Inc.","Alberta Geological Survey"
"76100","MAR_20020002-00093-5700-ICP-2.0ppm-2001-11-21-Bondar-Clegg & Company Ltd.-N/A-N/A-","MAR_20020002","93","200110-133","5700","131.1","131.9","-9999","2001-11-21","2001-09-28","Bondar-Clegg & Company Ltd.","BOND-UNSP","Unspecified","2.0ppm","Submitted sample","ICP","-9999","-9999","-9999","-9999","-9999","-9999","-9999","-9999","-9999","-9999","-9999","-9999","-9999","-9999","-9999","-9999","-9999","-9999","-9999","-9999","-9999","-9999","-9999","-9999","-9999","-9999","-9999","-9999","-9999","-9999","-9999","-9999","-9999","-9999","-9999","-9999","-9999","-9999","-9999","-9999","-9999","-9999","-9999","-9999","-9999","-9999","-9999","-9999","-9999","-9999","-9999","-9999","-9999","22","-9999","-9999","-9999","-9999","-9999","-9999","-9999","-9999","-9999","-9999","-9999","-9999","-9999","-9999","-9999","-9999","-9999","-9999","-9999","-9999","-9999","-9999","-9999","-9999","-9999","-9999","-9999","-9999","-9999","-9999","-9999","-9999","-9999","-9999","-9999","-9999","-9999","-9999","-9999","-9999","-9999","-9999","-9999","-9999","-9999","-9999","-9999","-9999","-9999","11","-9999","-9999","-9999","-9999","-9999","-9999","-9999","-9999","-9999","-9999","-9999","-9999","-9999","-9999","-9999","-9999","-9999","-9999","-9999","-9999","-9999","-9999","-9999","-9999","-9999","-9999","-9999","-9999","-9999","-9999","-9999","-9999","-9999","-9999","-9999","-9999","-9999","-9999","-9999","-9999","-9999","2","-9999","-9999","-9999","-9999","-9999","-9999","-9999","-9999","-9999","-9999","-9999","-9999","-9999","-9999","-9999","-9999","-9999","-9999","-9999","-9999","-9999","-9999","-9999","-9999","-9999","-9999","-9999","-9999","-9999","-9999","-9999","-9999","-9999","-9999","-9999","-9999","-9999","-9999","-9999","-9999","-9999","-9999","-9999","-9999","-9999","-9999","-9999","-9999","-9999","-9999","-9999","-9999","-9999","-9999","-9999","-9999","-9999","-9999","-9999","-9999","-9999","-9999","-9999","-9999","-9999","-9999","-9999","-9999","-9999","-9999","21","-9999","-9999","-9999","-9999","-9999","-9999","-9999","-9999","-9999","-9999","33","-9999","-9999","-9999","-9999","-9999","-9999","Purple Rock Inc.","Alberta Geological Survey"
"76101","MAR_20020002-00093-5700-ICP-25.0ppm-2001-11-21-Bondar-Clegg & Company Ltd.-N/A-N/A-","MAR_20020002","93","200110-133","5700","131.1","131.9","-9999","2001-11-21","2001-09-28","Bondar-Clegg & Company Ltd.","BOND-UNSP","Unspecified","25.0ppm","Submitted sample","ICP","-9999","-9999","-9999","-9999","-9999","-9999","-9999","-9999","-9999","-9999","-9999","-9999","-9999","-9999","-9999","-9999","-9999","-9999","-9999","-9999","-9999","-9999","-9999","-9999","-9999","-9999","-9999","-9999","-9999","-9999","-9999","-9999","-9999","-9999","-9999","-9999","-9999","-9999","-9999","-9999","-9999","-9999","-9999","-9999","-9999","-9999","-9999","-9999","-9999","-9999","-9999","-9999","-9999","-9999","-9999","-9999","-9999","-9999","-9999","-9999","-9999","-9999","-9999","-9999","-9999","-9999","-9999","-9999","-9999","-9999","-9999","-9999","-9999","-9999","-9999","-9999","-9999","-9999","-9999","-9999","-9999","-9999","-9999","-9999","-9999","-9999","-9999","-9999","-9999","-9999","-9999","-9999","-9999","-9999","-9999","-9999","-9999","-9999","-9999","-9999","-9999","-9999","-9999","-9999","-9999","-9999","-9999","-9999","-9999","-9999","-9999","-9999","-9999","-9999","-9999","-9999","-9999","-9999","-9999","-9999","-9999","-9999","-9999","-9999","-9999","-9999","-9999","-9999","-9999","-9999","-9999","-9999","-9999","-9999","-9999","-9999","-9999","-9999","-9999","-9999","-9999","-9999","-9999","-9999","-9999","-9999","-9999","-9999","-9999","-9999","-9999","-9999","-9999","-9999","-9999","-9999","-9999","-9999","-9999","-9999","-9999","-9999","-9999","-9999","-9999","-9999","-9999","-9999","-9999","-9999","-9999","-9999","-9999","-9999","-9999","-9999","-9999","-9999","-9999","-9999","-9999","-9999","-9999","-9999","-9999","-9999","-9999","-9999","-9999","-9999","-9999","-9999","-9999","-9999","-9999","-9999","-9999","-9999","-9999","-9999","-9999","<25","-9999","-9999","-9999","-9999","-9999","-9999","-9999","-9999","-9999","-9999","-9999","-9999","-9999","-9999","-9999","-9999","-9999","-9999","-9999","-9999","-9999","-9999","-9999","-9999","-9999","-9999","-9999","-9999","-9999","-9999","-9999","-9999","Purple Rock Inc.","Alberta Geological Survey"
"76102","MAR_20020002-00093-5700-ICP-0.002pct-2001-11-21-Bondar-Clegg & Company Ltd.-N/A-N/A-","MAR_20020002","93","200110-133","5700","131.1","131.9","-9999","2001-11-21","2001-09-28","Bondar-Clegg & Company Ltd.","BOND-UNSP","Unspecified","0.002pct","Submitted sample","ICP","-9999","-9999","-9999","-9999","-9999","-9999","-9999","-9999","-9999","-9999","-9999","-9999","-9999","-9999","-9999","-9999","-9999","-9999","-9999","-9999","-9999","-9999","-9999","-9999","-9999","-9999","-9999","-9999","-9999","-9999","-9999","-9999","-9999","-9999","-9999","-9999","-9999","-9999","-9999","-9999","-9999","-9999","-9999","-9999","-9999","-9999","-9999","-9999","-9999","-9999","-9999","-9999","-9999","-9999","-9999","-9999","-9999","-9999","-9999","-9999","-9999","-9999","-9999","-9999","-9999","-9999","-9999","-9999","-9999","-9999","-9999","-9999","-9999","-9999","-9999","-9999","-9999","-9999","-9999","-9999","-9999","-9999","-9999","-9999","-9999","-9999","-9999","-9999","-9999","-9999","-9999","-9999","-9999","-9999","-9999","-9999","-9999","-9999","-9999","-9999","-9999","-9999","-9999","-9999","-9999","-9999","-9999","-9999","-9999","-9999","-9999","-9999","-9999","-9999","-9999","-9999","-9999","-9999","-9999","-9999","-9999","-9999","-9999","-9999","-9999","-9999","-9999","-9999","-9999","-9999","-9999","-9999","-9999","-9999","-9999","-9999","-9999","-9999","-9999","-9999","-9999","-9999","-9999","-9999","-9999","-9999","-9999","-9999","-9999","-9999","-9999","-9999","-9999","-9999","-9999","-9999","-9999","-9999","-9999","-9999","-9999","-9999","-9999","-9999","-9999","-9999","-9999","-9999","-9999","-9999","-9999","0.769","-9999","-9999","-9999","-9999","-9999","-9999","-9999","-9999","-9999","-9999","-9999","-9999","-9999","-9999","-9999","-9999","-9999","-9999","-9999","-9999","-9999","-9999","-9999","-9999","-9999","-9999","-9999","-9999","-9999","-9999","-9999","-9999","-9999","-9999","-9999","-9999","-9999","-9999","-9999","-9999","-9999","-9999","-9999","-9999","-9999","-9999","-9999","-9999","-9999","-9999","-9999","-9999","-9999","-9999","-9999","-9999","-9999","-9999","-9999","-9999","-9999","-9999","Purple Rock Inc.","Alberta Geological Survey"
"76103","MAR_20020002-00093-5700-ICP-5.0ppm-2001-11-21-Bondar-Clegg & Company Ltd.-N/A-N/A-","MAR_20020002","93","200110-133","5700","131.1","131.9","-9999","2001-11-21","2001-09-28","Bondar-Clegg & Company Ltd.","BOND-UNSP","Unspecified","5.0ppm","Submitted sample","ICP","-9999","-9999","-9999","-9999","-9999","-9999","-9999","-9999","-9999","-9999","-9999","-9999","<5","-9999","-9999","-9999","-9999","-9999","-9999","-9999","-9999","-9999","-9999","872","-9999","-9999","-9999","-9999","<5","-9999","-9999","-9999","-9999","-9999","-9999","-9999","-9999","-9999","-9999","-9999","-9999","-9999","-9999","-9999","-9999","-9999","-9999","-9999","-9999","-9999","-9999","-9999","-9999","-9999","-9999","-9999","-9999","-9999","-9999","-9999","-9999","-9999","-9999","-9999","-9999","-9999","-9999","-9999","-9999","-9999","-9999","-9999","-9999","-9999","-9999","-9999","-9999","-9999","-9999","-9999","-9999","-9999","-9999","-9999","-9999","-9999","-9999","-9999","-9999","-9999","-9999","-9999","-9999","-9999","-9999","-9999","-9999","-9999","-9999","-9999","-9999","7","-9999","-9999","-9999","-9999","-9999","-9999","-9999","-9999","-9999","-9999","-9999","-9999","-9999","-9999","-9999","538","-9999","-9999","-9999","-9999","-9999","-9999","-9999","-9999","-9999","-9999","-9999","<5","-9999","-9999","-9999","-9999","-9999","-9999","-9999","-9999","-9999","-9999","-9999","-9999","-9999","-9999","-9999","-9999","-9999","-9999","-9999","-9999","-9999","-9999","-9999","-9999","-9999","-9999","-9999","-9999","-9999","-9999","-9999","-9999","-9999","-9999","-9999","-9999","-9999","-9999","-9999","-9999","-9999","-9999","-9999","-9999","<5","-9999","<5","-9999","-9999","-9999","-9999","-9999","-9999","-9999","-9999","-9999","-9999","-9999","-9999","-9999","-9999","-9999","-9999","-9999","-9999","-9999","<5","-9999","-9999","-9999","-9999","-9999","-9999","-9999","-9999","-9999","-9999","-9999","-9999","-9999","-9999","-9999","-9999","-9999","-9999","-9999","-9999","-9999","-9999","-9999","-9999","5","-9999","-9999","-9999","-9999","-9999","-9999","-9999","-9999","-9999","20","-9999","-9999","Purple Rock Inc.","Alberta Geological Survey"
"76104","MAR_20020002-00093-5700-ICP-0.5ppm-2001-11-21-Bondar-Clegg & Company Ltd.-N/A-N/A-","MAR_20020002","93","200110-133","5700","131.1","131.9","-9999","2001-11-21","2001-09-28","Bondar-Clegg & Company Ltd.","BOND-UNSP","Unspecified","0.5ppm","Submitted sample","ICP","-9999","-9999","-9999","-9999","-9999","1.2","-9999","-9999","-9999","-9999","-9999","-9999","-9999","-9999","-9999","-9999","-9999","-9999","-9999","-9999","-9999","-9999","-9999","-9999","-9999","-9999","-9999","-9999","-9999","-9999","-9999","-9999","-9999","-9999","-9999","-9999","-9999","-9999","-9999","-9999","-9999","-9999","-9999","-9999","-9999","-9999","-9999","-9999","-9999","-9999","-9999","-9999","-9999","-9999","-9999","-9999","-9999","-9999","-9999","-9999","-9999","-9999","-9999","-9999","-9999","-9999","-9999","-9999","-9999","-9999","-9999","-9999","-9999","-9999","-9999","-9999","-9999","-9999","-9999","-9999","-9999","-9999","-9999","-9999","-9999","-9999","-9999","-9999","-9999","-9999","-9999","-9999","-9999","-9999","-9999","-9999","-9999","-9999","-9999","-9999","-9999","-9999","-9999","-9999","-9999","-9999","-9999","-9999","-9999","-9999","-9999","-9999","-9999","-9999","-9999","-9999","-9999","-9999","-9999","-9999","-9999","-9999","-9999","-9999","-9999","-9999","-9999","-9999","-9999","-9999","-9999","-9999","-9999","-9999","-9999","-9999","-9999","-9999","-9999","-9999","-9999","-9999","-9999","-9999","-9999","-9999","-9999","-9999","-9999","-9999","-9999","-9999","-9999","-9999","-9999","-9999","-9999","-9999","-9999","-9999","-9999","-9999","-9999","-9999","-9999","-9999","-9999","-9999","-9999","-9999","-9999","-9999","-9999","-9999","-9999","-9999","-9999","-9999","-9999","-9999","-9999","-9999","-9999","-9999","-9999","-9999","-9999","-9999","-9999","-9999","-9999","-9999","-9999","-9999","-9999","-9999","-9999","-9999","-9999","-9999","-9999","-9999","-9999","-9999","-9999","-9999","-9999","-9999","-9999","-9999","-9999","-9999","-9999","-9999","-9999","-9999","-9999","-9999","-9999","-9999","-9999","-9999","-9999","-9999","-9999","-9999","-9999","-9999","-9999","-9999","-9999","-9999","-9999","-9999","Purple Rock Inc.","Alberta Geological Survey"
"76105","MAR_20020002-00093-5700-ICP-0.01pct-2001-11-21-Bondar-Clegg & Company Ltd.-N/A-N/A-","MAR_20020002","93","200110-133","5700","131.1","131.9","-9999","2001-11-21","2001-09-28","Bondar-Clegg & Company Ltd.","BOND-UNSP","Unspecified","0.01pct","Submitted sample","ICP","-9999","-9999","-9999","-9999","-9999","-9999","-9999","-9999","1.89","-9999","-9999","-9999","-9999","-9999","-9999","-9999","-9999","-9999","-9999","-9999","-9999","-9999","-9999","-9999","-9999","-9999","-9999","-9999","-9999","-9999","-9999","-9999","-9999","-9999",">10.00","-9999","-9999","-9999","-9999","-9999","-9999","-9999","-9999","-9999","-9999","-9999","-9999","-9999","-9999","-9999","-9999","-9999","-9999","-9999","-9999","-9999","-9999","-9999","-9999","-9999","-9999","-9999","-9999","-9999","-9999","-9999","-9999","-9999","-9999","-9999","-9999","-9999","1.2","-9999","-9999","-9999","-9999","-9999","-9999","-9999","-9999","-9999","-9999","-9999","-9999","-9999","-9999","-9999","-9999","-9999","-9999","-9999","-9999","0.68","-9999","-9999","-9999","-9999","-9999","-9999","-9999","-9999","-9999","-9999","-9999","-9999","-9999","-9999","-9999","1.33","-9999","-9999","-9999","-9999","-9999","-9999","-9999","-9999","-9999","-9999","-9999","-9999","-9999","-9999","0.04","-9999","-9999","-9999","-9999","-9999","-9999","-9999","-9999","-9999","-9999","-9999","-9999","-9999","-9999","-9999","-9999","-9999","-9999","-9999","-9999","-9999","-9999","-9999","-9999","-9999","-9999","-9999","-9999","-9999","-9999","-9999","-9999","-9999","-9999","-9999","-9999","-9999","-9999","-9999","-9999","-9999","-9999","-9999","-9999","-9999","-9999","-9999","-9999","-9999","-9999","-9999","-9999","-9999","-9999","-9999","-9999","-9999","-9999","-9999","-9999","-9999","-9999","-9999","-9999","-9999","-9999","-9999","-9999","-9999","-9999","-9999","-9999","-9999","-9999","-9999","-9999","-9999","-9999","-9999","0.09","-9999","-9999","-9999","-9999","-9999","-9999","-9999","-9999","-9999","-9999","-9999","-9999","-9999","-9999","-9999","-9999","-9999","-9999","-9999","-9999","-9999","-9999","-9999","-9999","-9999","-9999","-9999","-9999","-9999","Purple Rock Inc.","Alberta Geological Survey"
"76106","MAR_20020002-00093-5700-ICP-10.0pct-2001-11-21-Bondar-Clegg & Company Ltd.-N/A-N/A-","MAR_20020002","93","200110-133","5700","131.1","131.9","-9999","2001-11-21","2001-09-28","Bondar-Clegg & Company Ltd.","BOND-UNSP","Unspecified","10.0pct","Submitted sample","ICP","-9999","-9999","-9999","-9999","-9999","-9999","-9999","-9999","-9999","-9999","-9999","-9999","-9999","-9999","-9999","-9999","-9999","-9999","-9999","-9999","-9999","-9999","-9999","-9999","-9999","-9999","-9999","-9999","-9999","-9999","-9999","-9999","-9999","31.5","-9999","-9999","-9999","-9999","-9999","-9999","-9999","-9999","-9999","-9999","-9999","-9999","-9999","-9999","-9999","-9999","-9999","-9999","-9999","-9999","-9999","-9999","-9999","-9999","-9999","-9999","-9999","-9999","-9999","-9999","-9999","-9999","-9999","-9999","-9999","-9999","-9999","-9999","-9999","-9999","-9999","-9999","-9999","-9999","-9999","-9999","-9999","-9999","-9999","-9999","-9999","-9999","-9999","-9999","-9999","-9999","-9999","-9999","-9999","-9999","-9999","-9999","-9999","-9999","-9999","-9999","-9999","-9999","-9999","-9999","-9999","-9999","-9999","-9999","-9999","-9999","-9999","-9999","-9999","-9999","-9999","-9999","-9999","-9999","-9999","-9999","-9999","-9999","-9999","-9999","-9999","-9999","-9999","-9999","-9999","-9999","-9999","-9999","-9999","-9999","-9999","-9999","-9999","-9999","-9999","-9999","-9999","-9999","-9999","-9999","-9999","-9999","-9999","-9999","-9999","-9999","-9999","-9999","-9999","-9999","-9999","-9999","-9999","-9999","-9999","-9999","-9999","-9999","-9999","-9999","-9999","-9999","-9999","-9999","-9999","-9999","-9999","-9999","-9999","-9999","-9999","-9999","-9999","-9999","-9999","-9999","-9999","-9999","-9999","-9999","-9999","-9999","-9999","-9999","-9999","-9999","-9999","-9999","-9999","-9999","-9999","-9999","-9999","-9999","-9999","-9999","-9999","-9999","-9999","-9999","-9999","-9999","-9999","-9999","-9999","-9999","-9999","-9999","-9999","-9999","-9999","-9999","-9999","-9999","-9999","-9999","-9999","-9999","-9999","-9999","-9999","-9999","-9999","-9999","-9999","-9999","-9999","-9999","-9999","-9999","Purple Rock Inc.","Alberta Geological Survey"
"76107","MAR_20020002-00093-5700-ICP-20.0ppm-2001-11-21-Bondar-Clegg & Company Ltd.-N/A-N/A-","MAR_20020002","93","200110-133","5700","131.1","131.9","-9999","2001-11-21","2001-09-28","Bondar-Clegg & Company Ltd.","BOND-UNSP","Unspecified","20.0ppm","Submitted sample","ICP","-9999","-9999","-9999","-9999","-9999","-9999","-9999","-9999","-9999","-9999","-9999","-9999","-9999","-9999","-9999","-9999","-9999","-9999","-9999","-9999","-9999","-9999","-9999","-9999","-9999","-9999","-9999","-9999","-9999","-9999","-9999","-9999","-9999","-9999","-9999","-9999","-9999","-9999","-9999","-9999","-9999","-9999","-9999","-9999","-9999","-9999","-9999","-9999","-9999","-9999","-9999","-9999","-9999","-9999","-9999","-9999","-9999","-9999","-9999","-9999","-9999","-9999","-9999","-9999","-9999","-9999","-9999","-9999","-9999","-9999","-9999","-9999","-9999","-9999","-9999","-9999","-9999","-9999","-9999","-9999","-9999","-9999","-9999","-9999","-9999","-9999","-9999","-9999","-9999","-9999","-9999","-9999","-9999","-9999","-9999","-9999","-9999","-9999","-9999","-9999","-9999","-9999","-9999","-9999","-9999","-9999","-9999","-9999","-9999","-9999","-9999","-9999","-9999","-9999","-9999","-9999","-9999","-9999","-9999","-9999","-9999","-9999","-9999","-9999","-9999","-9999","-9999","-9999","-9999","-9999","-9999","-9999","-9999","-9999","-9999","-9999","-9999","-9999","-9999","-9999","-9999","-9999","-9999","-9999","-9999","-9999","-9999","-9999","-9999","-9999","-9999","-9999","-9999","-9999","-9999","-9999","-9999","-9999","-9999","-9999","-9999","-9999","-9999","-9999","-9999","-9999","-9999","-9999","-9999","-9999","-9999","-9999","-9999","-9999","-9999","-9999","-9999","-9999","-9999","-9999","-9999","-9999","-9999","-9999","-9999","-9999","-9999","<20","-9999","-9999","-9999","-9999","-9999","-9999","-9999","-9999","-9999","-9999","-9999","-9999","-9999","-9999","-9999","-9999","-9999","-9999","-9999","-9999","-9999","-9999","-9999","-9999","-9999","-9999","-9999","-9999","-9999","-9999","-9999","<20","-9999","-9999","-9999","-9999","-9999","-9999","-9999","-9999","-9999","-9999","-9999","-9999","-9999","-9999","Purple Rock Inc.","Alberta Geological Survey"
"76547","MAR_20020002-00102-5709-ICP-5.0ppm-2001-11-21-Bondar-Clegg & Company Ltd.-N/A-N/A-","MAR_20020002","102","200134-001","5709","127.52","128.8","-9999","2001-11-21","2001-09-28","Bondar-Clegg & Company Ltd.","BOND-UNSP","Unspecified","5.0ppm","Submitted sample","ICP","-9999","-9999","-9999","-9999","-9999","-9999","-9999","-9999","-9999","-9999","-9999","-9999","13","-9999","-9999","-9999","-9999","-9999","-9999","-9999","-9999","-9999","-9999","441","-9999","-9999","-9999","-9999","<5","-9999","-9999","-9999","-9999","-9999","-9999","-9999","-9999","-9999","-9999","-9999","-9999","-9999","-9999","-9999","-9999","-9999","-9999","-9999","-9999","-9999","-9999","-9999","-9999","-9999","-9999","-9999","-9999","-9999","-9999","-9999","-9999","-9999","-9999","-9999","-9999","-9999","-9999","-9999","-9999","-9999","-9999","-9999","-9999","-9999","-9999","-9999","-9999","-9999","-9999","-9999","-9999","-9999","-9999","-9999","-9999","-9999","-9999","-9999","-9999","-9999","-9999","-9999","-9999","-9999","-9999","-9999","-9999","-9999","-9999","-9999","-9999","30","-9999","-9999","-9999","-9999","-9999","-9999","-9999","-9999","-9999","-9999","-9999","-9999","-9999","-9999","-9999","2134","-9999","-9999","-9999","-9999","-9999","-9999","-9999","-9999","-9999","-9999","-9999","15","-9999","-9999","-9999","-9999","-9999","-9999","-9999","-9999","-9999","-9999","-9999","-9999","-9999","-9999","-9999","-9999","-9999","-9999","-9999","-9999","-9999","-9999","-9999","-9999","-9999","-9999","-9999","-9999","-9999","-9999","-9999","-9999","-9999","-9999","-9999","-9999","-9999","-9999","-9999","-9999","-9999","-9999","-9999","-9999","<5","-9999","14","-9999","-9999","-9999","-9999","-9999","-9999","-9999","-9999","-9999","-9999","-9999","-9999","-9999","-9999","-9999","-9999","-9999","-9999","-9999","<5","-9999","-9999","-9999","-9999","-9999","-9999","-9999","-9999","-9999","-9999","-9999","-9999","-9999","-9999","-9999","-9999","-9999","-9999","-9999","-9999","-9999","-9999","-9999","-9999","22","-9999","-9999","-9999","-9999","-9999","-9999","-9999","-9999","-9999","116","-9999","-9999","Purple Rock Inc.","Alberta Geological Survey"
"76548","MAR_20020002-00102-5709-ICP-0.002pct-2001-11-21-Bondar-Clegg & Company Ltd.-N/A-N/A-","MAR_20020002","102","200134-001","5709","127.52","128.8","-9999","2001-11-21","2001-09-28","Bondar-Clegg & Company Ltd.","BOND-UNSP","Unspecified","0.002pct","Submitted sample","ICP","-9999","-9999","-9999","-9999","-9999","-9999","-9999","-9999","-9999","-9999","-9999","-9999","-9999","-9999","-9999","-9999","-9999","-9999","-9999","-9999","-9999","-9999","-9999","-9999","-9999","-9999","-9999","-9999","-9999","-9999","-9999","-9999","-9999","-9999","-9999","-9999","-9999","-9999","-9999","-9999","-9999","-9999","-9999","-9999","-9999","-9999","-9999","-9999","-9999","-9999","-9999","-9999","-9999","-9999","-9999","-9999","-9999","-9999","-9999","-9999","-9999","-9999","-9999","-9999","-9999","-9999","-9999","-9999","-9999","-9999","-9999","-9999","-9999","-9999","-9999","-9999","-9999","-9999","-9999","-9999","-9999","-9999","-9999","-9999","-9999","-9999","-9999","-9999","-9999","-9999","-9999","-9999","-9999","-9999","-9999","-9999","-9999","-9999","-9999","-9999","-9999","-9999","-9999","-9999","-9999","-9999","-9999","-9999","-9999","-9999","-9999","-9999","-9999","-9999","-9999","-9999","-9999","-9999","-9999","-9999","-9999","-9999","-9999","-9999","-9999","-9999","-9999","-9999","-9999","-9999","-9999","-9999","-9999","-9999","-9999","-9999","-9999","-9999","-9999","-9999","-9999","-9999","-9999","-9999","-9999","-9999","-9999","-9999","-9999","-9999","-9999","-9999","-9999","-9999","-9999","-9999","-9999","-9999","-9999","-9999","-9999","-9999","-9999","-9999","-9999","-9999","-9999","-9999","-9999","-9999","-9999","1.121","-9999","-9999","-9999","-9999","-9999","-9999","-9999","-9999","-9999","-9999","-9999","-9999","-9999","-9999","-9999","-9999","-9999","-9999","-9999","-9999","-9999","-9999","-9999","-9999","-9999","-9999","-9999","-9999","-9999","-9999","-9999","-9999","-9999","-9999","-9999","-9999","-9999","-9999","-9999","-9999","-9999","-9999","-9999","-9999","-9999","-9999","-9999","-9999","-9999","-9999","-9999","-9999","-9999","-9999","-9999","-9999","-9999","-9999","-9999","-9999","-9999","-9999","Purple Rock Inc.","Alberta Geological Survey"
"76549","MAR_20020002-00102-5709-ICP-1.0ppm-2001-11-21-Bondar-Clegg & Company Ltd.-N/A-N/A-","MAR_20020002","102","200134-001","5709","127.52","128.8","-9999","2001-11-21","2001-09-28","Bondar-Clegg & Company Ltd.","BOND-UNSP","Unspecified","1.0ppm","Submitted sample","ICP","-9999","-9999","-9999","-9999","-9999","-9999","-9999","-9999","-9999","-9999","-9999","-9999","-9999","-9999","-9999","-9999","-9999","-9999","-9999","-9999","-9999","-9999","-9999","-9999","-9999","-9999","-9999","-9999","-9999","-9999","-9999","-9999","-9999","-9999","-9999","-9999","-9999","-9999","-9999","-9999","-9999","-9999","<1.0","-9999","-9999","-9999","-9999","-9999","-9999","21","-9999","-9999","-9999","-9999","-9999","-9999","-9999","17","-9999","-9999","-9999","-9999","-9999","-9999","-9999","-9999","-9999","-9999","-9999","-9999","-9999","-9999","-9999","-9999","-9999","-9999","-9999","-9999","-9999","-9999","-9999","-9999","-9999","-9999","-9999","-9999","-9999","-9999","-9999","-9999","-9999","-9999","-9999","-9999","-9999","-9999","-9999","-9999","-9999","-9999","-9999","-9999","-9999","-9999","-9999","-9999","-9999","-9999","-9999","-9999","-9999","-9999","-9999","-9999","-9999","-9999","-9999","-9999","-9999","-9999","-9999","<1","-9999","-9999","-9999","-9999","-9999","-9999","-9999","-9999","-9999","-9999","-9999","-9999","25","-9999","-9999","-9999","-9999","-9999","-9999","-9999","-9999","-9999","-9999","-9999","-9999","-9999","-9999","-9999","-9999","-9999","-9999","-9999","-9999","-9999","-9999","-9999","-9999","-9999","-9999","-9999","-9999","-9999","-9999","-9999","-9999","-9999","-9999","-9999","-9999","-9999","-9999","-9999","-9999","-9999","-9999","-9999","-9999","-9999","-9999","-9999","-9999","-9999","-9999","-9999","-9999","-9999","-9999","-9999","-9999","-9999","112","-9999","-9999","-9999","-9999","-9999","-9999","-9999","-9999","-9999","-9999","-9999","-9999","-9999","-9999","-9999","-9999","-9999","-9999","-9999","-9999","-9999","-9999","-9999","-9999","-9999","-9999","-9999","-9999","-9999","-9999","-9999","-9999","-9999","-9999","-9999","-9999","-9999","-9999","-9999","-9999","-9999","Purple Rock Inc.","Alberta Geological Survey"
"76550","MAR_20020002-00102-5709-ICP-10.0ppm-2001-11-21-Bondar-Clegg & Company Ltd.-N/A-N/A-","MAR_20020002","102","200134-001","5709","127.52","128.8","-9999","2001-11-21","2001-09-28","Bondar-Clegg & Company Ltd.","BOND-UNSP","Unspecified","10.0ppm","Submitted sample","ICP","-9999","-9999","-9999","-9999","-9999","-9999","-9999","-9999","-9999","-9999","-9999","-9999","-9999","-9999","-9999","-9999","-9999","-9999","-9999","-9999","-9999","-9999","-9999","-9999","-9999","-9999","-9999","-9999","-9999","-9999","-9999","-9999","-9999","-9999","-9999","-9999","-9999","-9999","-9999","-9999","-9999","-9999","-9999","-9999","-9999","-9999","-9999","-9999","-9999","-9999","-9999","-9999","-9999","-9999","-9999","-9999","-9999","-9999","-9999","-9999","-9999","-9999","-9999","-9999","-9999","-9999","-9999","-9999","-9999","-9999","-9999","-9999","-9999","-9999","-9999","-9999","<10","-9999","-9999","-9999","-9999","-9999","-9999","-9999","-9999","-9999","-9999","-9999","-9999","-9999","-9999","-9999","-9999","-9999","-9999","-9999","-9999","-9999","-9999","-9999","-9999","-9999","-9999","-9999","-9999","-9999","-9999","-9999","-9999","-9999","-9999","-9999","-9999","-9999","-9999","-9999","-9999","-9999","-9999","-9999","-9999","-9999","-9999","-9999","-9999","-9999","-9999","-9999","-9999","-9999","-9999","-9999","-9999","-9999","-9999","-9999","-9999","-9999","-9999","-9999","-9999","-9999","-9999","-9999","-9999","-9999","-9999","-9999","-9999","-9999","-9999","-9999","-9999","-9999","-9999","-9999","-9999","-9999","-9999","-9999","-9999","-9999","-9999","-9999","-9999","-9999","-9999","-9999","-9999","-9999","-9999","-9999","-9999","-9999","-9999","-9999","-9999","-9999","-9999","-9999","-9999","-9999","-9999","-9999","-9999","-9999","-9999","-9999","-9999","-9999","-9999","-9999","-9999","-9999","-9999","-9999","-9999","-9999","-9999","-9999","-9999","-9999","-9999","-9999","-9999","-9999","-9999","-9999","-9999","-9999","-9999","-9999","-9999","-9999","-9999","-9999","-9999","-9999","-9999","-9999","-9999","-9999","-9999","-9999","-9999","-9999","-9999","-9999","-9999","-9999","-9999","-9999","-9999","-9999","Purple Rock Inc.","Alberta Geological Survey"
"76551","MAR_20020002-00102-5709-ICP-0.5ppm-2001-11-21-Bondar-Clegg & Company Ltd.-N/A-N/A-","MAR_20020002","102","200134-001","5709","127.52","128.8","-9999","2001-11-21","2001-09-28","Bondar-Clegg & Company Ltd.","BOND-UNSP","Unspecified","0.5ppm","Submitted sample","ICP","-9999","-9999","-9999","-9999","-9999","<0.5","-9999","-9999","-9999","-9999","-9999","-9999","-9999","-9999","-9999","-9999","-9999","-9999","-9999","-9999","-9999","-9999","-9999","-9999","-9999","-9999","-9999","-9999","-9999","-9999","-9999","-9999","-9999","-9999","-9999","-9999","-9999","-9999","-9999","-9999","-9999","-9999","-9999","-9999","-9999","-9999","-9999","-9999","-9999","-9999","-9999","-9999","-9999","-9999","-9999","-9999","-9999","-9999","-9999","-9999","-9999","-9999","-9999","-9999","-9999","-9999","-9999","-9999","-9999","-9999","-9999","-9999","-9999","-9999","-9999","-9999","-9999","-9999","-9999","-9999","-9999","-9999","-9999","-9999","-9999","-9999","-9999","-9999","-9999","-9999","-9999","-9999","-9999","-9999","-9999","-9999","-9999","-9999","-9999","-9999","-9999","-9999","-9999","-9999","-9999","-9999","-9999","-9999","-9999","-9999","-9999","-9999","-9999","-9999","-9999","-9999","-9999","-9999","-9999","-9999","-9999","-9999","-9999","-9999","-9999","-9999","-9999","-9999","-9999","-9999","-9999","-9999","-9999","-9999","-9999","-9999","-9999","-9999","-9999","-9999","-9999","-9999","-9999","-9999","-9999","-9999","-9999","-9999","-9999","-9999","-9999","-9999","-9999","-9999","-9999","-9999","-9999","-9999","-9999","-9999","-9999","-9999","-9999","-9999","-9999","-9999","-9999","-9999","-9999","-9999","-9999","-9999","-9999","-9999","-9999","-9999","-9999","-9999","-9999","-9999","-9999","-9999","-9999","-9999","-9999","-9999","-9999","-9999","-9999","-9999","-9999","-9999","-9999","-9999","-9999","-9999","-9999","-9999","-9999","-9999","-9999","-9999","-9999","-9999","-9999","-9999","-9999","-9999","-9999","-9999","-9999","-9999","-9999","-9999","-9999","-9999","-9999","-9999","-9999","-9999","-9999","-9999","-9999","-9999","-9999","-9999","-9999","-9999","-9999","-9999","-9999","-9999","-9999","-9999","Purple Rock Inc.","Alberta Geological Survey"
"76552","MAR_20020002-00102-5709-ICP-2.0ppm-2001-11-21-Bondar-Clegg & Company Ltd.-N/A-N/A-","MAR_20020002","102","200134-001","5709","127.52","128.8","-9999","2001-11-21","2001-09-28","Bondar-Clegg & Company Ltd.","BOND-UNSP","Unspecified","2.0ppm","Submitted sample","ICP","-9999","-9999","-9999","-9999","-9999","-9999","-9999","-9999","-9999","-9999","-9999","-9999","-9999","-9999","-9999","-9999","-9999","-9999","-9999","-9999","-9999","-9999","-9999","-9999","-9999","-9999","-9999","-9999","-9999","-9999","-9999","-9999","-9999","-9999","-9999","-9999","-9999","-9999","-9999","-9999","-9999","-9999","-9999","-9999","-9999","-9999","-9999","-9999","-9999","-9999","-9999","-9999","-9999","80","-9999","-9999","-9999","-9999","-9999","-9999","-9999","-9999","-9999","-9999","-9999","-9999","-9999","-9999","-9999","-9999","-9999","-9999","-9999","-9999","-9999","-9999","-9999","-9999","-9999","-9999","-9999","-9999","-9999","-9999","-9999","-9999","-9999","-9999","-9999","-9999","-9999","-9999","-9999","-9999","-9999","-9999","-9999","-9999","-9999","-9999","-9999","-9999","-9999","52","-9999","-9999","-9999","-9999","-9999","-9999","-9999","-9999","-9999","-9999","-9999","-9999","-9999","-9999","-9999","-9999","-9999","-9999","-9999","-9999","-9999","-9999","-9999","-9999","-9999","-9999","-9999","-9999","-9999","-9999","-9999","-9999","-9999","-9999","-9999","-9999","-9999","-9999","-9999","-9999","-9999","<2","-9999","-9999","-9999","-9999","-9999","-9999","-9999","-9999","-9999","-9999","-9999","-9999","-9999","-9999","-9999","-9999","-9999","-9999","-9999","-9999","-9999","-9999","-9999","-9999","-9999","-9999","-9999","-9999","-9999","-9999","-9999","-9999","-9999","-9999","-9999","-9999","-9999","-9999","-9999","-9999","-9999","-9999","-9999","-9999","-9999","-9999","-9999","-9999","-9999","-9999","-9999","-9999","-9999","-9999","-9999","-9999","-9999","-9999","-9999","-9999","-9999","-9999","-9999","-9999","-9999","-9999","-9999","-9999","-9999","-9999","102","-9999","-9999","-9999","-9999","-9999","-9999","-9999","-9999","-9999","-9999","76","-9999","-9999","-9999","-9999","-9999","-9999","Purple Rock Inc.","Alberta Geological Survey"
"76553","MAR_20020002-00102-5709-ICP-25.0ppm-2001-11-21-Bondar-Clegg & Company Ltd.-N/A-N/A-","MAR_20020002","102","200134-001","5709","127.52","128.8","-9999","2001-11-21","2001-09-28","Bondar-Clegg & Company Ltd.","BOND-UNSP","Unspecified","25.0ppm","Submitted sample","ICP","-9999","-9999","-9999","-9999","-9999","-9999","-9999","-9999","-9999","-9999","-9999","-9999","-9999","-9999","-9999","-9999","-9999","-9999","-9999","-9999","-9999","-9999","-9999","-9999","-9999","-9999","-9999","-9999","-9999","-9999","-9999","-9999","-9999","-9999","-9999","-9999","-9999","-9999","-9999","-9999","-9999","-9999","-9999","-9999","-9999","-9999","-9999","-9999","-9999","-9999","-9999","-9999","-9999","-9999","-9999","-9999","-9999","-9999","-9999","-9999","-9999","-9999","-9999","-9999","-9999","-9999","-9999","-9999","-9999","-9999","-9999","-9999","-9999","-9999","-9999","-9999","-9999","-9999","-9999","-9999","-9999","-9999","-9999","-9999","-9999","-9999","-9999","-9999","-9999","-9999","-9999","-9999","-9999","-9999","-9999","-9999","-9999","-9999","-9999","-9999","-9999","-9999","-9999","-9999","-9999","-9999","-9999","-9999","-9999","-9999","-9999","-9999","-9999","-9999","-9999","-9999","-9999","-9999","-9999","-9999","-9999","-9999","-9999","-9999","-9999","-9999","-9999","-9999","-9999","-9999","-9999","-9999","-9999","-9999","-9999","-9999","-9999","-9999","-9999","-9999","-9999","-9999","-9999","-9999","-9999","-9999","-9999","-9999","-9999","-9999","-9999","-9999","-9999","-9999","-9999","-9999","-9999","-9999","-9999","-9999","-9999","-9999","-9999","-9999","-9999","-9999","-9999","-9999","-9999","-9999","-9999","-9999","-9999","-9999","-9999","-9999","-9999","-9999","-9999","-9999","-9999","-9999","-9999","-9999","-9999","-9999","-9999","-9999","-9999","-9999","-9999","-9999","-9999","-9999","-9999","-9999","-9999","-9999","-9999","-9999","-9999","<25","-9999","-9999","-9999","-9999","-9999","-9999","-9999","-9999","-9999","-9999","-9999","-9999","-9999","-9999","-9999","-9999","-9999","-9999","-9999","-9999","-9999","-9999","-9999","-9999","-9999","-9999","-9999","-9999","-9999","-9999","-9999","-9999","Purple Rock Inc.","Alberta Geological Survey"
"76554","MAR_20020002-00102-5709-ICP-0.01pct-2001-11-21-Bondar-Clegg & Company Ltd.-N/A-N/A-","MAR_20020002","102","200134-001","5709","127.52","128.8","-9999","2001-11-21","2001-09-28","Bondar-Clegg & Company Ltd.","BOND-UNSP","Unspecified","0.01pct","Submitted sample","ICP","-9999","-9999","-9999","-9999","-9999","-9999","-9999","-9999","7.2","-9999","-9999","-9999","-9999","-9999","-9999","-9999","-9999","-9999","-9999","-9999","-9999","-9999","-9999","-9999","-9999","-9999","-9999","-9999","-9999","-9999","-9999","-9999","-9999","-9999","3.23","-9999","-9999","-9999","-9999","-9999","-9999","-9999","-9999","-9999","-9999","-9999","-9999","-9999","-9999","-9999","-9999","-9999","-9999","-9999","-9999","-9999","-9999","-9999","-9999","-9999","-9999","-9999","-9999","-9999","-9999","-9999","-9999","-9999","-9999","-9999","-9999","-9999","6.6","-9999","-9999","-9999","-9999","-9999","-9999","-9999","-9999","-9999","-9999","-9999","-9999","-9999","-9999","-9999","-9999","-9999","-9999","-9999","-9999","3.17","-9999","-9999","-9999","-9999","-9999","-9999","-9999","-9999","-9999","-9999","-9999","-9999","-9999","-9999","-9999","1.55","-9999","-9999","-9999","-9999","-9999","-9999","-9999","-9999","-9999","-9999","-9999","-9999","-9999","-9999","0.21","-9999","-9999","-9999","-9999","-9999","-9999","-9999","-9999","-9999","-9999","-9999","-9999","-9999","-9999","-9999","-9999","-9999","-9999","-9999","-9999","-9999","-9999","-9999","-9999","-9999","-9999","-9999","-9999","-9999","-9999","-9999","-9999","-9999","-9999","-9999","-9999","-9999","-9999","-9999","-9999","-9999","-9999","-9999","-9999","-9999","-9999","-9999","-9999","-9999","-9999","-9999","-9999","-9999","-9999","-9999","-9999","-9999","-9999","-9999","-9999","-9999","-9999","-9999","-9999","-9999","-9999","-9999","-9999","-9999","-9999","-9999","-9999","-9999","-9999","-9999","-9999","-9999","-9999","-9999","0.41","-9999","-9999","-9999","-9999","-9999","-9999","-9999","-9999","-9999","-9999","-9999","-9999","-9999","-9999","-9999","-9999","-9999","-9999","-9999","-9999","-9999","-9999","-9999","-9999","-9999","-9999","-9999","-9999","-9999","Purple Rock Inc.","Alberta Geological Survey"
"76555","MAR_20020002-00102-5709-ICP-20.0ppm-2001-11-21-Bondar-Clegg & Company Ltd.-N/A-N/A-","MAR_20020002","102","200134-001","5709","127.52","128.8","-9999","2001-11-21","2001-09-28","Bondar-Clegg & Company Ltd.","BOND-UNSP","Unspecified","20.0ppm","Submitted sample","ICP","-9999","-9999","-9999","-9999","-9999","-9999","-9999","-9999","-9999","-9999","-9999","-9999","-9999","-9999","-9999","-9999","-9999","-9999","-9999","-9999","-9999","-9999","-9999","-9999","-9999","-9999","-9999","-9999","-9999","-9999","-9999","-9999","-9999","-9999","-9999","-9999","-9999","-9999","-9999","-9999","-9999","-9999","-9999","-9999","-9999","-9999","-9999","-9999","-9999","-9999","-9999","-9999","-9999","-9999","-9999","-9999","-9999","-9999","-9999","-9999","-9999","-9999","-9999","-9999","-9999","-9999","-9999","-9999","-9999","-9999","-9999","-9999","-9999","-9999","-9999","-9999","-9999","-9999","-9999","-9999","-9999","-9999","-9999","-9999","-9999","-9999","-9999","-9999","-9999","-9999","-9999","-9999","-9999","-9999","-9999","-9999","-9999","-9999","-9999","-9999","-9999","-9999","-9999","-9999","-9999","-9999","-9999","-9999","-9999","-9999","-9999","-9999","-9999","-9999","-9999","-9999","-9999","-9999","-9999","-9999","-9999","-9999","-9999","-9999","-9999","-9999","-9999","-9999","-9999","-9999","-9999","-9999","-9999","-9999","-9999","-9999","-9999","-9999","-9999","-9999","-9999","-9999","-9999","-9999","-9999","-9999","-9999","-9999","-9999","-9999","-9999","-9999","-9999","-9999","-9999","-9999","-9999","-9999","-9999","-9999","-9999","-9999","-9999","-9999","-9999","-9999","-9999","-9999","-9999","-9999","-9999","-9999","-9999","-9999","-9999","-9999","-9999","-9999","-9999","-9999","-9999","-9999","-9999","-9999","-9999","-9999","-9999","<20","-9999","-9999","-9999","-9999","-9999","-9999","-9999","-9999","-9999","-9999","-9999","-9999","-9999","-9999","-9999","-9999","-9999","-9999","-9999","-9999","-9999","-9999","-9999","-9999","-9999","-9999","-9999","-9999","-9999","-9999","-9999","<20","-9999","-9999","-9999","-9999","-9999","-9999","-9999","-9999","-9999","-9999","-9999","-9999","-9999","-9999","Purple Rock Inc.","Alberta Geological Survey"
"76596","MAR_20020002-00103-5710-ICP-2.0ppm-2001-11-21-Bondar-Clegg & Company Ltd.-N/A-N/A-","MAR_20020002","103","200134-001","5710","128.8","128.93","-9999","2001-11-21","2001-09-28","Bondar-Clegg & Company Ltd.","BOND-UNSP","Unspecified","2.0ppm","Submitted sample","ICP","-9999","-9999","-9999","-9999","-9999","-9999","-9999","-9999","-9999","-9999","-9999","-9999","-9999","-9999","-9999","-9999","-9999","-9999","-9999","-9999","-9999","-9999","-9999","-9999","-9999","-9999","-9999","-9999","-9999","-9999","-9999","-9999","-9999","-9999","-9999","-9999","-9999","-9999","-9999","-9999","-9999","-9999","-9999","-9999","-9999","-9999","-9999","-9999","-9999","-9999","-9999","-9999","-9999","43","-9999","-9999","-9999","-9999","-9999","-9999","-9999","-9999","-9999","-9999","-9999","-9999","-9999","-9999","-9999","-9999","-9999","-9999","-9999","-9999","-9999","-9999","-9999","-9999","-9999","-9999","-9999","-9999","-9999","-9999","-9999","-9999","-9999","-9999","-9999","-9999","-9999","-9999","-9999","-9999","-9999","-9999","-9999","-9999","-9999","-9999","-9999","-9999","-9999","22","-9999","-9999","-9999","-9999","-9999","-9999","-9999","-9999","-9999","-9999","-9999","-9999","-9999","-9999","-9999","-9999","-9999","-9999","-9999","-9999","-9999","-9999","-9999","-9999","-9999","-9999","-9999","-9999","-9999","-9999","-9999","-9999","-9999","-9999","-9999","-9999","-9999","-9999","-9999","-9999","-9999","6","-9999","-9999","-9999","-9999","-9999","-9999","-9999","-9999","-9999","-9999","-9999","-9999","-9999","-9999","-9999","-9999","-9999","-9999","-9999","-9999","-9999","-9999","-9999","-9999","-9999","-9999","-9999","-9999","-9999","-9999","-9999","-9999","-9999","-9999","-9999","-9999","-9999","-9999","-9999","-9999","-9999","-9999","-9999","-9999","-9999","-9999","-9999","-9999","-9999","-9999","-9999","-9999","-9999","-9999","-9999","-9999","-9999","-9999","-9999","-9999","-9999","-9999","-9999","-9999","-9999","-9999","-9999","-9999","-9999","-9999","46","-9999","-9999","-9999","-9999","-9999","-9999","-9999","-9999","-9999","-9999","48","-9999","-9999","-9999","-9999","-9999","-9999","Purple Rock Inc.","Alberta Geological Survey"
"76597","MAR_20020002-00103-5710-ICP-20.0ppm-2001-11-21-Bondar-Clegg & Company Ltd.-N/A-N/A-","MAR_20020002","103","200134-001","5710","128.8","128.93","-9999","2001-11-21","2001-09-28","Bondar-Clegg & Company Ltd.","BOND-UNSP","Unspecified","20.0ppm","Submitted sample","ICP","-9999","-9999","-9999","-9999","-9999","-9999","-9999","-9999","-9999","-9999","-9999","-9999","-9999","-9999","-9999","-9999","-9999","-9999","-9999","-9999","-9999","-9999","-9999","-9999","-9999","-9999","-9999","-9999","-9999","-9999","-9999","-9999","-9999","-9999","-9999","-9999","-9999","-9999","-9999","-9999","-9999","-9999","-9999","-9999","-9999","-9999","-9999","-9999","-9999","-9999","-9999","-9999","-9999","-9999","-9999","-9999","-9999","-9999","-9999","-9999","-9999","-9999","-9999","-9999","-9999","-9999","-9999","-9999","-9999","-9999","-9999","-9999","-9999","-9999","-9999","-9999","-9999","-9999","-9999","-9999","-9999","-9999","-9999","-9999","-9999","-9999","-9999","-9999","-9999","-9999","-9999","-9999","-9999","-9999","-9999","-9999","-9999","-9999","-9999","-9999","-9999","-9999","-9999","-9999","-9999","-9999","-9999","-9999","-9999","-9999","-9999","-9999","-9999","-9999","-9999","-9999","-9999","-9999","-9999","-9999","-9999","-9999","-9999","-9999","-9999","-9999","-9999","-9999","-9999","-9999","-9999","-9999","-9999","-9999","-9999","-9999","-9999","-9999","-9999","-9999","-9999","-9999","-9999","-9999","-9999","-9999","-9999","-9999","-9999","-9999","-9999","-9999","-9999","-9999","-9999","-9999","-9999","-9999","-9999","-9999","-9999","-9999","-9999","-9999","-9999","-9999","-9999","-9999","-9999","-9999","-9999","-9999","-9999","-9999","-9999","-9999","-9999","-9999","-9999","-9999","-9999","-9999","-9999","-9999","-9999","-9999","-9999","<20","-9999","-9999","-9999","-9999","-9999","-9999","-9999","-9999","-9999","-9999","-9999","-9999","-9999","-9999","-9999","-9999","-9999","-9999","-9999","-9999","-9999","-9999","-9999","-9999","-9999","-9999","-9999","-9999","-9999","-9999","-9999","<20","-9999","-9999","-9999","-9999","-9999","-9999","-9999","-9999","-9999","-9999","-9999","-9999","-9999","-9999","Purple Rock Inc.","Alberta Geological Survey"
"76598","MAR_20020002-00103-5710-ICP-1.0ppm-2001-11-21-Bondar-Clegg & Company Ltd.-N/A-N/A-","MAR_20020002","103","200134-001","5710","128.8","128.93","-9999","2001-11-21","2001-09-28","Bondar-Clegg & Company Ltd.","BOND-UNSP","Unspecified","1.0ppm","Submitted sample","ICP","-9999","-9999","-9999","-9999","-9999","-9999","-9999","-9999","-9999","-9999","-9999","-9999","-9999","-9999","-9999","-9999","-9999","-9999","-9999","-9999","-9999","-9999","-9999","-9999","-9999","-9999","-9999","-9999","-9999","-9999","-9999","-9999","-9999","-9999","-9999","-9999","-9999","-9999","-9999","-9999","-9999","-9999","<1.0","-9999","-9999","-9999","-9999","-9999","-9999","18","-9999","-9999","-9999","-9999","-9999","-9999","-9999","10","-9999","-9999","-9999","-9999","-9999","-9999","-9999","-9999","-9999","-9999","-9999","-9999","-9999","-9999","-9999","-9999","-9999","-9999","-9999","-9999","-9999","-9999","-9999","-9999","-9999","-9999","-9999","-9999","-9999","-9999","-9999","-9999","-9999","-9999","-9999","-9999","-9999","-9999","-9999","-9999","-9999","-9999","-9999","-9999","-9999","-9999","-9999","-9999","-9999","-9999","-9999","-9999","-9999","-9999","-9999","-9999","-9999","-9999","-9999","-9999","-9999","-9999","-9999","<1","-9999","-9999","-9999","-9999","-9999","-9999","-9999","-9999","-9999","-9999","-9999","-9999","33","-9999","-9999","-9999","-9999","-9999","-9999","-9999","-9999","-9999","-9999","-9999","-9999","-9999","-9999","-9999","-9999","-9999","-9999","-9999","-9999","-9999","-9999","-9999","-9999","-9999","-9999","-9999","-9999","-9999","-9999","-9999","-9999","-9999","-9999","-9999","-9999","-9999","-9999","-9999","-9999","-9999","-9999","-9999","-9999","-9999","-9999","-9999","-9999","-9999","-9999","-9999","-9999","-9999","-9999","-9999","-9999","-9999","193","-9999","-9999","-9999","-9999","-9999","-9999","-9999","-9999","-9999","-9999","-9999","-9999","-9999","-9999","-9999","-9999","-9999","-9999","-9999","-9999","-9999","-9999","-9999","-9999","-9999","-9999","-9999","-9999","-9999","-9999","-9999","-9999","-9999","-9999","-9999","-9999","-9999","-9999","-9999","-9999","-9999","Purple Rock Inc.","Alberta Geological Survey"
"76599","MAR_20020002-00103-5710-ICP-10.0ppm-2001-11-21-Bondar-Clegg & Company Ltd.-N/A-N/A-","MAR_20020002","103","200134-001","5710","128.8","128.93","-9999","2001-11-21","2001-09-28","Bondar-Clegg & Company Ltd.","BOND-UNSP","Unspecified","10.0ppm","Submitted sample","ICP","-9999","-9999","-9999","-9999","-9999","-9999","-9999","-9999","-9999","-9999","-9999","-9999","-9999","-9999","-9999","-9999","-9999","-9999","-9999","-9999","-9999","-9999","-9999","-9999","-9999","-9999","-9999","-9999","-9999","-9999","-9999","-9999","-9999","-9999","-9999","-9999","-9999","-9999","-9999","-9999","-9999","-9999","-9999","-9999","-9999","-9999","-9999","-9999","-9999","-9999","-9999","-9999","-9999","-9999","-9999","-9999","-9999","-9999","-9999","-9999","-9999","-9999","-9999","-9999","-9999","-9999","-9999","-9999","-9999","-9999","-9999","-9999","-9999","-9999","-9999","-9999","<10","-9999","-9999","-9999","-9999","-9999","-9999","-9999","-9999","-9999","-9999","-9999","-9999","-9999","-9999","-9999","-9999","-9999","-9999","-9999","-9999","-9999","-9999","-9999","-9999","-9999","-9999","-9999","-9999","-9999","-9999","-9999","-9999","-9999","-9999","-9999","-9999","-9999","-9999","-9999","-9999","-9999","-9999","-9999","-9999","-9999","-9999","-9999","-9999","-9999","-9999","-9999","-9999","-9999","-9999","-9999","-9999","-9999","-9999","-9999","-9999","-9999","-9999","-9999","-9999","-9999","-9999","-9999","-9999","-9999","-9999","-9999","-9999","-9999","-9999","-9999","-9999","-9999","-9999","-9999","-9999","-9999","-9999","-9999","-9999","-9999","-9999","-9999","-9999","-9999","-9999","-9999","-9999","-9999","-9999","-9999","-9999","-9999","-9999","-9999","-9999","-9999","-9999","-9999","-9999","-9999","-9999","-9999","-9999","-9999","-9999","-9999","-9999","-9999","-9999","-9999","-9999","-9999","-9999","-9999","-9999","-9999","-9999","-9999","-9999","-9999","-9999","-9999","-9999","-9999","-9999","-9999","-9999","-9999","-9999","-9999","-9999","-9999","-9999","-9999","-9999","-9999","-9999","-9999","-9999","-9999","-9999","-9999","-9999","-9999","-9999","-9999","-9999","-9999","-9999","-9999","-9999","-9999","Purple Rock Inc.","Alberta Geological Survey"
"76600","MAR_20020002-00103-5710-ICP-25.0ppm-2001-11-21-Bondar-Clegg & Company Ltd.-N/A-N/A-","MAR_20020002","103","200134-001","5710","128.8","128.93","-9999","2001-11-21","2001-09-28","Bondar-Clegg & Company Ltd.","BOND-UNSP","Unspecified","25.0ppm","Submitted sample","ICP","-9999","-9999","-9999","-9999","-9999","-9999","-9999","-9999","-9999","-9999","-9999","-9999","-9999","-9999","-9999","-9999","-9999","-9999","-9999","-9999","-9999","-9999","-9999","-9999","-9999","-9999","-9999","-9999","-9999","-9999","-9999","-9999","-9999","-9999","-9999","-9999","-9999","-9999","-9999","-9999","-9999","-9999","-9999","-9999","-9999","-9999","-9999","-9999","-9999","-9999","-9999","-9999","-9999","-9999","-9999","-9999","-9999","-9999","-9999","-9999","-9999","-9999","-9999","-9999","-9999","-9999","-9999","-9999","-9999","-9999","-9999","-9999","-9999","-9999","-9999","-9999","-9999","-9999","-9999","-9999","-9999","-9999","-9999","-9999","-9999","-9999","-9999","-9999","-9999","-9999","-9999","-9999","-9999","-9999","-9999","-9999","-9999","-9999","-9999","-9999","-9999","-9999","-9999","-9999","-9999","-9999","-9999","-9999","-9999","-9999","-9999","-9999","-9999","-9999","-9999","-9999","-9999","-9999","-9999","-9999","-9999","-9999","-9999","-9999","-9999","-9999","-9999","-9999","-9999","-9999","-9999","-9999","-9999","-9999","-9999","-9999","-9999","-9999","-9999","-9999","-9999","-9999","-9999","-9999","-9999","-9999","-9999","-9999","-9999","-9999","-9999","-9999","-9999","-9999","-9999","-9999","-9999","-9999","-9999","-9999","-9999","-9999","-9999","-9999","-9999","-9999","-9999","-9999","-9999","-9999","-9999","-9999","-9999","-9999","-9999","-9999","-9999","-9999","-9999","-9999","-9999","-9999","-9999","-9999","-9999","-9999","-9999","-9999","-9999","-9999","-9999","-9999","-9999","-9999","-9999","-9999","-9999","-9999","-9999","-9999","-9999","<25","-9999","-9999","-9999","-9999","-9999","-9999","-9999","-9999","-9999","-9999","-9999","-9999","-9999","-9999","-9999","-9999","-9999","-9999","-9999","-9999","-9999","-9999","-9999","-9999","-9999","-9999","-9999","-9999","-9999","-9999","-9999","-9999","Purple Rock Inc.","Alberta Geological Survey"
"76601","MAR_20020002-00103-5710-ICP-5.0ppm-2001-11-21-Bondar-Clegg & Company Ltd.-N/A-N/A-","MAR_20020002","103","200134-001","5710","128.8","128.93","-9999","2001-11-21","2001-09-28","Bondar-Clegg & Company Ltd.","BOND-UNSP","Unspecified","5.0ppm","Submitted sample","ICP","-9999","-9999","-9999","-9999","-9999","-9999","-9999","-9999","-9999","-9999","-9999","-9999","20","-9999","-9999","-9999","-9999","-9999","-9999","-9999","-9999","-9999","-9999","527","-9999","-9999","-9999","-9999","<5","-9999","-9999","-9999","-9999","-9999","-9999","-9999","-9999","-9999","-9999","-9999","-9999","-9999","-9999","-9999","-9999","-9999","-9999","-9999","-9999","-9999","-9999","-9999","-9999","-9999","-9999","-9999","-9999","-9999","-9999","-9999","-9999","-9999","-9999","-9999","-9999","-9999","-9999","-9999","-9999","-9999","-9999","-9999","-9999","-9999","-9999","-9999","-9999","-9999","-9999","-9999","-9999","-9999","-9999","-9999","-9999","-9999","-9999","-9999","-9999","-9999","-9999","-9999","-9999","-9999","-9999","-9999","-9999","-9999","-9999","-9999","-9999","15","-9999","-9999","-9999","-9999","-9999","-9999","-9999","-9999","-9999","-9999","-9999","-9999","-9999","-9999","-9999","1474","-9999","-9999","-9999","-9999","-9999","-9999","-9999","-9999","-9999","-9999","-9999","6","-9999","-9999","-9999","-9999","-9999","-9999","-9999","-9999","-9999","-9999","-9999","-9999","-9999","-9999","-9999","-9999","-9999","-9999","-9999","-9999","-9999","-9999","-9999","-9999","-9999","-9999","-9999","-9999","-9999","-9999","-9999","-9999","-9999","-9999","-9999","-9999","-9999","-9999","-9999","-9999","-9999","-9999","-9999","-9999","<5","-9999","5","-9999","-9999","-9999","-9999","-9999","-9999","-9999","-9999","-9999","-9999","-9999","-9999","-9999","-9999","-9999","-9999","-9999","-9999","-9999","<5","-9999","-9999","-9999","-9999","-9999","-9999","-9999","-9999","-9999","-9999","-9999","-9999","-9999","-9999","-9999","-9999","-9999","-9999","-9999","-9999","-9999","-9999","-9999","-9999","11","-9999","-9999","-9999","-9999","-9999","-9999","-9999","-9999","-9999","56","-9999","-9999","Purple Rock Inc.","Alberta Geological Survey"
"76602","MAR_20020002-00103-5710-ICP-0.002pct-2001-11-21-Bondar-Clegg & Company Ltd.-N/A-N/A-","MAR_20020002","103","200134-001","5710","128.8","128.93","-9999","2001-11-21","2001-09-28","Bondar-Clegg & Company Ltd.","BOND-UNSP","Unspecified","0.002pct","Submitted sample","ICP","-9999","-9999","-9999","-9999","-9999","-9999","-9999","-9999","-9999","-9999","-9999","-9999","-9999","-9999","-9999","-9999","-9999","-9999","-9999","-9999","-9999","-9999","-9999","-9999","-9999","-9999","-9999","-9999","-9999","-9999","-9999","-9999","-9999","-9999","-9999","-9999","-9999","-9999","-9999","-9999","-9999","-9999","-9999","-9999","-9999","-9999","-9999","-9999","-9999","-9999","-9999","-9999","-9999","-9999","-9999","-9999","-9999","-9999","-9999","-9999","-9999","-9999","-9999","-9999","-9999","-9999","-9999","-9999","-9999","-9999","-9999","-9999","-9999","-9999","-9999","-9999","-9999","-9999","-9999","-9999","-9999","-9999","-9999","-9999","-9999","-9999","-9999","-9999","-9999","-9999","-9999","-9999","-9999","-9999","-9999","-9999","-9999","-9999","-9999","-9999","-9999","-9999","-9999","-9999","-9999","-9999","-9999","-9999","-9999","-9999","-9999","-9999","-9999","-9999","-9999","-9999","-9999","-9999","-9999","-9999","-9999","-9999","-9999","-9999","-9999","-9999","-9999","-9999","-9999","-9999","-9999","-9999","-9999","-9999","-9999","-9999","-9999","-9999","-9999","-9999","-9999","-9999","-9999","-9999","-9999","-9999","-9999","-9999","-9999","-9999","-9999","-9999","-9999","-9999","-9999","-9999","-9999","-9999","-9999","-9999","-9999","-9999","-9999","-9999","-9999","-9999","-9999","-9999","-9999","-9999","-9999","4.756","-9999","-9999","-9999","-9999","-9999","-9999","-9999","-9999","-9999","-9999","-9999","-9999","-9999","-9999","-9999","-9999","-9999","-9999","-9999","-9999","-9999","-9999","-9999","-9999","-9999","-9999","-9999","-9999","-9999","-9999","-9999","-9999","-9999","-9999","-9999","-9999","-9999","-9999","-9999","-9999","-9999","-9999","-9999","-9999","-9999","-9999","-9999","-9999","-9999","-9999","-9999","-9999","-9999","-9999","-9999","-9999","-9999","-9999","-9999","-9999","-9999","-9999","Purple Rock Inc.","Alberta Geological Survey"
"76603","MAR_20020002-00103-5710-ICP-0.5ppm-2001-11-21-Bondar-Clegg & Company Ltd.-N/A-N/A-","MAR_20020002","103","200134-001","5710","128.8","128.93","-9999","2001-11-21","2001-09-28","Bondar-Clegg & Company Ltd.","BOND-UNSP","Unspecified","0.5ppm","Submitted sample","ICP","-9999","-9999","-9999","-9999","-9999","<0.5","-9999","-9999","-9999","-9999","-9999","-9999","-9999","-9999","-9999","-9999","-9999","-9999","-9999","-9999","-9999","-9999","-9999","-9999","-9999","-9999","-9999","-9999","-9999","-9999","-9999","-9999","-9999","-9999","-9999","-9999","-9999","-9999","-9999","-9999","-9999","-9999","-9999","-9999","-9999","-9999","-9999","-9999","-9999","-9999","-9999","-9999","-9999","-9999","-9999","-9999","-9999","-9999","-9999","-9999","-9999","-9999","-9999","-9999","-9999","-9999","-9999","-9999","-9999","-9999","-9999","-9999","-9999","-9999","-9999","-9999","-9999","-9999","-9999","-9999","-9999","-9999","-9999","-9999","-9999","-9999","-9999","-9999","-9999","-9999","-9999","-9999","-9999","-9999","-9999","-9999","-9999","-9999","-9999","-9999","-9999","-9999","-9999","-9999","-9999","-9999","-9999","-9999","-9999","-9999","-9999","-9999","-9999","-9999","-9999","-9999","-9999","-9999","-9999","-9999","-9999","-9999","-9999","-9999","-9999","-9999","-9999","-9999","-9999","-9999","-9999","-9999","-9999","-9999","-9999","-9999","-9999","-9999","-9999","-9999","-9999","-9999","-9999","-9999","-9999","-9999","-9999","-9999","-9999","-9999","-9999","-9999","-9999","-9999","-9999","-9999","-9999","-9999","-9999","-9999","-9999","-9999","-9999","-9999","-9999","-9999","-9999","-9999","-9999","-9999","-9999","-9999","-9999","-9999","-9999","-9999","-9999","-9999","-9999","-9999","-9999","-9999","-9999","-9999","-9999","-9999","-9999","-9999","-9999","-9999","-9999","-9999","-9999","-9999","-9999","-9999","-9999","-9999","-9999","-9999","-9999","-9999","-9999","-9999","-9999","-9999","-9999","-9999","-9999","-9999","-9999","-9999","-9999","-9999","-9999","-9999","-9999","-9999","-9999","-9999","-9999","-9999","-9999","-9999","-9999","-9999","-9999","-9999","-9999","-9999","-9999","-9999","-9999","-9999","Purple Rock Inc.","Alberta Geological Survey"
"76604","MAR_20020002-00103-5710-ICP-0.01pct-2001-11-21-Bondar-Clegg & Company Ltd.-N/A-N/A-","MAR_20020002","103","200134-001","5710","128.8","128.93","-9999","2001-11-21","2001-09-28","Bondar-Clegg & Company Ltd.","BOND-UNSP","Unspecified","0.01pct","Submitted sample","ICP","-9999","-9999","-9999","-9999","-9999","-9999","-9999","-9999","3.89","-9999","-9999","-9999","-9999","-9999","-9999","-9999","-9999","-9999","-9999","-9999","-9999","-9999","-9999","-9999","-9999","-9999","-9999","-9999","-9999","-9999","-9999","-9999","-9999","-9999",">10.00","-9999","-9999","-9999","-9999","-9999","-9999","-9999","-9999","-9999","-9999","-9999","-9999","-9999","-9999","-9999","-9999","-9999","-9999","-9999","-9999","-9999","-9999","-9999","-9999","-9999","-9999","-9999","-9999","-9999","-9999","-9999","-9999","-9999","-9999","-9999","-9999","-9999","6.71","-9999","-9999","-9999","-9999","-9999","-9999","-9999","-9999","-9999","-9999","-9999","-9999","-9999","-9999","-9999","-9999","-9999","-9999","-9999","-9999","1.42","-9999","-9999","-9999","-9999","-9999","-9999","-9999","-9999","-9999","-9999","-9999","-9999","-9999","-9999","-9999","1.87","-9999","-9999","-9999","-9999","-9999","-9999","-9999","-9999","-9999","-9999","-9999","-9999","-9999","-9999","0.07","-9999","-9999","-9999","-9999","-9999","-9999","-9999","-9999","-9999","-9999","-9999","-9999","-9999","-9999","-9999","-9999","-9999","-9999","-9999","-9999","-9999","-9999","-9999","-9999","-9999","-9999","-9999","-9999","-9999","-9999","-9999","-9999","-9999","-9999","-9999","-9999","-9999","-9999","-9999","-9999","-9999","-9999","-9999","-9999","-9999","-9999","-9999","-9999","-9999","-9999","-9999","-9999","-9999","-9999","-9999","-9999","-9999","-9999","-9999","-9999","-9999","-9999","-9999","-9999","-9999","-9999","-9999","-9999","-9999","-9999","-9999","-9999","-9999","-9999","-9999","-9999","-9999","-9999","-9999","0.18","-9999","-9999","-9999","-9999","-9999","-9999","-9999","-9999","-9999","-9999","-9999","-9999","-9999","-9999","-9999","-9999","-9999","-9999","-9999","-9999","-9999","-9999","-9999","-9999","-9999","-9999","-9999","-9999","-9999","Purple Rock Inc.","Alberta Geological Survey"
"76605","MAR_20020002-00103-5710-ICP-10.0pct-2001-11-21-Bondar-Clegg & Company Ltd.-N/A-N/A-","MAR_20020002","103","200134-001","5710","128.8","128.93","-9999","2001-11-21","2001-09-28","Bondar-Clegg & Company Ltd.","BOND-UNSP","Unspecified","10.0pct","Submitted sample","ICP","-9999","-9999","-9999","-9999","-9999","-9999","-9999","-9999","-9999","-9999","-9999","-9999","-9999","-9999","-9999","-9999","-9999","-9999","-9999","-9999","-9999","-9999","-9999","-9999","-9999","-9999","-9999","-9999","-9999","-9999","-9999","-9999","-9999","16.3","-9999","-9999","-9999","-9999","-9999","-9999","-9999","-9999","-9999","-9999","-9999","-9999","-9999","-9999","-9999","-9999","-9999","-9999","-9999","-9999","-9999","-9999","-9999","-9999","-9999","-9999","-9999","-9999","-9999","-9999","-9999","-9999","-9999","-9999","-9999","-9999","-9999","-9999","-9999","-9999","-9999","-9999","-9999","-9999","-9999","-9999","-9999","-9999","-9999","-9999","-9999","-9999","-9999","-9999","-9999","-9999","-9999","-9999","-9999","-9999","-9999","-9999","-9999","-9999","-9999","-9999","-9999","-9999","-9999","-9999","-9999","-9999","-9999","-9999","-9999","-9999","-9999","-9999","-9999","-9999","-9999","-9999","-9999","-9999","-9999","-9999","-9999","-9999","-9999","-9999","-9999","-9999","-9999","-9999","-9999","-9999","-9999","-9999","-9999","-9999","-9999","-9999","-9999","-9999","-9999","-9999","-9999","-9999","-9999","-9999","-9999","-9999","-9999","-9999","-9999","-9999","-9999","-9999","-9999","-9999","-9999","-9999","-9999","-9999","-9999","-9999","-9999","-9999","-9999","-9999","-9999","-9999","-9999","-9999","-9999","-9999","-9999","-9999","-9999","-9999","-9999","-9999","-9999","-9999","-9999","-9999","-9999","-9999","-9999","-9999","-9999","-9999","-9999","-9999","-9999","-9999","-9999","-9999","-9999","-9999","-9999","-9999","-9999","-9999","-9999","-9999","-9999","-9999","-9999","-9999","-9999","-9999","-9999","-9999","-9999","-9999","-9999","-9999","-9999","-9999","-9999","-9999","-9999","-9999","-9999","-9999","-9999","-9999","-9999","-9999","-9999","-9999","-9999","-9999","-9999","-9999","-9999","-9999","-9999","-9999","Purple Rock Inc.","Alberta Geological Survey"
"76645","MAR_20020002-00104-5711-ICP-0.002pct-2001-11-21-Bondar-Clegg & Company Ltd.-N/A-N/A-","MAR_20020002","104","200134-001","5711","128.93","129.25","-9999","2001-11-21","2001-09-28","Bondar-Clegg & Company Ltd.","BOND-UNSP","Unspecified","0.002pct","Submitted sample","ICP","-9999","-9999","-9999","-9999","-9999","-9999","-9999","-9999","-9999","-9999","-9999","-9999","-9999","-9999","-9999","-9999","-9999","-9999","-9999","-9999","-9999","-9999","-9999","-9999","-9999","-9999","-9999","-9999","-9999","-9999","-9999","-9999","-9999","-9999","-9999","-9999","-9999","-9999","-9999","-9999","-9999","-9999","-9999","-9999","-9999","-9999","-9999","-9999","-9999","-9999","-9999","-9999","-9999","-9999","-9999","-9999","-9999","-9999","-9999","-9999","-9999","-9999","-9999","-9999","-9999","-9999","-9999","-9999","-9999","-9999","-9999","-9999","-9999","-9999","-9999","-9999","-9999","-9999","-9999","-9999","-9999","-9999","-9999","-9999","-9999","-9999","-9999","-9999","-9999","-9999","-9999","-9999","-9999","-9999","-9999","-9999","-9999","-9999","-9999","-9999","-9999","-9999","-9999","-9999","-9999","-9999","-9999","-9999","-9999","-9999","-9999","-9999","-9999","-9999","-9999","-9999","-9999","-9999","-9999","-9999","-9999","-9999","-9999","-9999","-9999","-9999","-9999","-9999","-9999","-9999","-9999","-9999","-9999","-9999","-9999","-9999","-9999","-9999","-9999","-9999","-9999","-9999","-9999","-9999","-9999","-9999","-9999","-9999","-9999","-9999","-9999","-9999","-9999","-9999","-9999","-9999","-9999","-9999","-9999","-9999","-9999","-9999","-9999","-9999","-9999","-9999","-9999","-9999","-9999","-9999","-9999","5.474","-9999","-9999","-9999","-9999","-9999","-9999","-9999","-9999","-9999","-9999","-9999","-9999","-9999","-9999","-9999","-9999","-9999","-9999","-9999","-9999","-9999","-9999","-9999","-9999","-9999","-9999","-9999","-9999","-9999","-9999","-9999","-9999","-9999","-9999","-9999","-9999","-9999","-9999","-9999","-9999","-9999","-9999","-9999","-9999","-9999","-9999","-9999","-9999","-9999","-9999","-9999","-9999","-9999","-9999","-9999","-9999","-9999","-9999","-9999","-9999","-9999","-9999","Purple Rock Inc.","Alberta Geological Survey"
"76646","MAR_20020002-00104-5711-ICP-5.0ppm-2001-11-21-Bondar-Clegg & Company Ltd.-N/A-N/A-","MAR_20020002","104","200134-001","5711","128.93","129.25","-9999","2001-11-21","2001-09-28","Bondar-Clegg & Company Ltd.","BOND-UNSP","Unspecified","5.0ppm","Submitted sample","ICP","-9999","-9999","-9999","-9999","-9999","-9999","-9999","-9999","-9999","-9999","-9999","-9999","<5","-9999","-9999","-9999","-9999","-9999","-9999","-9999","-9999","-9999","-9999","172","-9999","-9999","-9999","-9999","<5","-9999","-9999","-9999","-9999","-9999","-9999","-9999","-9999","-9999","-9999","-9999","-9999","-9999","-9999","-9999","-9999","-9999","-9999","-9999","-9999","-9999","-9999","-9999","-9999","-9999","-9999","-9999","-9999","-9999","-9999","-9999","-9999","-9999","-9999","-9999","-9999","-9999","-9999","-9999","-9999","-9999","-9999","-9999","-9999","-9999","-9999","-9999","-9999","-9999","-9999","-9999","-9999","-9999","-9999","-9999","-9999","-9999","-9999","-9999","-9999","-9999","-9999","-9999","-9999","-9999","-9999","-9999","-9999","-9999","-9999","-9999","-9999","<5","-9999","-9999","-9999","-9999","-9999","-9999","-9999","-9999","-9999","-9999","-9999","-9999","-9999","-9999","-9999","1113","-9999","-9999","-9999","-9999","-9999","-9999","-9999","-9999","-9999","-9999","-9999","<5","-9999","-9999","-9999","-9999","-9999","-9999","-9999","-9999","-9999","-9999","-9999","-9999","-9999","-9999","-9999","-9999","-9999","-9999","-9999","-9999","-9999","-9999","-9999","-9999","-9999","-9999","-9999","-9999","-9999","-9999","-9999","-9999","-9999","-9999","-9999","-9999","-9999","-9999","-9999","-9999","-9999","-9999","-9999","-9999","<5","-9999","<5","-9999","-9999","-9999","-9999","-9999","-9999","-9999","-9999","-9999","-9999","-9999","-9999","-9999","-9999","-9999","-9999","-9999","-9999","-9999","<5","-9999","-9999","-9999","-9999","-9999","-9999","-9999","-9999","-9999","-9999","-9999","-9999","-9999","-9999","-9999","-9999","-9999","-9999","-9999","-9999","-9999","-9999","-9999","-9999","8","-9999","-9999","-9999","-9999","-9999","-9999","-9999","-9999","-9999","42","-9999","-9999","Purple Rock Inc.","Alberta Geological Survey"
"76647","MAR_20020002-00104-5711-ICP-25.0ppm-2001-11-21-Bondar-Clegg & Company Ltd.-N/A-N/A-","MAR_20020002","104","200134-001","5711","128.93","129.25","-9999","2001-11-21","2001-09-28","Bondar-Clegg & Company Ltd.","BOND-UNSP","Unspecified","25.0ppm","Submitted sample","ICP","-9999","-9999","-9999","-9999","-9999","-9999","-9999","-9999","-9999","-9999","-9999","-9999","-9999","-9999","-9999","-9999","-9999","-9999","-9999","-9999","-9999","-9999","-9999","-9999","-9999","-9999","-9999","-9999","-9999","-9999","-9999","-9999","-9999","-9999","-9999","-9999","-9999","-9999","-9999","-9999","-9999","-9999","-9999","-9999","-9999","-9999","-9999","-9999","-9999","-9999","-9999","-9999","-9999","-9999","-9999","-9999","-9999","-9999","-9999","-9999","-9999","-9999","-9999","-9999","-9999","-9999","-9999","-9999","-9999","-9999","-9999","-9999","-9999","-9999","-9999","-9999","-9999","-9999","-9999","-9999","-9999","-9999","-9999","-9999","-9999","-9999","-9999","-9999","-9999","-9999","-9999","-9999","-9999","-9999","-9999","-9999","-9999","-9999","-9999","-9999","-9999","-9999","-9999","-9999","-9999","-9999","-9999","-9999","-9999","-9999","-9999","-9999","-9999","-9999","-9999","-9999","-9999","-9999","-9999","-9999","-9999","-9999","-9999","-9999","-9999","-9999","-9999","-9999","-9999","-9999","-9999","-9999","-9999","-9999","-9999","-9999","-9999","-9999","-9999","-9999","-9999","-9999","-9999","-9999","-9999","-9999","-9999","-9999","-9999","-9999","-9999","-9999","-9999","-9999","-9999","-9999","-9999","-9999","-9999","-9999","-9999","-9999","-9999","-9999","-9999","-9999","-9999","-9999","-9999","-9999","-9999","-9999","-9999","-9999","-9999","-9999","-9999","-9999","-9999","-9999","-9999","-9999","-9999","-9999","-9999","-9999","-9999","-9999","-9999","-9999","-9999","-9999","-9999","-9999","-9999","-9999","-9999","-9999","-9999","-9999","-9999","<25","-9999","-9999","-9999","-9999","-9999","-9999","-9999","-9999","-9999","-9999","-9999","-9999","-9999","-9999","-9999","-9999","-9999","-9999","-9999","-9999","-9999","-9999","-9999","-9999","-9999","-9999","-9999","-9999","-9999","-9999","-9999","-9999","Purple Rock Inc.","Alberta Geological Survey"
"76648","MAR_20020002-00104-5711-ICP-0.5ppm-2001-11-21-Bondar-Clegg & Company Ltd.-N/A-N/A-","MAR_20020002","104","200134-001","5711","128.93","129.25","-9999","2001-11-21","2001-09-28","Bondar-Clegg & Company Ltd.","BOND-UNSP","Unspecified","0.5ppm","Submitted sample","ICP","-9999","-9999","-9999","-9999","-9999","0.5","-9999","-9999","-9999","-9999","-9999","-9999","-9999","-9999","-9999","-9999","-9999","-9999","-9999","-9999","-9999","-9999","-9999","-9999","-9999","-9999","-9999","-9999","-9999","-9999","-9999","-9999","-9999","-9999","-9999","-9999","-9999","-9999","-9999","-9999","-9999","-9999","-9999","-9999","-9999","-9999","-9999","-9999","-9999","-9999","-9999","-9999","-9999","-9999","-9999","-9999","-9999","-9999","-9999","-9999","-9999","-9999","-9999","-9999","-9999","-9999","-9999","-9999","-9999","-9999","-9999","-9999","-9999","-9999","-9999","-9999","-9999","-9999","-9999","-9999","-9999","-9999","-9999","-9999","-9999","-9999","-9999","-9999","-9999","-9999","-9999","-9999","-9999","-9999","-9999","-9999","-9999","-9999","-9999","-9999","-9999","-9999","-9999","-9999","-9999","-9999","-9999","-9999","-9999","-9999","-9999","-9999","-9999","-9999","-9999","-9999","-9999","-9999","-9999","-9999","-9999","-9999","-9999","-9999","-9999","-9999","-9999","-9999","-9999","-9999","-9999","-9999","-9999","-9999","-9999","-9999","-9999","-9999","-9999","-9999","-9999","-9999","-9999","-9999","-9999","-9999","-9999","-9999","-9999","-9999","-9999","-9999","-9999","-9999","-9999","-9999","-9999","-9999","-9999","-9999","-9999","-9999","-9999","-9999","-9999","-9999","-9999","-9999","-9999","-9999","-9999","-9999","-9999","-9999","-9999","-9999","-9999","-9999","-9999","-9999","-9999","-9999","-9999","-9999","-9999","-9999","-9999","-9999","-9999","-9999","-9999","-9999","-9999","-9999","-9999","-9999","-9999","-9999","-9999","-9999","-9999","-9999","-9999","-9999","-9999","-9999","-9999","-9999","-9999","-9999","-9999","-9999","-9999","-9999","-9999","-9999","-9999","-9999","-9999","-9999","-9999","-9999","-9999","-9999","-9999","-9999","-9999","-9999","-9999","-9999","-9999","-9999","-9999","-9999","Purple Rock Inc.","Alberta Geological Survey"
"76649","MAR_20020002-00104-5711-ICP-10.0ppm-2001-11-21-Bondar-Clegg & Company Ltd.-N/A-N/A-","MAR_20020002","104","200134-001","5711","128.93","129.25","-9999","2001-11-21","2001-09-28","Bondar-Clegg & Company Ltd.","BOND-UNSP","Unspecified","10.0ppm","Submitted sample","ICP","-9999","-9999","-9999","-9999","-9999","-9999","-9999","-9999","-9999","-9999","-9999","-9999","-9999","-9999","-9999","-9999","-9999","-9999","-9999","-9999","-9999","-9999","-9999","-9999","-9999","-9999","-9999","-9999","-9999","-9999","-9999","-9999","-9999","-9999","-9999","-9999","-9999","-9999","-9999","-9999","-9999","-9999","-9999","-9999","-9999","-9999","-9999","-9999","-9999","-9999","-9999","-9999","-9999","-9999","-9999","-9999","-9999","-9999","-9999","-9999","-9999","-9999","-9999","-9999","-9999","-9999","-9999","-9999","-9999","-9999","-9999","-9999","-9999","-9999","-9999","-9999","<10","-9999","-9999","-9999","-9999","-9999","-9999","-9999","-9999","-9999","-9999","-9999","-9999","-9999","-9999","-9999","-9999","-9999","-9999","-9999","-9999","-9999","-9999","-9999","-9999","-9999","-9999","-9999","-9999","-9999","-9999","-9999","-9999","-9999","-9999","-9999","-9999","-9999","-9999","-9999","-9999","-9999","-9999","-9999","-9999","-9999","-9999","-9999","-9999","-9999","-9999","-9999","-9999","-9999","-9999","-9999","-9999","-9999","-9999","-9999","-9999","-9999","-9999","-9999","-9999","-9999","-9999","-9999","-9999","-9999","-9999","-9999","-9999","-9999","-9999","-9999","-9999","-9999","-9999","-9999","-9999","-9999","-9999","-9999","-9999","-9999","-9999","-9999","-9999","-9999","-9999","-9999","-9999","-9999","-9999","-9999","-9999","-9999","-9999","-9999","-9999","-9999","-9999","-9999","-9999","-9999","-9999","-9999","-9999","-9999","-9999","-9999","-9999","-9999","-9999","-9999","-9999","-9999","-9999","-9999","-9999","-9999","-9999","-9999","-9999","-9999","-9999","-9999","-9999","-9999","-9999","-9999","-9999","-9999","-9999","-9999","-9999","-9999","-9999","-9999","-9999","-9999","-9999","-9999","-9999","-9999","-9999","-9999","-9999","-9999","-9999","-9999","-9999","-9999","-9999","-9999","-9999","-9999","Purple Rock Inc.","Alberta Geological Survey"
"76650","MAR_20020002-00104-5711-ICP-20.0ppm-2001-11-21-Bondar-Clegg & Company Ltd.-N/A-N/A-","MAR_20020002","104","200134-001","5711","128.93","129.25","-9999","2001-11-21","2001-09-28","Bondar-Clegg & Company Ltd.","BOND-UNSP","Unspecified","20.0ppm","Submitted sample","ICP","-9999","-9999","-9999","-9999","-9999","-9999","-9999","-9999","-9999","-9999","-9999","-9999","-9999","-9999","-9999","-9999","-9999","-9999","-9999","-9999","-9999","-9999","-9999","-9999","-9999","-9999","-9999","-9999","-9999","-9999","-9999","-9999","-9999","-9999","-9999","-9999","-9999","-9999","-9999","-9999","-9999","-9999","-9999","-9999","-9999","-9999","-9999","-9999","-9999","-9999","-9999","-9999","-9999","-9999","-9999","-9999","-9999","-9999","-9999","-9999","-9999","-9999","-9999","-9999","-9999","-9999","-9999","-9999","-9999","-9999","-9999","-9999","-9999","-9999","-9999","-9999","-9999","-9999","-9999","-9999","-9999","-9999","-9999","-9999","-9999","-9999","-9999","-9999","-9999","-9999","-9999","-9999","-9999","-9999","-9999","-9999","-9999","-9999","-9999","-9999","-9999","-9999","-9999","-9999","-9999","-9999","-9999","-9999","-9999","-9999","-9999","-9999","-9999","-9999","-9999","-9999","-9999","-9999","-9999","-9999","-9999","-9999","-9999","-9999","-9999","-9999","-9999","-9999","-9999","-9999","-9999","-9999","-9999","-9999","-9999","-9999","-9999","-9999","-9999","-9999","-9999","-9999","-9999","-9999","-9999","-9999","-9999","-9999","-9999","-9999","-9999","-9999","-9999","-9999","-9999","-9999","-9999","-9999","-9999","-9999","-9999","-9999","-9999","-9999","-9999","-9999","-9999","-9999","-9999","-9999","-9999","-9999","-9999","-9999","-9999","-9999","-9999","-9999","-9999","-9999","-9999","-9999","-9999","-9999","-9999","-9999","-9999","<20","-9999","-9999","-9999","-9999","-9999","-9999","-9999","-9999","-9999","-9999","-9999","-9999","-9999","-9999","-9999","-9999","-9999","-9999","-9999","-9999","-9999","-9999","-9999","-9999","-9999","-9999","-9999","-9999","-9999","-9999","-9999","<20","-9999","-9999","-9999","-9999","-9999","-9999","-9999","-9999","-9999","-9999","-9999","-9999","-9999","-9999","Purple Rock Inc.","Alberta Geological Survey"
"76651","MAR_20020002-00104-5711-ICP-1.0ppm-2001-11-21-Bondar-Clegg & Company Ltd.-N/A-N/A-","MAR_20020002","104","200134-001","5711","128.93","129.25","-9999","2001-11-21","2001-09-28","Bondar-Clegg & Company Ltd.","BOND-UNSP","Unspecified","1.0ppm","Submitted sample","ICP","-9999","-9999","-9999","-9999","-9999","-9999","-9999","-9999","-9999","-9999","-9999","-9999","-9999","-9999","-9999","-9999","-9999","-9999","-9999","-9999","-9999","-9999","-9999","-9999","-9999","-9999","-9999","-9999","-9999","-9999","-9999","-9999","-9999","-9999","-9999","-9999","-9999","-9999","-9999","-9999","-9999","-9999","<1.0","-9999","-9999","-9999","-9999","-9999","-9999","7","-9999","-9999","-9999","-9999","-9999","-9999","-9999","6","-9999","-9999","-9999","-9999","-9999","-9999","-9999","-9999","-9999","-9999","-9999","-9999","-9999","-9999","-9999","-9999","-9999","-9999","-9999","-9999","-9999","-9999","-9999","-9999","-9999","-9999","-9999","-9999","-9999","-9999","-9999","-9999","-9999","-9999","-9999","-9999","-9999","-9999","-9999","-9999","-9999","-9999","-9999","-9999","-9999","-9999","-9999","-9999","-9999","-9999","-9999","-9999","-9999","-9999","-9999","-9999","-9999","-9999","-9999","-9999","-9999","-9999","-9999","<1","-9999","-9999","-9999","-9999","-9999","-9999","-9999","-9999","-9999","-9999","-9999","-9999","21","-9999","-9999","-9999","-9999","-9999","-9999","-9999","-9999","-9999","-9999","-9999","-9999","-9999","-9999","-9999","-9999","-9999","-9999","-9999","-9999","-9999","-9999","-9999","-9999","-9999","-9999","-9999","-9999","-9999","-9999","-9999","-9999","-9999","-9999","-9999","-9999","-9999","-9999","-9999","-9999","-9999","-9999","-9999","-9999","-9999","-9999","-9999","-9999","-9999","-9999","-9999","-9999","-9999","-9999","-9999","-9999","-9999","1246","-9999","-9999","-9999","-9999","-9999","-9999","-9999","-9999","-9999","-9999","-9999","-9999","-9999","-9999","-9999","-9999","-9999","-9999","-9999","-9999","-9999","-9999","-9999","-9999","-9999","-9999","-9999","-9999","-9999","-9999","-9999","-9999","-9999","-9999","-9999","-9999","-9999","-9999","-9999","-9999","-9999","Purple Rock Inc.","Alberta Geological Survey"
"76652","MAR_20020002-00104-5711-ICP-0.01pct-2001-11-21-Bondar-Clegg & Company Ltd.-N/A-N/A-","MAR_20020002","104","200134-001","5711","128.93","129.25","-9999","2001-11-21","2001-09-28","Bondar-Clegg & Company Ltd.","BOND-UNSP","Unspecified","0.01pct","Submitted sample","ICP","-9999","-9999","-9999","-9999","-9999","-9999","-9999","-9999","1.55","-9999","-9999","-9999","-9999","-9999","-9999","-9999","-9999","-9999","-9999","-9999","-9999","-9999","-9999","-9999","-9999","-9999","-9999","-9999","-9999","-9999","-9999","-9999","-9999","-9999",">10.00","-9999","-9999","-9999","-9999","-9999","-9999","-9999","-9999","-9999","-9999","-9999","-9999","-9999","-9999","-9999","-9999","-9999","-9999","-9999","-9999","-9999","-9999","-9999","-9999","-9999","-9999","-9999","-9999","-9999","-9999","-9999","-9999","-9999","-9999","-9999","-9999","-9999","6.31","-9999","-9999","-9999","-9999","-9999","-9999","-9999","-9999","-9999","-9999","-9999","-9999","-9999","-9999","-9999","-9999","-9999","-9999","-9999","-9999","0.64","-9999","-9999","-9999","-9999","-9999","-9999","-9999","-9999","-9999","-9999","-9999","-9999","-9999","-9999","-9999","0.94","-9999","-9999","-9999","-9999","-9999","-9999","-9999","-9999","-9999","-9999","-9999","-9999","-9999","-9999","0.05","-9999","-9999","-9999","-9999","-9999","-9999","-9999","-9999","-9999","-9999","-9999","-9999","-9999","-9999","-9999","-9999","-9999","-9999","-9999","-9999","-9999","-9999","-9999","-9999","-9999","-9999","-9999","-9999","-9999","-9999","-9999","-9999","-9999","-9999","-9999","-9999","-9999","-9999","-9999","-9999","-9999","-9999","-9999","-9999","-9999","-9999","-9999","-9999","-9999","-9999","-9999","-9999","-9999","-9999","-9999","-9999","-9999","-9999","-9999","-9999","-9999","-9999","-9999","-9999","-9999","-9999","-9999","-9999","-9999","-9999","-9999","-9999","-9999","-9999","-9999","-9999","-9999","-9999","-9999","0.09","-9999","-9999","-9999","-9999","-9999","-9999","-9999","-9999","-9999","-9999","-9999","-9999","-9999","-9999","-9999","-9999","-9999","-9999","-9999","-9999","-9999","-9999","-9999","-9999","-9999","-9999","-9999","-9999","-9999","Purple Rock Inc.","Alberta Geological Survey"
"76653","MAR_20020002-00104-5711-ICP-10.0pct-2001-11-21-Bondar-Clegg & Company Ltd.-N/A-N/A-","MAR_20020002","104","200134-001","5711","128.93","129.25","-9999","2001-11-21","2001-09-28","Bondar-Clegg & Company Ltd.","BOND-UNSP","Unspecified","10.0pct","Submitted sample","ICP","-9999","-9999","-9999","-9999","-9999","-9999","-9999","-9999","-9999","-9999","-9999","-9999","-9999","-9999","-9999","-9999","-9999","-9999","-9999","-9999","-9999","-9999","-9999","-9999","-9999","-9999","-9999","-9999","-9999","-9999","-9999","-9999","-9999","19.9","-9999","-9999","-9999","-9999","-9999","-9999","-9999","-9999","-9999","-9999","-9999","-9999","-9999","-9999","-9999","-9999","-9999","-9999","-9999","-9999","-9999","-9999","-9999","-9999","-9999","-9999","-9999","-9999","-9999","-9999","-9999","-9999","-9999","-9999","-9999","-9999","-9999","-9999","-9999","-9999","-9999","-9999","-9999","-9999","-9999","-9999","-9999","-9999","-9999","-9999","-9999","-9999","-9999","-9999","-9999","-9999","-9999","-9999","-9999","-9999","-9999","-9999","-9999","-9999","-9999","-9999","-9999","-9999","-9999","-9999","-9999","-9999","-9999","-9999","-9999","-9999","-9999","-9999","-9999","-9999","-9999","-9999","-9999","-9999","-9999","-9999","-9999","-9999","-9999","-9999","-9999","-9999","-9999","-9999","-9999","-9999","-9999","-9999","-9999","-9999","-9999","-9999","-9999","-9999","-9999","-9999","-9999","-9999","-9999","-9999","-9999","-9999","-9999","-9999","-9999","-9999","-9999","-9999","-9999","-9999","-9999","-9999","-9999","-9999","-9999","-9999","-9999","-9999","-9999","-9999","-9999","-9999","-9999","-9999","-9999","-9999","-9999","-9999","-9999","-9999","-9999","-9999","-9999","-9999","-9999","-9999","-9999","-9999","-9999","-9999","-9999","-9999","-9999","-9999","-9999","-9999","-9999","-9999","-9999","-9999","-9999","-9999","-9999","-9999","-9999","-9999","-9999","-9999","-9999","-9999","-9999","-9999","-9999","-9999","-9999","-9999","-9999","-9999","-9999","-9999","-9999","-9999","-9999","-9999","-9999","-9999","-9999","-9999","-9999","-9999","-9999","-9999","-9999","-9999","-9999","-9999","-9999","-9999","-9999","-9999","Purple Rock Inc.","Alberta Geological Survey"
"76654","MAR_20020002-00104-5711-ICP-2.0ppm-2001-11-21-Bondar-Clegg & Company Ltd.-N/A-N/A-","MAR_20020002","104","200134-001","5711","128.93","129.25","-9999","2001-11-21","2001-09-28","Bondar-Clegg & Company Ltd.","BOND-UNSP","Unspecified","2.0ppm","Submitted sample","ICP","-9999","-9999","-9999","-9999","-9999","-9999","-9999","-9999","-9999","-9999","-9999","-9999","-9999","-9999","-9999","-9999","-9999","-9999","-9999","-9999","-9999","-9999","-9999","-9999","-9999","-9999","-9999","-9999","-9999","-9999","-9999","-9999","-9999","-9999","-9999","-9999","-9999","-9999","-9999","-9999","-9999","-9999","-9999","-9999","-9999","-9999","-9999","-9999","-9999","-9999","-9999","-9999","-9999","22","-9999","-9999","-9999","-9999","-9999","-9999","-9999","-9999","-9999","-9999","-9999","-9999","-9999","-9999","-9999","-9999","-9999","-9999","-9999","-9999","-9999","-9999","-9999","-9999","-9999","-9999","-9999","-9999","-9999","-9999","-9999","-9999","-9999","-9999","-9999","-9999","-9999","-9999","-9999","-9999","-9999","-9999","-9999","-9999","-9999","-9999","-9999","-9999","-9999","9","-9999","-9999","-9999","-9999","-9999","-9999","-9999","-9999","-9999","-9999","-9999","-9999","-9999","-9999","-9999","-9999","-9999","-9999","-9999","-9999","-9999","-9999","-9999","-9999","-9999","-9999","-9999","-9999","-9999","-9999","-9999","-9999","-9999","-9999","-9999","-9999","-9999","-9999","-9999","-9999","-9999","7","-9999","-9999","-9999","-9999","-9999","-9999","-9999","-9999","-9999","-9999","-9999","-9999","-9999","-9999","-9999","-9999","-9999","-9999","-9999","-9999","-9999","-9999","-9999","-9999","-9999","-9999","-9999","-9999","-9999","-9999","-9999","-9999","-9999","-9999","-9999","-9999","-9999","-9999","-9999","-9999","-9999","-9999","-9999","-9999","-9999","-9999","-9999","-9999","-9999","-9999","-9999","-9999","-9999","-9999","-9999","-9999","-9999","-9999","-9999","-9999","-9999","-9999","-9999","-9999","-9999","-9999","-9999","-9999","-9999","-9999","19","-9999","-9999","-9999","-9999","-9999","-9999","-9999","-9999","-9999","-9999","27","-9999","-9999","-9999","-9999","-9999","-9999","Purple Rock Inc.","Alberta Geological Survey"
"76695","MAR_20020002-00105-5712-XRF-0.01pct-2001-11-21-Bondar-Clegg & Company Ltd.-N/A-N/A-","MAR_20020002","105","200134-001","5712","129.25","130.4","-9999","2001-11-21","2001-09-28","Bondar-Clegg & Company Ltd.","BOND-UNSP","Unspecified","0.01pct","Submitted sample","XRF","-9999","-9999","-9999","-9999","-9999","-9999","-9999","-9999","-9999","-9999","-9999","-9999","-9999","-9999","-9999","-9999","-9999","-9999","-9999","-9999","-9999","-9999","0.79","-9999","-9999","-9999","-9999","-9999","-9999","-9999","-9999","-9999","-9999","-9999","-9999","-9999","-9999","-9999","-9999","-9999","-9999","-9999","-9999","-9999","-9999","-9999","-9999","-9999","-9999","-9999","-9999","-9999","-9999","-9999","-9999","-9999","-9999","-9999","-9999","-9999","-9999","-9999","-9999","-9999","-9999","-9999","-9999","-9999","-9999","-9999","-9999","-9999","-9999","-9999","-9999","-9999","-9999","-9999","-9999","-9999","-9999","-9999","-9999","-9999","-9999","-9999","-9999","-9999","-9999","-9999","-9999","-9999","-9999","-9999","-9999","-9999","-9999","-9999","-9999","-9999","-9999","-9999","-9999","-9999","-9999","-9999","-9999","-9999","-9999","-9999","-9999","-9999","-9999","-9999","-9999","-9999","-9999","-9999","-9999","-9999","-9999","-9999","-9999","-9999","-9999","-9999","-9999","-9999","-9999","-9999","-9999","-9999","-9999","-9999","-9999","-9999","-9999","-9999","-9999","-9999","-9999","-9999","-9999","-9999","-9999","-9999","-9999","-9999","-9999","-9999","-9999","-9999","-9999","-9999","-9999","-9999","-9999","-9999","-9999","-9999","-9999","-9999","-9999","-9999","-9999","-9999","-9999","-9999","-9999","-9999","-9999","-9999","-9999","-9999","-9999","-9999","-9999","-9999","-9999","-9999","-9999","-9999","-9999","-9999","-9999","-9999","-9999","-9999","-9999","-9999","-9999","-9999","-9999","-9999","-9999","-9999","-9999","-9999","-9999","-9999","-9999","-9999","-9999","-9999","-9999","-9999","-9999","-9999","-9999","-9999","-9999","-9999","-9999","-9999","-9999","-9999","-9999","-9999","-9999","-9999","-9999","-9999","-9999","-9999","-9999","-9999","-9999","-9999","-9999","-9999","-9999","-9999","-9999","-9999","Purple Rock Inc.","Alberta Geological Survey"
"76696","MAR_20020002-00105-5712-ICP-0.002pct-2001-11-21-Bondar-Clegg & Company Ltd.-N/A-N/A-","MAR_20020002","105","200134-001","5712","129.25","130.4","-9999","2001-11-21","2001-09-28","Bondar-Clegg & Company Ltd.","BOND-UNSP","Unspecified","0.002pct","Submitted sample","ICP","-9999","-9999","-9999","-9999","-9999","-9999","-9999","-9999","-9999","-9999","-9999","-9999","-9999","-9999","-9999","-9999","-9999","-9999","-9999","-9999","-9999","-9999","-9999","-9999","-9999","-9999","-9999","-9999","-9999","-9999","-9999","-9999","-9999","-9999","-9999","-9999","-9999","-9999","-9999","-9999","-9999","-9999","-9999","-9999","-9999","-9999","-9999","-9999","-9999","-9999","-9999","-9999","-9999","-9999","-9999","-9999","-9999","-9999","-9999","-9999","-9999","-9999","-9999","-9999","-9999","-9999","-9999","-9999","-9999","-9999","-9999","-9999","-9999","-9999","-9999","-9999","-9999","-9999","-9999","-9999","-9999","-9999","-9999","-9999","-9999","-9999","-9999","-9999","-9999","-9999","-9999","-9999","-9999","-9999","-9999","-9999","-9999","-9999","-9999","-9999","-9999","-9999","-9999","-9999","-9999","-9999","-9999","-9999","-9999","-9999","-9999","-9999","-9999","-9999","-9999","-9999","-9999","-9999","-9999","-9999","-9999","-9999","-9999","-9999","-9999","-9999","-9999","-9999","-9999","-9999","-9999","-9999","-9999","-9999","-9999","-9999","-9999","-9999","-9999","-9999","-9999","-9999","-9999","-9999","-9999","-9999","-9999","-9999","-9999","-9999","-9999","-9999","-9999","-9999","-9999","-9999","-9999","-9999","-9999","-9999","-9999","-9999","-9999","-9999","-9999","-9999","-9999","-9999","-9999","-9999","-9999","0.94","-9999","-9999","-9999","-9999","-9999","-9999","-9999","-9999","-9999","-9999","-9999","-9999","-9999","-9999","-9999","-9999","-9999","-9999","-9999","-9999","-9999","-9999","-9999","-9999","-9999","-9999","-9999","-9999","-9999","-9999","-9999","-9999","-9999","-9999","-9999","-9999","-9999","-9999","-9999","-9999","-9999","-9999","-9999","-9999","-9999","-9999","-9999","-9999","-9999","-9999","-9999","-9999","-9999","-9999","-9999","-9999","-9999","-9999","-9999","-9999","-9999","-9999","Purple Rock Inc.","Alberta Geological Survey"
"76697","MAR_20020002-00105-5712-ICP-1.0ppm-2001-11-21-Bondar-Clegg & Company Ltd.-N/A-N/A-","MAR_20020002","105","200134-001","5712","129.25","130.4","-9999","2001-11-21","2001-09-28","Bondar-Clegg & Company Ltd.","BOND-UNSP","Unspecified","1.0ppm","Submitted sample","ICP","-9999","-9999","-9999","-9999","-9999","-9999","-9999","-9999","-9999","-9999","-9999","-9999","-9999","-9999","-9999","-9999","-9999","-9999","-9999","-9999","-9999","-9999","-9999","-9999","-9999","-9999","-9999","-9999","-9999","-9999","-9999","-9999","-9999","-9999","-9999","-9999","-9999","-9999","-9999","-9999","-9999","-9999","<1.0","-9999","-9999","-9999","-9999","-9999","-9999","7","-9999","-9999","-9999","-9999","-9999","-9999","-9999","8","-9999","-9999","-9999","-9999","-9999","-9999","-9999","-9999","-9999","-9999","-9999","-9999","-9999","-9999","-9999","-9999","-9999","-9999","-9999","-9999","-9999","-9999","-9999","-9999","-9999","-9999","-9999","-9999","-9999","-9999","-9999","-9999","-9999","-9999","-9999","-9999","-9999","-9999","-9999","-9999","-9999","-9999","-9999","-9999","-9999","-9999","-9999","-9999","-9999","-9999","-9999","-9999","-9999","-9999","-9999","-9999","-9999","-9999","-9999","-9999","-9999","-9999","-9999","<1","-9999","-9999","-9999","-9999","-9999","-9999","-9999","-9999","-9999","-9999","-9999","-9999","13","-9999","-9999","-9999","-9999","-9999","-9999","-9999","-9999","-9999","-9999","-9999","-9999","-9999","-9999","-9999","-9999","-9999","-9999","-9999","-9999","-9999","-9999","-9999","-9999","-9999","-9999","-9999","-9999","-9999","-9999","-9999","-9999","-9999","-9999","-9999","-9999","-9999","-9999","-9999","-9999","-9999","-9999","-9999","-9999","-9999","-9999","-9999","-9999","-9999","-9999","-9999","-9999","-9999","-9999","-9999","-9999","-9999","246","-9999","-9999","-9999","-9999","-9999","-9999","-9999","-9999","-9999","-9999","-9999","-9999","-9999","-9999","-9999","-9999","-9999","-9999","-9999","-9999","-9999","-9999","-9999","-9999","-9999","-9999","-9999","-9999","-9999","-9999","-9999","-9999","-9999","-9999","-9999","-9999","-9999","-9999","-9999","-9999","-9999","Purple Rock Inc.","Alberta Geological Survey"
"76698","MAR_20020002-00105-5712-ICP-10.0ppm-2001-11-21-Bondar-Clegg & Company Ltd.-N/A-N/A-","MAR_20020002","105","200134-001","5712","129.25","130.4","-9999","2001-11-21","2001-09-28","Bondar-Clegg & Company Ltd.","BOND-UNSP","Unspecified","10.0ppm","Submitted sample","ICP","-9999","-9999","-9999","-9999","-9999","-9999","-9999","-9999","-9999","-9999","-9999","-9999","-9999","-9999","-9999","-9999","-9999","-9999","-9999","-9999","-9999","-9999","-9999","-9999","-9999","-9999","-9999","-9999","-9999","-9999","-9999","-9999","-9999","-9999","-9999","-9999","-9999","-9999","-9999","-9999","-9999","-9999","-9999","-9999","-9999","-9999","-9999","-9999","-9999","-9999","-9999","-9999","-9999","-9999","-9999","-9999","-9999","-9999","-9999","-9999","-9999","-9999","-9999","-9999","-9999","-9999","-9999","-9999","-9999","-9999","-9999","-9999","-9999","-9999","-9999","-9999","<10","-9999","-9999","-9999","-9999","-9999","-9999","-9999","-9999","-9999","-9999","-9999","-9999","-9999","-9999","-9999","-9999","-9999","-9999","-9999","-9999","-9999","-9999","-9999","-9999","-9999","-9999","-9999","-9999","-9999","-9999","-9999","-9999","-9999","-9999","-9999","-9999","-9999","-9999","-9999","-9999","-9999","-9999","-9999","-9999","-9999","-9999","-9999","-9999","-9999","-9999","-9999","-9999","-9999","-9999","-9999","-9999","-9999","-9999","-9999","-9999","-9999","-9999","-9999","-9999","-9999","-9999","-9999","-9999","-9999","-9999","-9999","-9999","-9999","-9999","-9999","-9999","-9999","-9999","-9999","-9999","-9999","-9999","-9999","-9999","-9999","-9999","-9999","-9999","-9999","-9999","-9999","-9999","-9999","-9999","-9999","-9999","-9999","-9999","-9999","-9999","-9999","-9999","-9999","-9999","-9999","-9999","-9999","-9999","-9999","-9999","-9999","-9999","-9999","-9999","-9999","-9999","-9999","-9999","-9999","-9999","-9999","-9999","-9999","-9999","-9999","-9999","-9999","-9999","-9999","-9999","-9999","-9999","-9999","-9999","-9999","-9999","-9999","-9999","-9999","-9999","-9999","-9999","-9999","-9999","-9999","-9999","-9999","-9999","-9999","-9999","-9999","-9999","-9999","-9999","-9999","-9999","-9999","Purple Rock Inc.","Alberta Geological Survey"
"76699","MAR_20020002-00105-5712-ICP-0.01pct-2001-11-21-Bondar-Clegg & Company Ltd.-N/A-N/A-","MAR_20020002","105","200134-001","5712","129.25","130.4","-9999","2001-11-21","2001-09-28","Bondar-Clegg & Company Ltd.","BOND-UNSP","Unspecified","0.01pct","Submitted sample","ICP","-9999","-9999","-9999","-9999","-9999","-9999","-9999","-9999","3.11","-9999","-9999","-9999","-9999","-9999","-9999","-9999","-9999","-9999","-9999","-9999","-9999","-9999","-9999","-9999","-9999","-9999","-9999","-9999","-9999","-9999","-9999","-9999","-9999","-9999",">10.00","-9999","-9999","-9999","-9999","-9999","-9999","-9999","-9999","-9999","-9999","-9999","-9999","-9999","-9999","-9999","-9999","-9999","-9999","-9999","-9999","-9999","-9999","-9999","-9999","-9999","-9999","-9999","-9999","-9999","-9999","-9999","-9999","-9999","-9999","-9999","-9999","-9999","2.33","-9999","-9999","-9999","-9999","-9999","-9999","-9999","-9999","-9999","-9999","-9999","-9999","-9999","-9999","-9999","-9999","-9999","-9999","-9999","-9999","1.29","-9999","-9999","-9999","-9999","-9999","-9999","-9999","-9999","-9999","-9999","-9999","-9999","-9999","-9999","-9999","1.74","-9999","-9999","-9999","-9999","-9999","-9999","-9999","-9999","-9999","-9999","-9999","-9999","-9999","-9999","0.07","-9999","-9999","-9999","-9999","-9999","-9999","-9999","-9999","-9999","-9999","-9999","-9999","-9999","-9999","-9999","-9999","-9999","-9999","-9999","-9999","-9999","-9999","-9999","-9999","-9999","-9999","-9999","-9999","-9999","-9999","-9999","-9999","-9999","-9999","-9999","-9999","-9999","-9999","-9999","-9999","-9999","-9999","-9999","-9999","-9999","-9999","-9999","-9999","-9999","-9999","-9999","-9999","-9999","-9999","-9999","-9999","-9999","-9999","-9999","-9999","-9999","-9999","-9999","-9999","-9999","-9999","-9999","-9999","-9999","-9999","-9999","-9999","-9999","-9999","-9999","-9999","-9999","-9999","-9999","0.19","-9999","-9999","-9999","-9999","-9999","-9999","-9999","-9999","-9999","-9999","-9999","-9999","-9999","-9999","-9999","-9999","-9999","-9999","-9999","-9999","-9999","-9999","-9999","-9999","-9999","-9999","-9999","-9999","-9999","Purple Rock Inc.","Alberta Geological Survey"
"76700","MAR_20020002-00105-5712-ICP-10.0pct-2001-11-21-Bondar-Clegg & Company Ltd.-N/A-N/A-","MAR_20020002","105","200134-001","5712","129.25","130.4","-9999","2001-11-21","2001-09-28","Bondar-Clegg & Company Ltd.","BOND-UNSP","Unspecified","10.0pct","Submitted sample","ICP","-9999","-9999","-9999","-9999","-9999","-9999","-9999","-9999","-9999","-9999","-9999","-9999","-9999","-9999","-9999","-9999","-9999","-9999","-9999","-9999","-9999","-9999","-9999","-9999","-9999","-9999","-9999","-9999","-9999","-9999","-9999","-9999","-9999","18.2","-9999","-9999","-9999","-9999","-9999","-9999","-9999","-9999","-9999","-9999","-9999","-9999","-9999","-9999","-9999","-9999","-9999","-9999","-9999","-9999","-9999","-9999","-9999","-9999","-9999","-9999","-9999","-9999","-9999","-9999","-9999","-9999","-9999","-9999","-9999","-9999","-9999","-9999","-9999","-9999","-9999","-9999","-9999","-9999","-9999","-9999","-9999","-9999","-9999","-9999","-9999","-9999","-9999","-9999","-9999","-9999","-9999","-9999","-9999","-9999","-9999","-9999","-9999","-9999","-9999","-9999","-9999","-9999","-9999","-9999","-9999","-9999","-9999","-9999","-9999","-9999","-9999","-9999","-9999","-9999","-9999","-9999","-9999","-9999","-9999","-9999","-9999","-9999","-9999","-9999","-9999","-9999","-9999","-9999","-9999","-9999","-9999","-9999","-9999","-9999","-9999","-9999","-9999","-9999","-9999","-9999","-9999","-9999","-9999","-9999","-9999","-9999","-9999","-9999","-9999","-9999","-9999","-9999","-9999","-9999","-9999","-9999","-9999","-9999","-9999","-9999","-9999","-9999","-9999","-9999","-9999","-9999","-9999","-9999","-9999","-9999","-9999","-9999","-9999","-9999","-9999","-9999","-9999","-9999","-9999","-9999","-9999","-9999","-9999","-9999","-9999","-9999","-9999","-9999","-9999","-9999","-9999","-9999","-9999","-9999","-9999","-9999","-9999","-9999","-9999","-9999","-9999","-9999","-9999","-9999","-9999","-9999","-9999","-9999","-9999","-9999","-9999","-9999","-9999","-9999","-9999","-9999","-9999","-9999","-9999","-9999","-9999","-9999","-9999","-9999","-9999","-9999","-9999","-9999","-9999","-9999","-9999","-9999","-9999","-9999","Purple Rock Inc.","Alberta Geological Survey"
"76701","MAR_20020002-00105-5712-ICP-20.0ppm-2001-11-21-Bondar-Clegg & Company Ltd.-N/A-N/A-","MAR_20020002","105","200134-001","5712","129.25","130.4","-9999","2001-11-21","2001-09-28","Bondar-Clegg & Company Ltd.","BOND-UNSP","Unspecified","20.0ppm","Submitted sample","ICP","-9999","-9999","-9999","-9999","-9999","-9999","-9999","-9999","-9999","-9999","-9999","-9999","-9999","-9999","-9999","-9999","-9999","-9999","-9999","-9999","-9999","-9999","-9999","-9999","-9999","-9999","-9999","-9999","-9999","-9999","-9999","-9999","-9999","-9999","-9999","-9999","-9999","-9999","-9999","-9999","-9999","-9999","-9999","-9999","-9999","-9999","-9999","-9999","-9999","-9999","-9999","-9999","-9999","-9999","-9999","-9999","-9999","-9999","-9999","-9999","-9999","-9999","-9999","-9999","-9999","-9999","-9999","-9999","-9999","-9999","-9999","-9999","-9999","-9999","-9999","-9999","-9999","-9999","-9999","-9999","-9999","-9999","-9999","-9999","-9999","-9999","-9999","-9999","-9999","-9999","-9999","-9999","-9999","-9999","-9999","-9999","-9999","-9999","-9999","-9999","-9999","-9999","-9999","-9999","-9999","-9999","-9999","-9999","-9999","-9999","-9999","-9999","-9999","-9999","-9999","-9999","-9999","-9999","-9999","-9999","-9999","-9999","-9999","-9999","-9999","-9999","-9999","-9999","-9999","-9999","-9999","-9999","-9999","-9999","-9999","-9999","-9999","-9999","-9999","-9999","-9999","-9999","-9999","-9999","-9999","-9999","-9999","-9999","-9999","-9999","-9999","-9999","-9999","-9999","-9999","-9999","-9999","-9999","-9999","-9999","-9999","-9999","-9999","-9999","-9999","-9999","-9999","-9999","-9999","-9999","-9999","-9999","-9999","-9999","-9999","-9999","-9999","-9999","-9999","-9999","-9999","-9999","-9999","-9999","-9999","-9999","-9999","<20","-9999","-9999","-9999","-9999","-9999","-9999","-9999","-9999","-9999","-9999","-9999","-9999","-9999","-9999","-9999","-9999","-9999","-9999","-9999","-9999","-9999","-9999","-9999","-9999","-9999","-9999","-9999","-9999","-9999","-9999","-9999","<20","-9999","-9999","-9999","-9999","-9999","-9999","-9999","-9999","-9999","-9999","-9999","-9999","-9999","-9999","Purple Rock Inc.","Alberta Geological Survey"
"76702","MAR_20020002-00105-5712-ICP-2.0ppm-2001-11-21-Bondar-Clegg & Company Ltd.-N/A-N/A-","MAR_20020002","105","200134-001","5712","129.25","130.4","-9999","2001-11-21","2001-09-28","Bondar-Clegg & Company Ltd.","BOND-UNSP","Unspecified","2.0ppm","Submitted sample","ICP","-9999","-9999","-9999","-9999","-9999","-9999","-9999","-9999","-9999","-9999","-9999","-9999","-9999","-9999","-9999","-9999","-9999","-9999","-9999","-9999","-9999","-9999","-9999","-9999","-9999","-9999","-9999","-9999","-9999","-9999","-9999","-9999","-9999","-9999","-9999","-9999","-9999","-9999","-9999","-9999","-9999","-9999","-9999","-9999","-9999","-9999","-9999","-9999","-9999","-9999","-9999","-9999","-9999","37","-9999","-9999","-9999","-9999","-9999","-9999","-9999","-9999","-9999","-9999","-9999","-9999","-9999","-9999","-9999","-9999","-9999","-9999","-9999","-9999","-9999","-9999","-9999","-9999","-9999","-9999","-9999","-9999","-9999","-9999","-9999","-9999","-9999","-9999","-9999","-9999","-9999","-9999","-9999","-9999","-9999","-9999","-9999","-9999","-9999","-9999","-9999","-9999","-9999","19","-9999","-9999","-9999","-9999","-9999","-9999","-9999","-9999","-9999","-9999","-9999","-9999","-9999","-9999","-9999","-9999","-9999","-9999","-9999","-9999","-9999","-9999","-9999","-9999","-9999","-9999","-9999","-9999","-9999","-9999","-9999","-9999","-9999","-9999","-9999","-9999","-9999","-9999","-9999","-9999","-9999","6","-9999","-9999","-9999","-9999","-9999","-9999","-9999","-9999","-9999","-9999","-9999","-9999","-9999","-9999","-9999","-9999","-9999","-9999","-9999","-9999","-9999","-9999","-9999","-9999","-9999","-9999","-9999","-9999","-9999","-9999","-9999","-9999","-9999","-9999","-9999","-9999","-9999","-9999","-9999","-9999","-9999","-9999","-9999","-9999","-9999","-9999","-9999","-9999","-9999","-9999","-9999","-9999","-9999","-9999","-9999","-9999","-9999","-9999","-9999","-9999","-9999","-9999","-9999","-9999","-9999","-9999","-9999","-9999","-9999","-9999","32","-9999","-9999","-9999","-9999","-9999","-9999","-9999","-9999","-9999","-9999","38","-9999","-9999","-9999","-9999","-9999","-9999","Purple Rock Inc.","Alberta Geological Survey"
"76703","MAR_20020002-00105-5712-ICP-5.0ppm-2001-11-21-Bondar-Clegg & Company Ltd.-N/A-N/A-","MAR_20020002","105","200134-001","5712","129.25","130.4","-9999","2001-11-21","2001-09-28","Bondar-Clegg & Company Ltd.","BOND-UNSP","Unspecified","5.0ppm","Submitted sample","ICP","-9999","-9999","-9999","-9999","-9999","-9999","-9999","-9999","-9999","-9999","-9999","-9999","<5","-9999","-9999","-9999","-9999","-9999","-9999","-9999","-9999","-9999","-9999",">2000","-9999","-9999","-9999","-9999","<5","-9999","-9999","-9999","-9999","-9999","-9999","-9999","-9999","-9999","-9999","-9999","-9999","-9999","-9999","-9999","-9999","-9999","-9999","-9999","-9999","-9999","-9999","-9999","-9999","-9999","-9999","-9999","-9999","-9999","-9999","-9999","-9999","-9999","-9999","-9999","-9999","-9999","-9999","-9999","-9999","-9999","-9999","-9999","-9999","-9999","-9999","-9999","-9999","-9999","-9999","-9999","-9999","-9999","-9999","-9999","-9999","-9999","-9999","-9999","-9999","-9999","-9999","-9999","-9999","-9999","-9999","-9999","-9999","-9999","-9999","-9999","-9999","13","-9999","-9999","-9999","-9999","-9999","-9999","-9999","-9999","-9999","-9999","-9999","-9999","-9999","-9999","-9999","871","-9999","-9999","-9999","-9999","-9999","-9999","-9999","-9999","-9999","-9999","-9999","7","-9999","-9999","-9999","-9999","-9999","-9999","-9999","-9999","-9999","-9999","-9999","-9999","-9999","-9999","-9999","-9999","-9999","-9999","-9999","-9999","-9999","-9999","-9999","-9999","-9999","-9999","-9999","-9999","-9999","-9999","-9999","-9999","-9999","-9999","-9999","-9999","-9999","-9999","-9999","-9999","-9999","-9999","-9999","-9999","<5","-9999","<5","-9999","-9999","-9999","-9999","-9999","-9999","-9999","-9999","-9999","-9999","-9999","-9999","-9999","-9999","-9999","-9999","-9999","-9999","-9999","<5","-9999","-9999","-9999","-9999","-9999","-9999","-9999","-9999","-9999","-9999","-9999","-9999","-9999","-9999","-9999","-9999","-9999","-9999","-9999","-9999","-9999","-9999","-9999","-9999","12","-9999","-9999","-9999","-9999","-9999","-9999","-9999","-9999","-9999","65","-9999","-9999","Purple Rock Inc.","Alberta Geological Survey"
"76704","MAR_20020002-00105-5712-ICP-25.0ppm-2001-11-21-Bondar-Clegg & Company Ltd.-N/A-N/A-","MAR_20020002","105","200134-001","5712","129.25","130.4","-9999","2001-11-21","2001-09-28","Bondar-Clegg & Company Ltd.","BOND-UNSP","Unspecified","25.0ppm","Submitted sample","ICP","-9999","-9999","-9999","-9999","-9999","-9999","-9999","-9999","-9999","-9999","-9999","-9999","-9999","-9999","-9999","-9999","-9999","-9999","-9999","-9999","-9999","-9999","-9999","-9999","-9999","-9999","-9999","-9999","-9999","-9999","-9999","-9999","-9999","-9999","-9999","-9999","-9999","-9999","-9999","-9999","-9999","-9999","-9999","-9999","-9999","-9999","-9999","-9999","-9999","-9999","-9999","-9999","-9999","-9999","-9999","-9999","-9999","-9999","-9999","-9999","-9999","-9999","-9999","-9999","-9999","-9999","-9999","-9999","-9999","-9999","-9999","-9999","-9999","-9999","-9999","-9999","-9999","-9999","-9999","-9999","-9999","-9999","-9999","-9999","-9999","-9999","-9999","-9999","-9999","-9999","-9999","-9999","-9999","-9999","-9999","-9999","-9999","-9999","-9999","-9999","-9999","-9999","-9999","-9999","-9999","-9999","-9999","-9999","-9999","-9999","-9999","-9999","-9999","-9999","-9999","-9999","-9999","-9999","-9999","-9999","-9999","-9999","-9999","-9999","-9999","-9999","-9999","-9999","-9999","-9999","-9999","-9999","-9999","-9999","-9999","-9999","-9999","-9999","-9999","-9999","-9999","-9999","-9999","-9999","-9999","-9999","-9999","-9999","-9999","-9999","-9999","-9999","-9999","-9999","-9999","-9999","-9999","-9999","-9999","-9999","-9999","-9999","-9999","-9999","-9999","-9999","-9999","-9999","-9999","-9999","-9999","-9999","-9999","-9999","-9999","-9999","-9999","-9999","-9999","-9999","-9999","-9999","-9999","-9999","-9999","-9999","-9999","-9999","-9999","-9999","-9999","-9999","-9999","-9999","-9999","-9999","-9999","-9999","-9999","-9999","-9999","<25","-9999","-9999","-9999","-9999","-9999","-9999","-9999","-9999","-9999","-9999","-9999","-9999","-9999","-9999","-9999","-9999","-9999","-9999","-9999","-9999","-9999","-9999","-9999","-9999","-9999","-9999","-9999","-9999","-9999","-9999","-9999","-9999","Purple Rock Inc.","Alberta Geological Survey"
"76705","MAR_20020002-00105-5712-ICP-0.5ppm-2001-11-21-Bondar-Clegg & Company Ltd.-N/A-N/A-","MAR_20020002","105","200134-001","5712","129.25","130.4","-9999","2001-11-21","2001-09-28","Bondar-Clegg & Company Ltd.","BOND-UNSP","Unspecified","0.5ppm","Submitted sample","ICP","-9999","-9999","-9999","-9999","-9999","0.6","-9999","-9999","-9999","-9999","-9999","-9999","-9999","-9999","-9999","-9999","-9999","-9999","-9999","-9999","-9999","-9999","-9999","-9999","-9999","-9999","-9999","-9999","-9999","-9999","-9999","-9999","-9999","-9999","-9999","-9999","-9999","-9999","-9999","-9999","-9999","-9999","-9999","-9999","-9999","-9999","-9999","-9999","-9999","-9999","-9999","-9999","-9999","-9999","-9999","-9999","-9999","-9999","-9999","-9999","-9999","-9999","-9999","-9999","-9999","-9999","-9999","-9999","-9999","-9999","-9999","-9999","-9999","-9999","-9999","-9999","-9999","-9999","-9999","-9999","-9999","-9999","-9999","-9999","-9999","-9999","-9999","-9999","-9999","-9999","-9999","-9999","-9999","-9999","-9999","-9999","-9999","-9999","-9999","-9999","-9999","-9999","-9999","-9999","-9999","-9999","-9999","-9999","-9999","-9999","-9999","-9999","-9999","-9999","-9999","-9999","-9999","-9999","-9999","-9999","-9999","-9999","-9999","-9999","-9999","-9999","-9999","-9999","-9999","-9999","-9999","-9999","-9999","-9999","-9999","-9999","-9999","-9999","-9999","-9999","-9999","-9999","-9999","-9999","-9999","-9999","-9999","-9999","-9999","-9999","-9999","-9999","-9999","-9999","-9999","-9999","-9999","-9999","-9999","-9999","-9999","-9999","-9999","-9999","-9999","-9999","-9999","-9999","-9999","-9999","-9999","-9999","-9999","-9999","-9999","-9999","-9999","-9999","-9999","-9999","-9999","-9999","-9999","-9999","-9999","-9999","-9999","-9999","-9999","-9999","-9999","-9999","-9999","-9999","-9999","-9999","-9999","-9999","-9999","-9999","-9999","-9999","-9999","-9999","-9999","-9999","-9999","-9999","-9999","-9999","-9999","-9999","-9999","-9999","-9999","-9999","-9999","-9999","-9999","-9999","-9999","-9999","-9999","-9999","-9999","-9999","-9999","-9999","-9999","-9999","-9999","-9999","-9999","-9999","Purple Rock Inc.","Alberta Geological Survey"
"76745","MAR_20020002-00106-5713-ICP-20.0ppm-2001-11-21-Bondar-Clegg & Company Ltd.-N/A-N/A-","MAR_20020002","106","200134-001","5713","130.4","131.4","-9999","2001-11-21","2001-09-28","Bondar-Clegg & Company Ltd.","BOND-UNSP","Unspecified","20.0ppm","Submitted sample","ICP","-9999","-9999","-9999","-9999","-9999","-9999","-9999","-9999","-9999","-9999","-9999","-9999","-9999","-9999","-9999","-9999","-9999","-9999","-9999","-9999","-9999","-9999","-9999","-9999","-9999","-9999","-9999","-9999","-9999","-9999","-9999","-9999","-9999","-9999","-9999","-9999","-9999","-9999","-9999","-9999","-9999","-9999","-9999","-9999","-9999","-9999","-9999","-9999","-9999","-9999","-9999","-9999","-9999","-9999","-9999","-9999","-9999","-9999","-9999","-9999","-9999","-9999","-9999","-9999","-9999","-9999","-9999","-9999","-9999","-9999","-9999","-9999","-9999","-9999","-9999","-9999","-9999","-9999","-9999","-9999","-9999","-9999","-9999","-9999","-9999","-9999","-9999","-9999","-9999","-9999","-9999","-9999","-9999","-9999","-9999","-9999","-9999","-9999","-9999","-9999","-9999","-9999","-9999","-9999","-9999","-9999","-9999","-9999","-9999","-9999","-9999","-9999","-9999","-9999","-9999","-9999","-9999","-9999","-9999","-9999","-9999","-9999","-9999","-9999","-9999","-9999","-9999","-9999","-9999","-9999","-9999","-9999","-9999","-9999","-9999","-9999","-9999","-9999","-9999","-9999","-9999","-9999","-9999","-9999","-9999","-9999","-9999","-9999","-9999","-9999","-9999","-9999","-9999","-9999","-9999","-9999","-9999","-9999","-9999","-9999","-9999","-9999","-9999","-9999","-9999","-9999","-9999","-9999","-9999","-9999","-9999","-9999","-9999","-9999","-9999","-9999","-9999","-9999","-9999","-9999","-9999","-9999","-9999","-9999","-9999","-9999","-9999","<20","-9999","-9999","-9999","-9999","-9999","-9999","-9999","-9999","-9999","-9999","-9999","-9999","-9999","-9999","-9999","-9999","-9999","-9999","-9999","-9999","-9999","-9999","-9999","-9999","-9999","-9999","-9999","-9999","-9999","-9999","-9999","<20","-9999","-9999","-9999","-9999","-9999","-9999","-9999","-9999","-9999","-9999","-9999","-9999","-9999","-9999","Purple Rock Inc.","Alberta Geological Survey"
"76746","MAR_20020002-00106-5713-ICP-0.002pct-2001-11-21-Bondar-Clegg & Company Ltd.-N/A-N/A-","MAR_20020002","106","200134-001","5713","130.4","131.4","-9999","2001-11-21","2001-09-28","Bondar-Clegg & Company Ltd.","BOND-UNSP","Unspecified","0.002pct","Submitted sample","ICP","-9999","-9999","-9999","-9999","-9999","-9999","-9999","-9999","-9999","-9999","-9999","-9999","-9999","-9999","-9999","-9999","-9999","-9999","-9999","-9999","-9999","-9999","-9999","-9999","-9999","-9999","-9999","-9999","-9999","-9999","-9999","-9999","-9999","-9999","-9999","-9999","-9999","-9999","-9999","-9999","-9999","-9999","-9999","-9999","-9999","-9999","-9999","-9999","-9999","-9999","-9999","-9999","-9999","-9999","-9999","-9999","-9999","-9999","-9999","-9999","-9999","-9999","-9999","-9999","-9999","-9999","-9999","-9999","-9999","-9999","-9999","-9999","-9999","-9999","-9999","-9999","-9999","-9999","-9999","-9999","-9999","-9999","-9999","-9999","-9999","-9999","-9999","-9999","-9999","-9999","-9999","-9999","-9999","-9999","-9999","-9999","-9999","-9999","-9999","-9999","-9999","-9999","-9999","-9999","-9999","-9999","-9999","-9999","-9999","-9999","-9999","-9999","-9999","-9999","-9999","-9999","-9999","-9999","-9999","-9999","-9999","-9999","-9999","-9999","-9999","-9999","-9999","-9999","-9999","-9999","-9999","-9999","-9999","-9999","-9999","-9999","-9999","-9999","-9999","-9999","-9999","-9999","-9999","-9999","-9999","-9999","-9999","-9999","-9999","-9999","-9999","-9999","-9999","-9999","-9999","-9999","-9999","-9999","-9999","-9999","-9999","-9999","-9999","-9999","-9999","-9999","-9999","-9999","-9999","-9999","-9999","0.548","-9999","-9999","-9999","-9999","-9999","-9999","-9999","-9999","-9999","-9999","-9999","-9999","-9999","-9999","-9999","-9999","-9999","-9999","-9999","-9999","-9999","-9999","-9999","-9999","-9999","-9999","-9999","-9999","-9999","-9999","-9999","-9999","-9999","-9999","-9999","-9999","-9999","-9999","-9999","-9999","-9999","-9999","-9999","-9999","-9999","-9999","-9999","-9999","-9999","-9999","-9999","-9999","-9999","-9999","-9999","-9999","-9999","-9999","-9999","-9999","-9999","-9999","Purple Rock Inc.","Alberta Geological Survey"
"76747","MAR_20020002-00106-5713-XRF-0.01pct-2001-11-21-Bondar-Clegg & Company Ltd.-N/A-N/A-","MAR_20020002","106","200134-001","5713","130.4","131.4","-9999","2001-11-21","2001-09-28","Bondar-Clegg & Company Ltd.","BOND-UNSP","Unspecified","0.01pct","Submitted sample","XRF","-9999","-9999","-9999","-9999","-9999","-9999","-9999","-9999","-9999","-9999","-9999","-9999","-9999","-9999","-9999","-9999","-9999","-9999","-9999","-9999","-9999","-9999","0.43","-9999","-9999","-9999","-9999","-9999","-9999","-9999","-9999","-9999","-9999","-9999","-9999","-9999","-9999","-9999","-9999","-9999","-9999","-9999","-9999","-9999","-9999","-9999","-9999","-9999","-9999","-9999","-9999","-9999","-9999","-9999","-9999","-9999","-9999","-9999","-9999","-9999","-9999","-9999","-9999","-9999","-9999","-9999","-9999","-9999","-9999","-9999","-9999","-9999","-9999","-9999","-9999","-9999","-9999","-9999","-9999","-9999","-9999","-9999","-9999","-9999","-9999","-9999","-9999","-9999","-9999","-9999","-9999","-9999","-9999","-9999","-9999","-9999","-9999","-9999","-9999","-9999","-9999","-9999","-9999","-9999","-9999","-9999","-9999","-9999","-9999","-9999","-9999","-9999","-9999","-9999","-9999","-9999","-9999","-9999","-9999","-9999","-9999","-9999","-9999","-9999","-9999","-9999","-9999","-9999","-9999","-9999","-9999","-9999","-9999","-9999","-9999","-9999","-9999","-9999","-9999","-9999","-9999","-9999","-9999","-9999","-9999","-9999","-9999","-9999","-9999","-9999","-9999","-9999","-9999","-9999","-9999","-9999","-9999","-9999","-9999","-9999","-9999","-9999","-9999","-9999","-9999","-9999","-9999","-9999","-9999","-9999","-9999","-9999","-9999","-9999","-9999","-9999","-9999","-9999","-9999","-9999","-9999","-9999","-9999","-9999","-9999","-9999","-9999","-9999","-9999","-9999","-9999","-9999","-9999","-9999","-9999","-9999","-9999","-9999","-9999","-9999","-9999","-9999","-9999","-9999","-9999","-9999","-9999","-9999","-9999","-9999","-9999","-9999","-9999","-9999","-9999","-9999","-9999","-9999","-9999","-9999","-9999","-9999","-9999","-9999","-9999","-9999","-9999","-9999","-9999","-9999","-9999","-9999","-9999","-9999","Purple Rock Inc.","Alberta Geological Survey"
"76748","MAR_20020002-00106-5713-ICP-10.0pct-2001-11-21-Bondar-Clegg & Company Ltd.-N/A-N/A-","MAR_20020002","106","200134-001","5713","130.4","131.4","-9999","2001-11-21","2001-09-28","Bondar-Clegg & Company Ltd.","BOND-UNSP","Unspecified","10.0pct","Submitted sample","ICP","-9999","-9999","-9999","-9999","-9999","-9999","-9999","-9999","-9999","-9999","-9999","-9999","-9999","-9999","-9999","-9999","-9999","-9999","-9999","-9999","-9999","-9999","-9999","-9999","-9999","-9999","-9999","-9999","-9999","-9999","-9999","-9999","-9999","11.2","-9999","-9999","-9999","-9999","-9999","-9999","-9999","-9999","-9999","-9999","-9999","-9999","-9999","-9999","-9999","-9999","-9999","-9999","-9999","-9999","-9999","-9999","-9999","-9999","-9999","-9999","-9999","-9999","-9999","-9999","-9999","-9999","-9999","-9999","-9999","-9999","-9999","-9999","-9999","-9999","-9999","-9999","-9999","-9999","-9999","-9999","-9999","-9999","-9999","-9999","-9999","-9999","-9999","-9999","-9999","-9999","-9999","-9999","-9999","-9999","-9999","-9999","-9999","-9999","-9999","-9999","-9999","-9999","-9999","-9999","-9999","-9999","-9999","-9999","-9999","-9999","-9999","-9999","-9999","-9999","-9999","-9999","-9999","-9999","-9999","-9999","-9999","-9999","-9999","-9999","-9999","-9999","-9999","-9999","-9999","-9999","-9999","-9999","-9999","-9999","-9999","-9999","-9999","-9999","-9999","-9999","-9999","-9999","-9999","-9999","-9999","-9999","-9999","-9999","-9999","-9999","-9999","-9999","-9999","-9999","-9999","-9999","-9999","-9999","-9999","-9999","-9999","-9999","-9999","-9999","-9999","-9999","-9999","-9999","-9999","-9999","-9999","-9999","-9999","-9999","-9999","-9999","-9999","-9999","-9999","-9999","-9999","-9999","-9999","-9999","-9999","-9999","-9999","-9999","-9999","-9999","-9999","-9999","-9999","-9999","-9999","-9999","-9999","-9999","-9999","-9999","-9999","-9999","-9999","-9999","-9999","-9999","-9999","-9999","-9999","-9999","-9999","-9999","-9999","-9999","-9999","-9999","-9999","-9999","-9999","-9999","-9999","-9999","-9999","-9999","-9999","-9999","-9999","-9999","-9999","-9999","-9999","-9999","-9999","-9999","Purple Rock Inc.","Alberta Geological Survey"
"76749","MAR_20020002-00106-5713-ICP-25.0ppm-2001-11-21-Bondar-Clegg & Company Ltd.-N/A-N/A-","MAR_20020002","106","200134-001","5713","130.4","131.4","-9999","2001-11-21","2001-09-28","Bondar-Clegg & Company Ltd.","BOND-UNSP","Unspecified","25.0ppm","Submitted sample","ICP","-9999","-9999","-9999","-9999","-9999","-9999","-9999","-9999","-9999","-9999","-9999","-9999","-9999","-9999","-9999","-9999","-9999","-9999","-9999","-9999","-9999","-9999","-9999","-9999","-9999","-9999","-9999","-9999","-9999","-9999","-9999","-9999","-9999","-9999","-9999","-9999","-9999","-9999","-9999","-9999","-9999","-9999","-9999","-9999","-9999","-9999","-9999","-9999","-9999","-9999","-9999","-9999","-9999","-9999","-9999","-9999","-9999","-9999","-9999","-9999","-9999","-9999","-9999","-9999","-9999","-9999","-9999","-9999","-9999","-9999","-9999","-9999","-9999","-9999","-9999","-9999","-9999","-9999","-9999","-9999","-9999","-9999","-9999","-9999","-9999","-9999","-9999","-9999","-9999","-9999","-9999","-9999","-9999","-9999","-9999","-9999","-9999","-9999","-9999","-9999","-9999","-9999","-9999","-9999","-9999","-9999","-9999","-9999","-9999","-9999","-9999","-9999","-9999","-9999","-9999","-9999","-9999","-9999","-9999","-9999","-9999","-9999","-9999","-9999","-9999","-9999","-9999","-9999","-9999","-9999","-9999","-9999","-9999","-9999","-9999","-9999","-9999","-9999","-9999","-9999","-9999","-9999","-9999","-9999","-9999","-9999","-9999","-9999","-9999","-9999","-9999","-9999","-9999","-9999","-9999","-9999","-9999","-9999","-9999","-9999","-9999","-9999","-9999","-9999","-9999","-9999","-9999","-9999","-9999","-9999","-9999","-9999","-9999","-9999","-9999","-9999","-9999","-9999","-9999","-9999","-9999","-9999","-9999","-9999","-9999","-9999","-9999","-9999","-9999","-9999","-9999","-9999","-9999","-9999","-9999","-9999","-9999","-9999","-9999","-9999","-9999","<25","-9999","-9999","-9999","-9999","-9999","-9999","-9999","-9999","-9999","-9999","-9999","-9999","-9999","-9999","-9999","-9999","-9999","-9999","-9999","-9999","-9999","-9999","-9999","-9999","-9999","-9999","-9999","-9999","-9999","-9999","-9999","-9999","Purple Rock Inc.","Alberta Geological Survey"
"76750","MAR_20020002-00106-5713-ICP-0.01pct-2001-11-21-Bondar-Clegg & Company Ltd.-N/A-N/A-","MAR_20020002","106","200134-001","5713","130.4","131.4","-9999","2001-11-21","2001-09-28","Bondar-Clegg & Company Ltd.","BOND-UNSP","Unspecified","0.01pct","Submitted sample","ICP","-9999","-9999","-9999","-9999","-9999","-9999","-9999","-9999","6.13","-9999","-9999","-9999","-9999","-9999","-9999","-9999","-9999","-9999","-9999","-9999","-9999","-9999","-9999","-9999","-9999","-9999","-9999","-9999","-9999","-9999","-9999","-9999","-9999","-9999",">10.00","-9999","-9999","-9999","-9999","-9999","-9999","-9999","-9999","-9999","-9999","-9999","-9999","-9999","-9999","-9999","-9999","-9999","-9999","-9999","-9999","-9999","-9999","-9999","-9999","-9999","-9999","-9999","-9999","-9999","-9999","-9999","-9999","-9999","-9999","-9999","-9999","-9999","2.82","-9999","-9999","-9999","-9999","-9999","-9999","-9999","-9999","-9999","-9999","-9999","-9999","-9999","-9999","-9999","-9999","-9999","-9999","-9999","-9999","2.42","-9999","-9999","-9999","-9999","-9999","-9999","-9999","-9999","-9999","-9999","-9999","-9999","-9999","-9999","-9999","1.71","-9999","-9999","-9999","-9999","-9999","-9999","-9999","-9999","-9999","-9999","-9999","-9999","-9999","-9999","0.13","-9999","-9999","-9999","-9999","-9999","-9999","-9999","-9999","-9999","-9999","-9999","-9999","-9999","-9999","-9999","-9999","-9999","-9999","-9999","-9999","-9999","-9999","-9999","-9999","-9999","-9999","-9999","-9999","-9999","-9999","-9999","-9999","-9999","-9999","-9999","-9999","-9999","-9999","-9999","-9999","-9999","-9999","-9999","-9999","-9999","-9999","-9999","-9999","-9999","-9999","-9999","-9999","-9999","-9999","-9999","-9999","-9999","-9999","-9999","-9999","-9999","-9999","-9999","-9999","-9999","-9999","-9999","-9999","-9999","-9999","-9999","-9999","-9999","-9999","-9999","-9999","-9999","-9999","-9999","0.32","-9999","-9999","-9999","-9999","-9999","-9999","-9999","-9999","-9999","-9999","-9999","-9999","-9999","-9999","-9999","-9999","-9999","-9999","-9999","-9999","-9999","-9999","-9999","-9999","-9999","-9999","-9999","-9999","-9999","Purple Rock Inc.","Alberta Geological Survey"
"76751","MAR_20020002-00106-5713-ICP-2.0ppm-2001-11-21-Bondar-Clegg & Company Ltd.-N/A-N/A-","MAR_20020002","106","200134-001","5713","130.4","131.4","-9999","2001-11-21","2001-09-28","Bondar-Clegg & Company Ltd.","BOND-UNSP","Unspecified","2.0ppm","Submitted sample","ICP","-9999","-9999","-9999","-9999","-9999","-9999","-9999","-9999","-9999","-9999","-9999","-9999","-9999","-9999","-9999","-9999","-9999","-9999","-9999","-9999","-9999","-9999","-9999","-9999","-9999","-9999","-9999","-9999","-9999","-9999","-9999","-9999","-9999","-9999","-9999","-9999","-9999","-9999","-9999","-9999","-9999","-9999","-9999","-9999","-9999","-9999","-9999","-9999","-9999","-9999","-9999","-9999","-9999","61","-9999","-9999","-9999","-9999","-9999","-9999","-9999","-9999","-9999","-9999","-9999","-9999","-9999","-9999","-9999","-9999","-9999","-9999","-9999","-9999","-9999","-9999","-9999","-9999","-9999","-9999","-9999","-9999","-9999","-9999","-9999","-9999","-9999","-9999","-9999","-9999","-9999","-9999","-9999","-9999","-9999","-9999","-9999","-9999","-9999","-9999","-9999","-9999","-9999","39","-9999","-9999","-9999","-9999","-9999","-9999","-9999","-9999","-9999","-9999","-9999","-9999","-9999","-9999","-9999","-9999","-9999","-9999","-9999","-9999","-9999","-9999","-9999","-9999","-9999","-9999","-9999","-9999","-9999","-9999","-9999","-9999","-9999","-9999","-9999","-9999","-9999","-9999","-9999","-9999","-9999","<2","-9999","-9999","-9999","-9999","-9999","-9999","-9999","-9999","-9999","-9999","-9999","-9999","-9999","-9999","-9999","-9999","-9999","-9999","-9999","-9999","-9999","-9999","-9999","-9999","-9999","-9999","-9999","-9999","-9999","-9999","-9999","-9999","-9999","-9999","-9999","-9999","-9999","-9999","-9999","-9999","-9999","-9999","-9999","-9999","-9999","-9999","-9999","-9999","-9999","-9999","-9999","-9999","-9999","-9999","-9999","-9999","-9999","-9999","-9999","-9999","-9999","-9999","-9999","-9999","-9999","-9999","-9999","-9999","-9999","-9999","69","-9999","-9999","-9999","-9999","-9999","-9999","-9999","-9999","-9999","-9999","68","-9999","-9999","-9999","-9999","-9999","-9999","Purple Rock Inc.","Alberta Geological Survey"
"76752","MAR_20020002-00106-5713-ICP-0.5ppm-2001-11-21-Bondar-Clegg & Company Ltd.-N/A-N/A-","MAR_20020002","106","200134-001","5713","130.4","131.4","-9999","2001-11-21","2001-09-28","Bondar-Clegg & Company Ltd.","BOND-UNSP","Unspecified","0.5ppm","Submitted sample","ICP","-9999","-9999","-9999","-9999","-9999","<0.5","-9999","-9999","-9999","-9999","-9999","-9999","-9999","-9999","-9999","-9999","-9999","-9999","-9999","-9999","-9999","-9999","-9999","-9999","-9999","-9999","-9999","-9999","-9999","-9999","-9999","-9999","-9999","-9999","-9999","-9999","-9999","-9999","-9999","-9999","-9999","-9999","-9999","-9999","-9999","-9999","-9999","-9999","-9999","-9999","-9999","-9999","-9999","-9999","-9999","-9999","-9999","-9999","-9999","-9999","-9999","-9999","-9999","-9999","-9999","-9999","-9999","-9999","-9999","-9999","-9999","-9999","-9999","-9999","-9999","-9999","-9999","-9999","-9999","-9999","-9999","-9999","-9999","-9999","-9999","-9999","-9999","-9999","-9999","-9999","-9999","-9999","-9999","-9999","-9999","-9999","-9999","-9999","-9999","-9999","-9999","-9999","-9999","-9999","-9999","-9999","-9999","-9999","-9999","-9999","-9999","-9999","-9999","-9999","-9999","-9999","-9999","-9999","-9999","-9999","-9999","-9999","-9999","-9999","-9999","-9999","-9999","-9999","-9999","-9999","-9999","-9999","-9999","-9999","-9999","-9999","-9999","-9999","-9999","-9999","-9999","-9999","-9999","-9999","-9999","-9999","-9999","-9999","-9999","-9999","-9999","-9999","-9999","-9999","-9999","-9999","-9999","-9999","-9999","-9999","-9999","-9999","-9999","-9999","-9999","-9999","-9999","-9999","-9999","-9999","-9999","-9999","-9999","-9999","-9999","-9999","-9999","-9999","-9999","-9999","-9999","-9999","-9999","-9999","-9999","-9999","-9999","-9999","-9999","-9999","-9999","-9999","-9999","-9999","-9999","-9999","-9999","-9999","-9999","-9999","-9999","-9999","-9999","-9999","-9999","-9999","-9999","-9999","-9999","-9999","-9999","-9999","-9999","-9999","-9999","-9999","-9999","-9999","-9999","-9999","-9999","-9999","-9999","-9999","-9999","-9999","-9999","-9999","-9999","-9999","-9999","-9999","-9999","-9999","Purple Rock Inc.","Alberta Geological Survey"
"76753","MAR_20020002-00106-5713-ICP-5.0ppm-2001-11-21-Bondar-Clegg & Company Ltd.-N/A-N/A-","MAR_20020002","106","200134-001","5713","130.4","131.4","-9999","2001-11-21","2001-09-28","Bondar-Clegg & Company Ltd.","BOND-UNSP","Unspecified","5.0ppm","Submitted sample","ICP","-9999","-9999","-9999","-9999","-9999","-9999","-9999","-9999","-9999","-9999","-9999","-9999","<5","-9999","-9999","-9999","-9999","-9999","-9999","-9999","-9999","-9999","-9999",">2000","-9999","-9999","-9999","-9999","<5","-9999","-9999","-9999","-9999","-9999","-9999","-9999","-9999","-9999","-9999","-9999","-9999","-9999","-9999","-9999","-9999","-9999","-9999","-9999","-9999","-9999","-9999","-9999","-9999","-9999","-9999","-9999","-9999","-9999","-9999","-9999","-9999","-9999","-9999","-9999","-9999","-9999","-9999","-9999","-9999","-9999","-9999","-9999","-9999","-9999","-9999","-9999","-9999","-9999","-9999","-9999","-9999","-9999","-9999","-9999","-9999","-9999","-9999","-9999","-9999","-9999","-9999","-9999","-9999","-9999","-9999","-9999","-9999","-9999","-9999","-9999","-9999","22","-9999","-9999","-9999","-9999","-9999","-9999","-9999","-9999","-9999","-9999","-9999","-9999","-9999","-9999","-9999","753","-9999","-9999","-9999","-9999","-9999","-9999","-9999","-9999","-9999","-9999","-9999","9","-9999","-9999","-9999","-9999","-9999","-9999","-9999","-9999","-9999","-9999","-9999","-9999","-9999","-9999","-9999","-9999","-9999","-9999","-9999","-9999","-9999","-9999","-9999","-9999","-9999","-9999","-9999","-9999","-9999","-9999","-9999","-9999","-9999","-9999","-9999","-9999","-9999","-9999","-9999","-9999","-9999","-9999","-9999","-9999","<5","-9999","9","-9999","-9999","-9999","-9999","-9999","-9999","-9999","-9999","-9999","-9999","-9999","-9999","-9999","-9999","-9999","-9999","-9999","-9999","-9999","<5","-9999","-9999","-9999","-9999","-9999","-9999","-9999","-9999","-9999","-9999","-9999","-9999","-9999","-9999","-9999","-9999","-9999","-9999","-9999","-9999","-9999","-9999","-9999","-9999","16","-9999","-9999","-9999","-9999","-9999","-9999","-9999","-9999","-9999","78","-9999","-9999","Purple Rock Inc.","Alberta Geological Survey"
"76754","MAR_20020002-00106-5713-ICP-10.0ppm-2001-11-21-Bondar-Clegg & Company Ltd.-N/A-N/A-","MAR_20020002","106","200134-001","5713","130.4","131.4","-9999","2001-11-21","2001-09-28","Bondar-Clegg & Company Ltd.","BOND-UNSP","Unspecified","10.0ppm","Submitted sample","ICP","-9999","-9999","-9999","-9999","-9999","-9999","-9999","-9999","-9999","-9999","-9999","-9999","-9999","-9999","-9999","-9999","-9999","-9999","-9999","-9999","-9999","-9999","-9999","-9999","-9999","-9999","-9999","-9999","-9999","-9999","-9999","-9999","-9999","-9999","-9999","-9999","-9999","-9999","-9999","-9999","-9999","-9999","-9999","-9999","-9999","-9999","-9999","-9999","-9999","-9999","-9999","-9999","-9999","-9999","-9999","-9999","-9999","-9999","-9999","-9999","-9999","-9999","-9999","-9999","-9999","-9999","-9999","-9999","-9999","-9999","-9999","-9999","-9999","-9999","-9999","-9999","<10","-9999","-9999","-9999","-9999","-9999","-9999","-9999","-9999","-9999","-9999","-9999","-9999","-9999","-9999","-9999","-9999","-9999","-9999","-9999","-9999","-9999","-9999","-9999","-9999","-9999","-9999","-9999","-9999","-9999","-9999","-9999","-9999","-9999","-9999","-9999","-9999","-9999","-9999","-9999","-9999","-9999","-9999","-9999","-9999","-9999","-9999","-9999","-9999","-9999","-9999","-9999","-9999","-9999","-9999","-9999","-9999","-9999","-9999","-9999","-9999","-9999","-9999","-9999","-9999","-9999","-9999","-9999","-9999","-9999","-9999","-9999","-9999","-9999","-9999","-9999","-9999","-9999","-9999","-9999","-9999","-9999","-9999","-9999","-9999","-9999","-9999","-9999","-9999","-9999","-9999","-9999","-9999","-9999","-9999","-9999","-9999","-9999","-9999","-9999","-9999","-9999","-9999","-9999","-9999","-9999","-9999","-9999","-9999","-9999","-9999","-9999","-9999","-9999","-9999","-9999","-9999","-9999","-9999","-9999","-9999","-9999","-9999","-9999","-9999","-9999","-9999","-9999","-9999","-9999","-9999","-9999","-9999","-9999","-9999","-9999","-9999","-9999","-9999","-9999","-9999","-9999","-9999","-9999","-9999","-9999","-9999","-9999","-9999","-9999","-9999","-9999","-9999","-9999","-9999","-9999","-9999","-9999","Purple Rock Inc.","Alberta Geological Survey"
"76755","MAR_20020002-00106-5713-ICP-1.0ppm-2001-11-21-Bondar-Clegg & Company Ltd.-N/A-N/A-","MAR_20020002","106","200134-001","5713","130.4","131.4","-9999","2001-11-21","2001-09-28","Bondar-Clegg & Company Ltd.","BOND-UNSP","Unspecified","1.0ppm","Submitted sample","ICP","-9999","-9999","-9999","-9999","-9999","-9999","-9999","-9999","-9999","-9999","-9999","-9999","-9999","-9999","-9999","-9999","-9999","-9999","-9999","-9999","-9999","-9999","-9999","-9999","-9999","-9999","-9999","-9999","-9999","-9999","-9999","-9999","-9999","-9999","-9999","-9999","-9999","-9999","-9999","-9999","-9999","-9999","<1.0","-9999","-9999","-9999","-9999","-9999","-9999","16","-9999","-9999","-9999","-9999","-9999","-9999","-9999","18","-9999","-9999","-9999","-9999","-9999","-9999","-9999","-9999","-9999","-9999","-9999","-9999","-9999","-9999","-9999","-9999","-9999","-9999","-9999","-9999","-9999","-9999","-9999","-9999","-9999","-9999","-9999","-9999","-9999","-9999","-9999","-9999","-9999","-9999","-9999","-9999","-9999","-9999","-9999","-9999","-9999","-9999","-9999","-9999","-9999","-9999","-9999","-9999","-9999","-9999","-9999","-9999","-9999","-9999","-9999","-9999","-9999","-9999","-9999","-9999","-9999","-9999","-9999","<1","-9999","-9999","-9999","-9999","-9999","-9999","-9999","-9999","-9999","-9999","-9999","-9999","21","-9999","-9999","-9999","-9999","-9999","-9999","-9999","-9999","-9999","-9999","-9999","-9999","-9999","-9999","-9999","-9999","-9999","-9999","-9999","-9999","-9999","-9999","-9999","-9999","-9999","-9999","-9999","-9999","-9999","-9999","-9999","-9999","-9999","-9999","-9999","-9999","-9999","-9999","-9999","-9999","-9999","-9999","-9999","-9999","-9999","-9999","-9999","-9999","-9999","-9999","-9999","-9999","-9999","-9999","-9999","-9999","-9999","231","-9999","-9999","-9999","-9999","-9999","-9999","-9999","-9999","-9999","-9999","-9999","-9999","-9999","-9999","-9999","-9999","-9999","-9999","-9999","-9999","-9999","-9999","-9999","-9999","-9999","-9999","-9999","-9999","-9999","-9999","-9999","-9999","-9999","-9999","-9999","-9999","-9999","-9999","-9999","-9999","-9999","Purple Rock Inc.","Alberta Geological Survey"
"76784","MAR_20020002-00107-5714-ICP-2.0ppm-2001-11-21-Bondar-Clegg & Company Ltd.-N/A-N/A-","MAR_20020002","107","200134-001","5714","131.4","132.9","-9999","2001-11-21","2001-09-28","Bondar-Clegg & Company Ltd.","BOND-UNSP","Unspecified","2.0ppm","Submitted sample","ICP","-9999","-9999","-9999","-9999","-9999","-9999","-9999","-9999","-9999","-9999","-9999","-9999","-9999","-9999","-9999","-9999","-9999","-9999","-9999","-9999","-9999","-9999","-9999","-9999","-9999","-9999","-9999","-9999","-9999","-9999","-9999","-9999","-9999","-9999","-9999","-9999","-9999","-9999","-9999","-9999","-9999","-9999","-9999","-9999","-9999","-9999","-9999","-9999","-9999","-9999","-9999","-9999","-9999","56","-9999","-9999","-9999","-9999","-9999","-9999","-9999","-9999","-9999","-9999","-9999","-9999","-9999","-9999","-9999","-9999","-9999","-9999","-9999","-9999","-9999","-9999","-9999","-9999","-9999","-9999","-9999","-9999","-9999","-9999","-9999","-9999","-9999","-9999","-9999","-9999","-9999","-9999","-9999","-9999","-9999","-9999","-9999","-9999","-9999","-9999","-9999","-9999","-9999","32","-9999","-9999","-9999","-9999","-9999","-9999","-9999","-9999","-9999","-9999","-9999","-9999","-9999","-9999","-9999","-9999","-9999","-9999","-9999","-9999","-9999","-9999","-9999","-9999","-9999","-9999","-9999","-9999","-9999","-9999","-9999","-9999","-9999","-9999","-9999","-9999","-9999","-9999","-9999","-9999","-9999","<2","-9999","-9999","-9999","-9999","-9999","-9999","-9999","-9999","-9999","-9999","-9999","-9999","-9999","-9999","-9999","-9999","-9999","-9999","-9999","-9999","-9999","-9999","-9999","-9999","-9999","-9999","-9999","-9999","-9999","-9999","-9999","-9999","-9999","-9999","-9999","-9999","-9999","-9999","-9999","-9999","-9999","-9999","-9999","-9999","-9999","-9999","-9999","-9999","-9999","-9999","-9999","-9999","-9999","-9999","-9999","-9999","-9999","-9999","-9999","-9999","-9999","-9999","-9999","-9999","-9999","-9999","-9999","-9999","-9999","-9999","53","-9999","-9999","-9999","-9999","-9999","-9999","-9999","-9999","-9999","-9999","50","-9999","-9999","-9999","-9999","-9999","-9999","Purple Rock Inc.","Alberta Geological Survey"
"76785","MAR_20020002-00107-5714-ICP-1.0ppm-2001-11-21-Bondar-Clegg & Company Ltd.-N/A-N/A-","MAR_20020002","107","200134-001","5714","131.4","132.9","-9999","2001-11-21","2001-09-28","Bondar-Clegg & Company Ltd.","BOND-UNSP","Unspecified","1.0ppm","Submitted sample","ICP","-9999","-9999","-9999","-9999","-9999","-9999","-9999","-9999","-9999","-9999","-9999","-9999","-9999","-9999","-9999","-9999","-9999","-9999","-9999","-9999","-9999","-9999","-9999","-9999","-9999","-9999","-9999","-9999","-9999","-9999","-9999","-9999","-9999","-9999","-9999","-9999","-9999","-9999","-9999","-9999","-9999","-9999","<1.0","-9999","-9999","-9999","-9999","-9999","-9999","15","-9999","-9999","-9999","-9999","-9999","-9999","-9999","10","-9999","-9999","-9999","-9999","-9999","-9999","-9999","-9999","-9999","-9999","-9999","-9999","-9999","-9999","-9999","-9999","-9999","-9999","-9999","-9999","-9999","-9999","-9999","-9999","-9999","-9999","-9999","-9999","-9999","-9999","-9999","-9999","-9999","-9999","-9999","-9999","-9999","-9999","-9999","-9999","-9999","-9999","-9999","-9999","-9999","-9999","-9999","-9999","-9999","-9999","-9999","-9999","-9999","-9999","-9999","-9999","-9999","-9999","-9999","-9999","-9999","-9999","-9999","1","-9999","-9999","-9999","-9999","-9999","-9999","-9999","-9999","-9999","-9999","-9999","-9999","22","-9999","-9999","-9999","-9999","-9999","-9999","-9999","-9999","-9999","-9999","-9999","-9999","-9999","-9999","-9999","-9999","-9999","-9999","-9999","-9999","-9999","-9999","-9999","-9999","-9999","-9999","-9999","-9999","-9999","-9999","-9999","-9999","-9999","-9999","-9999","-9999","-9999","-9999","-9999","-9999","-9999","-9999","-9999","-9999","-9999","-9999","-9999","-9999","-9999","-9999","-9999","-9999","-9999","-9999","-9999","-9999","-9999","244","-9999","-9999","-9999","-9999","-9999","-9999","-9999","-9999","-9999","-9999","-9999","-9999","-9999","-9999","-9999","-9999","-9999","-9999","-9999","-9999","-9999","-9999","-9999","-9999","-9999","-9999","-9999","-9999","-9999","-9999","-9999","-9999","-9999","-9999","-9999","-9999","-9999","-9999","-9999","-9999","-9999","Purple Rock Inc.","Alberta Geological Survey"
"76786","MAR_20020002-00107-5714-ICP-10.0pct-2001-11-21-Bondar-Clegg & Company Ltd.-N/A-N/A-","MAR_20020002","107","200134-001","5714","131.4","132.9","-9999","2001-11-21","2001-09-28","Bondar-Clegg & Company Ltd.","BOND-UNSP","Unspecified","10.0pct","Submitted sample","ICP","-9999","-9999","-9999","-9999","-9999","-9999","-9999","-9999","-9999","-9999","-9999","-9999","-9999","-9999","-9999","-9999","-9999","-9999","-9999","-9999","-9999","-9999","-9999","-9999","-9999","-9999","-9999","-9999","-9999","-9999","-9999","-9999","-9999","16.3","-9999","-9999","-9999","-9999","-9999","-9999","-9999","-9999","-9999","-9999","-9999","-9999","-9999","-9999","-9999","-9999","-9999","-9999","-9999","-9999","-9999","-9999","-9999","-9999","-9999","-9999","-9999","-9999","-9999","-9999","-9999","-9999","-9999","-9999","-9999","-9999","-9999","-9999","-9999","-9999","-9999","-9999","-9999","-9999","-9999","-9999","-9999","-9999","-9999","-9999","-9999","-9999","-9999","-9999","-9999","-9999","-9999","-9999","-9999","-9999","-9999","-9999","-9999","-9999","-9999","-9999","-9999","-9999","-9999","-9999","-9999","-9999","-9999","-9999","-9999","-9999","-9999","-9999","-9999","-9999","-9999","-9999","-9999","-9999","-9999","-9999","-9999","-9999","-9999","-9999","-9999","-9999","-9999","-9999","-9999","-9999","-9999","-9999","-9999","-9999","-9999","-9999","-9999","-9999","-9999","-9999","-9999","-9999","-9999","-9999","-9999","-9999","-9999","-9999","-9999","-9999","-9999","-9999","-9999","-9999","-9999","-9999","-9999","-9999","-9999","-9999","-9999","-9999","-9999","-9999","-9999","-9999","-9999","-9999","-9999","-9999","-9999","-9999","-9999","-9999","-9999","-9999","-9999","-9999","-9999","-9999","-9999","-9999","-9999","-9999","-9999","-9999","-9999","-9999","-9999","-9999","-9999","-9999","-9999","-9999","-9999","-9999","-9999","-9999","-9999","-9999","-9999","-9999","-9999","-9999","-9999","-9999","-9999","-9999","-9999","-9999","-9999","-9999","-9999","-9999","-9999","-9999","-9999","-9999","-9999","-9999","-9999","-9999","-9999","-9999","-9999","-9999","-9999","-9999","-9999","-9999","-9999","-9999","-9999","-9999","Purple Rock Inc.","Alberta Geological Survey"
"76787","MAR_20020002-00107-5714-ICP-0.01pct-2001-11-21-Bondar-Clegg & Company Ltd.-N/A-N/A-","MAR_20020002","107","200134-001","5714","131.4","132.9","-9999","2001-11-21","2001-09-28","Bondar-Clegg & Company Ltd.","BOND-UNSP","Unspecified","0.01pct","Submitted sample","ICP","-9999","-9999","-9999","-9999","-9999","-9999","-9999","-9999","4.79","-9999","-9999","-9999","-9999","-9999","-9999","-9999","-9999","-9999","-9999","-9999","-9999","-9999","-9999","-9999","-9999","-9999","-9999","-9999","-9999","-9999","-9999","-9999","-9999","-9999",">10.00","-9999","-9999","-9999","-9999","-9999","-9999","-9999","-9999","-9999","-9999","-9999","-9999","-9999","-9999","-9999","-9999","-9999","-9999","-9999","-9999","-9999","-9999","-9999","-9999","-9999","-9999","-9999","-9999","-9999","-9999","-9999","-9999","-9999","-9999","-9999","-9999","-9999","2.78","-9999","-9999","-9999","-9999","-9999","-9999","-9999","-9999","-9999","-9999","-9999","-9999","-9999","-9999","-9999","-9999","-9999","-9999","-9999","-9999","1.88","-9999","-9999","-9999","-9999","-9999","-9999","-9999","-9999","-9999","-9999","-9999","-9999","-9999","-9999","-9999","1.72","-9999","-9999","-9999","-9999","-9999","-9999","-9999","-9999","-9999","-9999","-9999","-9999","-9999","-9999","0.1","-9999","-9999","-9999","-9999","-9999","-9999","-9999","-9999","-9999","-9999","-9999","-9999","-9999","-9999","-9999","-9999","-9999","-9999","-9999","-9999","-9999","-9999","-9999","-9999","-9999","-9999","-9999","-9999","-9999","-9999","-9999","-9999","-9999","-9999","-9999","-9999","-9999","-9999","-9999","-9999","-9999","-9999","-9999","-9999","-9999","-9999","-9999","-9999","-9999","-9999","-9999","-9999","-9999","-9999","-9999","-9999","-9999","-9999","-9999","-9999","-9999","-9999","-9999","-9999","-9999","-9999","-9999","-9999","-9999","-9999","-9999","-9999","-9999","-9999","-9999","-9999","-9999","-9999","-9999","0.26","-9999","-9999","-9999","-9999","-9999","-9999","-9999","-9999","-9999","-9999","-9999","-9999","-9999","-9999","-9999","-9999","-9999","-9999","-9999","-9999","-9999","-9999","-9999","-9999","-9999","-9999","-9999","-9999","-9999","Purple Rock Inc.","Alberta Geological Survey"
"76788","MAR_20020002-00107-5714-ICP-0.002pct-2001-11-21-Bondar-Clegg & Company Ltd.-N/A-N/A-","MAR_20020002","107","200134-001","5714","131.4","132.9","-9999","2001-11-21","2001-09-28","Bondar-Clegg & Company Ltd.","BOND-UNSP","Unspecified","0.002pct","Submitted sample","ICP","-9999","-9999","-9999","-9999","-9999","-9999","-9999","-9999","-9999","-9999","-9999","-9999","-9999","-9999","-9999","-9999","-9999","-9999","-9999","-9999","-9999","-9999","-9999","-9999","-9999","-9999","-9999","-9999","-9999","-9999","-9999","-9999","-9999","-9999","-9999","-9999","-9999","-9999","-9999","-9999","-9999","-9999","-9999","-9999","-9999","-9999","-9999","-9999","-9999","-9999","-9999","-9999","-9999","-9999","-9999","-9999","-9999","-9999","-9999","-9999","-9999","-9999","-9999","-9999","-9999","-9999","-9999","-9999","-9999","-9999","-9999","-9999","-9999","-9999","-9999","-9999","-9999","-9999","-9999","-9999","-9999","-9999","-9999","-9999","-9999","-9999","-9999","-9999","-9999","-9999","-9999","-9999","-9999","-9999","-9999","-9999","-9999","-9999","-9999","-9999","-9999","-9999","-9999","-9999","-9999","-9999","-9999","-9999","-9999","-9999","-9999","-9999","-9999","-9999","-9999","-9999","-9999","-9999","-9999","-9999","-9999","-9999","-9999","-9999","-9999","-9999","-9999","-9999","-9999","-9999","-9999","-9999","-9999","-9999","-9999","-9999","-9999","-9999","-9999","-9999","-9999","-9999","-9999","-9999","-9999","-9999","-9999","-9999","-9999","-9999","-9999","-9999","-9999","-9999","-9999","-9999","-9999","-9999","-9999","-9999","-9999","-9999","-9999","-9999","-9999","-9999","-9999","-9999","-9999","-9999","-9999","0.53","-9999","-9999","-9999","-9999","-9999","-9999","-9999","-9999","-9999","-9999","-9999","-9999","-9999","-9999","-9999","-9999","-9999","-9999","-9999","-9999","-9999","-9999","-9999","-9999","-9999","-9999","-9999","-9999","-9999","-9999","-9999","-9999","-9999","-9999","-9999","-9999","-9999","-9999","-9999","-9999","-9999","-9999","-9999","-9999","-9999","-9999","-9999","-9999","-9999","-9999","-9999","-9999","-9999","-9999","-9999","-9999","-9999","-9999","-9999","-9999","-9999","-9999","Purple Rock Inc.","Alberta Geological Survey"
"76789","MAR_20020002-00107-5714-ICP-10.0ppm-2001-11-21-Bondar-Clegg & Company Ltd.-N/A-N/A-","MAR_20020002","107","200134-001","5714","131.4","132.9","-9999","2001-11-21","2001-09-28","Bondar-Clegg & Company Ltd.","BOND-UNSP","Unspecified","10.0ppm","Submitted sample","ICP","-9999","-9999","-9999","-9999","-9999","-9999","-9999","-9999","-9999","-9999","-9999","-9999","-9999","-9999","-9999","-9999","-9999","-9999","-9999","-9999","-9999","-9999","-9999","-9999","-9999","-9999","-9999","-9999","-9999","-9999","-9999","-9999","-9999","-9999","-9999","-9999","-9999","-9999","-9999","-9999","-9999","-9999","-9999","-9999","-9999","-9999","-9999","-9999","-9999","-9999","-9999","-9999","-9999","-9999","-9999","-9999","-9999","-9999","-9999","-9999","-9999","-9999","-9999","-9999","-9999","-9999","-9999","-9999","-9999","-9999","-9999","-9999","-9999","-9999","-9999","-9999","<10","-9999","-9999","-9999","-9999","-9999","-9999","-9999","-9999","-9999","-9999","-9999","-9999","-9999","-9999","-9999","-9999","-9999","-9999","-9999","-9999","-9999","-9999","-9999","-9999","-9999","-9999","-9999","-9999","-9999","-9999","-9999","-9999","-9999","-9999","-9999","-9999","-9999","-9999","-9999","-9999","-9999","-9999","-9999","-9999","-9999","-9999","-9999","-9999","-9999","-9999","-9999","-9999","-9999","-9999","-9999","-9999","-9999","-9999","-9999","-9999","-9999","-9999","-9999","-9999","-9999","-9999","-9999","-9999","-9999","-9999","-9999","-9999","-9999","-9999","-9999","-9999","-9999","-9999","-9999","-9999","-9999","-9999","-9999","-9999","-9999","-9999","-9999","-9999","-9999","-9999","-9999","-9999","-9999","-9999","-9999","-9999","-9999","-9999","-9999","-9999","-9999","-9999","-9999","-9999","-9999","-9999","-9999","-9999","-9999","-9999","-9999","-9999","-9999","-9999","-9999","-9999","-9999","-9999","-9999","-9999","-9999","-9999","-9999","-9999","-9999","-9999","-9999","-9999","-9999","-9999","-9999","-9999","-9999","-9999","-9999","-9999","-9999","-9999","-9999","-9999","-9999","-9999","-9999","-9999","-9999","-9999","-9999","-9999","-9999","-9999","-9999","-9999","-9999","-9999","-9999","-9999","-9999","Purple Rock Inc.","Alberta Geological Survey"
"76790","MAR_20020002-00107-5714-ICP-20.0ppm-2001-11-21-Bondar-Clegg & Company Ltd.-N/A-N/A-","MAR_20020002","107","200134-001","5714","131.4","132.9","-9999","2001-11-21","2001-09-28","Bondar-Clegg & Company Ltd.","BOND-UNSP","Unspecified","20.0ppm","Submitted sample","ICP","-9999","-9999","-9999","-9999","-9999","-9999","-9999","-9999","-9999","-9999","-9999","-9999","-9999","-9999","-9999","-9999","-9999","-9999","-9999","-9999","-9999","-9999","-9999","-9999","-9999","-9999","-9999","-9999","-9999","-9999","-9999","-9999","-9999","-9999","-9999","-9999","-9999","-9999","-9999","-9999","-9999","-9999","-9999","-9999","-9999","-9999","-9999","-9999","-9999","-9999","-9999","-9999","-9999","-9999","-9999","-9999","-9999","-9999","-9999","-9999","-9999","-9999","-9999","-9999","-9999","-9999","-9999","-9999","-9999","-9999","-9999","-9999","-9999","-9999","-9999","-9999","-9999","-9999","-9999","-9999","-9999","-9999","-9999","-9999","-9999","-9999","-9999","-9999","-9999","-9999","-9999","-9999","-9999","-9999","-9999","-9999","-9999","-9999","-9999","-9999","-9999","-9999","-9999","-9999","-9999","-9999","-9999","-9999","-9999","-9999","-9999","-9999","-9999","-9999","-9999","-9999","-9999","-9999","-9999","-9999","-9999","-9999","-9999","-9999","-9999","-9999","-9999","-9999","-9999","-9999","-9999","-9999","-9999","-9999","-9999","-9999","-9999","-9999","-9999","-9999","-9999","-9999","-9999","-9999","-9999","-9999","-9999","-9999","-9999","-9999","-9999","-9999","-9999","-9999","-9999","-9999","-9999","-9999","-9999","-9999","-9999","-9999","-9999","-9999","-9999","-9999","-9999","-9999","-9999","-9999","-9999","-9999","-9999","-9999","-9999","-9999","-9999","-9999","-9999","-9999","-9999","-9999","-9999","-9999","-9999","-9999","-9999","<20","-9999","-9999","-9999","-9999","-9999","-9999","-9999","-9999","-9999","-9999","-9999","-9999","-9999","-9999","-9999","-9999","-9999","-9999","-9999","-9999","-9999","-9999","-9999","-9999","-9999","-9999","-9999","-9999","-9999","-9999","-9999","<20","-9999","-9999","-9999","-9999","-9999","-9999","-9999","-9999","-9999","-9999","-9999","-9999","-9999","-9999","Purple Rock Inc.","Alberta Geological Survey"
"76791","MAR_20020002-00107-5714-ICP-5.0ppm-2001-11-21-Bondar-Clegg & Company Ltd.-N/A-N/A-","MAR_20020002","107","200134-001","5714","131.4","132.9","-9999","2001-11-21","2001-09-28","Bondar-Clegg & Company Ltd.","BOND-UNSP","Unspecified","5.0ppm","Submitted sample","ICP","-9999","-9999","-9999","-9999","-9999","-9999","-9999","-9999","-9999","-9999","-9999","-9999","5","-9999","-9999","-9999","-9999","-9999","-9999","-9999","-9999","-9999","-9999","521","-9999","-9999","-9999","-9999","<5","-9999","-9999","-9999","-9999","-9999","-9999","-9999","-9999","-9999","-9999","-9999","-9999","-9999","-9999","-9999","-9999","-9999","-9999","-9999","-9999","-9999","-9999","-9999","-9999","-9999","-9999","-9999","-9999","-9999","-9999","-9999","-9999","-9999","-9999","-9999","-9999","-9999","-9999","-9999","-9999","-9999","-9999","-9999","-9999","-9999","-9999","-9999","-9999","-9999","-9999","-9999","-9999","-9999","-9999","-9999","-9999","-9999","-9999","-9999","-9999","-9999","-9999","-9999","-9999","-9999","-9999","-9999","-9999","-9999","-9999","-9999","-9999","19","-9999","-9999","-9999","-9999","-9999","-9999","-9999","-9999","-9999","-9999","-9999","-9999","-9999","-9999","-9999","828","-9999","-9999","-9999","-9999","-9999","-9999","-9999","-9999","-9999","-9999","-9999","7","-9999","-9999","-9999","-9999","-9999","-9999","-9999","-9999","-9999","-9999","-9999","-9999","-9999","-9999","-9999","-9999","-9999","-9999","-9999","-9999","-9999","-9999","-9999","-9999","-9999","-9999","-9999","-9999","-9999","-9999","-9999","-9999","-9999","-9999","-9999","-9999","-9999","-9999","-9999","-9999","-9999","-9999","-9999","-9999","<5","-9999","7","-9999","-9999","-9999","-9999","-9999","-9999","-9999","-9999","-9999","-9999","-9999","-9999","-9999","-9999","-9999","-9999","-9999","-9999","-9999","<5","-9999","-9999","-9999","-9999","-9999","-9999","-9999","-9999","-9999","-9999","-9999","-9999","-9999","-9999","-9999","-9999","-9999","-9999","-9999","-9999","-9999","-9999","-9999","-9999","14","-9999","-9999","-9999","-9999","-9999","-9999","-9999","-9999","-9999","67","-9999","-9999","Purple Rock Inc.","Alberta Geological Survey"
"76792","MAR_20020002-00107-5714-ICP-0.5ppm-2001-11-21-Bondar-Clegg & Company Ltd.-N/A-N/A-","MAR_20020002","107","200134-001","5714","131.4","132.9","-9999","2001-11-21","2001-09-28","Bondar-Clegg & Company Ltd.","BOND-UNSP","Unspecified","0.5ppm","Submitted sample","ICP","-9999","-9999","-9999","-9999","-9999","<0.5","-9999","-9999","-9999","-9999","-9999","-9999","-9999","-9999","-9999","-9999","-9999","-9999","-9999","-9999","-9999","-9999","-9999","-9999","-9999","-9999","-9999","-9999","-9999","-9999","-9999","-9999","-9999","-9999","-9999","-9999","-9999","-9999","-9999","-9999","-9999","-9999","-9999","-9999","-9999","-9999","-9999","-9999","-9999","-9999","-9999","-9999","-9999","-9999","-9999","-9999","-9999","-9999","-9999","-9999","-9999","-9999","-9999","-9999","-9999","-9999","-9999","-9999","-9999","-9999","-9999","-9999","-9999","-9999","-9999","-9999","-9999","-9999","-9999","-9999","-9999","-9999","-9999","-9999","-9999","-9999","-9999","-9999","-9999","-9999","-9999","-9999","-9999","-9999","-9999","-9999","-9999","-9999","-9999","-9999","-9999","-9999","-9999","-9999","-9999","-9999","-9999","-9999","-9999","-9999","-9999","-9999","-9999","-9999","-9999","-9999","-9999","-9999","-9999","-9999","-9999","-9999","-9999","-9999","-9999","-9999","-9999","-9999","-9999","-9999","-9999","-9999","-9999","-9999","-9999","-9999","-9999","-9999","-9999","-9999","-9999","-9999","-9999","-9999","-9999","-9999","-9999","-9999","-9999","-9999","-9999","-9999","-9999","-9999","-9999","-9999","-9999","-9999","-9999","-9999","-9999","-9999","-9999","-9999","-9999","-9999","-9999","-9999","-9999","-9999","-9999","-9999","-9999","-9999","-9999","-9999","-9999","-9999","-9999","-9999","-9999","-9999","-9999","-9999","-9999","-9999","-9999","-9999","-9999","-9999","-9999","-9999","-9999","-9999","-9999","-9999","-9999","-9999","-9999","-9999","-9999","-9999","-9999","-9999","-9999","-9999","-9999","-9999","-9999","-9999","-9999","-9999","-9999","-9999","-9999","-9999","-9999","-9999","-9999","-9999","-9999","-9999","-9999","-9999","-9999","-9999","-9999","-9999","-9999","-9999","-9999","-9999","-9999","-9999","Purple Rock Inc.","Alberta Geological Survey"
"76793","MAR_20020002-00107-5714-ICP-25.0ppm-2001-11-21-Bondar-Clegg & Company Ltd.-N/A-N/A-","MAR_20020002","107","200134-001","5714","131.4","132.9","-9999","2001-11-21","2001-09-28","Bondar-Clegg & Company Ltd.","BOND-UNSP","Unspecified","25.0ppm","Submitted sample","ICP","-9999","-9999","-9999","-9999","-9999","-9999","-9999","-9999","-9999","-9999","-9999","-9999","-9999","-9999","-9999","-9999","-9999","-9999","-9999","-9999","-9999","-9999","-9999","-9999","-9999","-9999","-9999","-9999","-9999","-9999","-9999","-9999","-9999","-9999","-9999","-9999","-9999","-9999","-9999","-9999","-9999","-9999","-9999","-9999","-9999","-9999","-9999","-9999","-9999","-9999","-9999","-9999","-9999","-9999","-9999","-9999","-9999","-9999","-9999","-9999","-9999","-9999","-9999","-9999","-9999","-9999","-9999","-9999","-9999","-9999","-9999","-9999","-9999","-9999","-9999","-9999","-9999","-9999","-9999","-9999","-9999","-9999","-9999","-9999","-9999","-9999","-9999","-9999","-9999","-9999","-9999","-9999","-9999","-9999","-9999","-9999","-9999","-9999","-9999","-9999","-9999","-9999","-9999","-9999","-9999","-9999","-9999","-9999","-9999","-9999","-9999","-9999","-9999","-9999","-9999","-9999","-9999","-9999","-9999","-9999","-9999","-9999","-9999","-9999","-9999","-9999","-9999","-9999","-9999","-9999","-9999","-9999","-9999","-9999","-9999","-9999","-9999","-9999","-9999","-9999","-9999","-9999","-9999","-9999","-9999","-9999","-9999","-9999","-9999","-9999","-9999","-9999","-9999","-9999","-9999","-9999","-9999","-9999","-9999","-9999","-9999","-9999","-9999","-9999","-9999","-9999","-9999","-9999","-9999","-9999","-9999","-9999","-9999","-9999","-9999","-9999","-9999","-9999","-9999","-9999","-9999","-9999","-9999","-9999","-9999","-9999","-9999","-9999","-9999","-9999","-9999","-9999","-9999","-9999","-9999","-9999","-9999","-9999","-9999","-9999","-9999","<25","-9999","-9999","-9999","-9999","-9999","-9999","-9999","-9999","-9999","-9999","-9999","-9999","-9999","-9999","-9999","-9999","-9999","-9999","-9999","-9999","-9999","-9999","-9999","-9999","-9999","-9999","-9999","-9999","-9999","-9999","-9999","-9999","Purple Rock Inc.","Alberta Geological Survey"
